"gene_symbol","go_id","go_description","p_adjusted"
"Pten","GO:0050678","regulation of epithelial cell proliferation",8.15497570939656e-12
"Cdh13","GO:0050678","regulation of epithelial cell proliferation",8.15497570939656e-12
"Foxp2","GO:0050678","regulation of epithelial cell proliferation",8.15497570939656e-12
"Myc","GO:0050678","regulation of epithelial cell proliferation",8.15497570939656e-12
"Cav2","GO:0050678","regulation of epithelial cell proliferation",8.15497570939656e-12
"Stat5a","GO:0050678","regulation of epithelial cell proliferation",8.15497570939656e-12
"Drd2","GO:0050678","regulation of epithelial cell proliferation",8.15497570939656e-12
"Cav1","GO:0050678","regulation of epithelial cell proliferation",8.15497570939656e-12
"Apoe","GO:0050678","regulation of epithelial cell proliferation",8.15497570939656e-12
"Cdkn2a","GO:0050678","regulation of epithelial cell proliferation",8.15497570939656e-12
"Nf1","GO:0050678","regulation of epithelial cell proliferation",8.15497570939656e-12
"Jun","GO:0050678","regulation of epithelial cell proliferation",8.15497570939656e-12
"Wnt2","GO:0050678","regulation of epithelial cell proliferation",8.15497570939656e-12
"Tnf","GO:0050678","regulation of epithelial cell proliferation",8.15497570939656e-12
"Mtss1","GO:0050678","regulation of epithelial cell proliferation",8.15497570939656e-12
"Stat3","GO:0050678","regulation of epithelial cell proliferation",8.15497570939656e-12
"Cdkn2b","GO:0050678","regulation of epithelial cell proliferation",8.15497570939656e-12
"Pten","GO:0033002","muscle cell proliferation",8.15497570939656e-12
"Cdh13","GO:0033002","muscle cell proliferation",8.15497570939656e-12
"Myc","GO:0033002","muscle cell proliferation",8.15497570939656e-12
"Cav2","GO:0033002","muscle cell proliferation",8.15497570939656e-12
"Cav1","GO:0033002","muscle cell proliferation",8.15497570939656e-12
"Apoe","GO:0033002","muscle cell proliferation",8.15497570939656e-12
"Nf1","GO:0033002","muscle cell proliferation",8.15497570939656e-12
"Jun","GO:0033002","muscle cell proliferation",8.15497570939656e-12
"Wnt2","GO:0033002","muscle cell proliferation",8.15497570939656e-12
"Tnf","GO:0033002","muscle cell proliferation",8.15497570939656e-12
"Ncam1","GO:0033002","muscle cell proliferation",8.15497570939656e-12
"Stat3","GO:0033002","muscle cell proliferation",8.15497570939656e-12
"Ppargc1a","GO:0033002","muscle cell proliferation",8.15497570939656e-12
"Stat5b","GO:0033002","muscle cell proliferation",8.15497570939656e-12
"Trib1","GO:0033002","muscle cell proliferation",8.15497570939656e-12
"Cdh13","GO:0001935","endothelial cell proliferation",3.80515940499219e-09
"Cav2","GO:0001935","endothelial cell proliferation",3.80515940499219e-09
"Stat5a","GO:0001935","endothelial cell proliferation",3.80515940499219e-09
"Cav1","GO:0001935","endothelial cell proliferation",3.80515940499219e-09
"Apoe","GO:0001935","endothelial cell proliferation",3.80515940499219e-09
"Apoa1","GO:0001935","endothelial cell proliferation",3.80515940499219e-09
"Nf1","GO:0001935","endothelial cell proliferation",3.80515940499219e-09
"Jun","GO:0001935","endothelial cell proliferation",3.80515940499219e-09
"Wnt2","GO:0001935","endothelial cell proliferation",3.80515940499219e-09
"Tnf","GO:0001935","endothelial cell proliferation",3.80515940499219e-09
"Stat3","GO:0001935","endothelial cell proliferation",3.80515940499219e-09
"Pten","GO:0001666","response to hypoxia",1.16143020683251e-08
"Daxx","GO:0001666","response to hypoxia",1.16143020683251e-08
"Myc","GO:0001666","response to hypoxia",1.16143020683251e-08
"Sod3","GO:0001666","response to hypoxia",1.16143020683251e-08
"Lta","GO:0001666","response to hypoxia",1.16143020683251e-08
"Drd2","GO:0001666","response to hypoxia",1.16143020683251e-08
"Cav1","GO:0001666","response to hypoxia",1.16143020683251e-08
"Slc2a1","GO:0001666","response to hypoxia",1.16143020683251e-08
"Nf1","GO:0001666","response to hypoxia",1.16143020683251e-08
"Jun","GO:0001666","response to hypoxia",1.16143020683251e-08
"Nos2","GO:0001666","response to hypoxia",1.16143020683251e-08
"Stat3","GO:0001666","response to hypoxia",1.16143020683251e-08
"Ndrg1","GO:0001666","response to hypoxia",1.16143020683251e-08
"Pten","GO:0048660","regulation of smooth muscle cell proliferation",1.16143020683251e-08
"Cdh13","GO:0048660","regulation of smooth muscle cell proliferation",1.16143020683251e-08
"Myc","GO:0048660","regulation of smooth muscle cell proliferation",1.16143020683251e-08
"Cav1","GO:0048660","regulation of smooth muscle cell proliferation",1.16143020683251e-08
"Apoe","GO:0048660","regulation of smooth muscle cell proliferation",1.16143020683251e-08
"Nf1","GO:0048660","regulation of smooth muscle cell proliferation",1.16143020683251e-08
"Jun","GO:0048660","regulation of smooth muscle cell proliferation",1.16143020683251e-08
"Tnf","GO:0048660","regulation of smooth muscle cell proliferation",1.16143020683251e-08
"Ppargc1a","GO:0048660","regulation of smooth muscle cell proliferation",1.16143020683251e-08
"Stat5b","GO:0048660","regulation of smooth muscle cell proliferation",1.16143020683251e-08
"Trib1","GO:0048660","regulation of smooth muscle cell proliferation",1.16143020683251e-08
"Cdh13","GO:0001936","regulation of endothelial cell proliferation",1.22447657268445e-08
"Cav2","GO:0001936","regulation of endothelial cell proliferation",1.22447657268445e-08
"Stat5a","GO:0001936","regulation of endothelial cell proliferation",1.22447657268445e-08
"Cav1","GO:0001936","regulation of endothelial cell proliferation",1.22447657268445e-08
"Apoe","GO:0001936","regulation of endothelial cell proliferation",1.22447657268445e-08
"Nf1","GO:0001936","regulation of endothelial cell proliferation",1.22447657268445e-08
"Jun","GO:0001936","regulation of endothelial cell proliferation",1.22447657268445e-08
"Wnt2","GO:0001936","regulation of endothelial cell proliferation",1.22447657268445e-08
"Tnf","GO:0001936","regulation of endothelial cell proliferation",1.22447657268445e-08
"Stat3","GO:0001936","regulation of endothelial cell proliferation",1.22447657268445e-08
"Pten","GO:0048659","smooth muscle cell proliferation",1.26359744212862e-08
"Cdh13","GO:0048659","smooth muscle cell proliferation",1.26359744212862e-08
"Myc","GO:0048659","smooth muscle cell proliferation",1.26359744212862e-08
"Cav1","GO:0048659","smooth muscle cell proliferation",1.26359744212862e-08
"Apoe","GO:0048659","smooth muscle cell proliferation",1.26359744212862e-08
"Nf1","GO:0048659","smooth muscle cell proliferation",1.26359744212862e-08
"Jun","GO:0048659","smooth muscle cell proliferation",1.26359744212862e-08
"Tnf","GO:0048659","smooth muscle cell proliferation",1.26359744212862e-08
"Ppargc1a","GO:0048659","smooth muscle cell proliferation",1.26359744212862e-08
"Stat5b","GO:0048659","smooth muscle cell proliferation",1.26359744212862e-08
"Trib1","GO:0048659","smooth muscle cell proliferation",1.26359744212862e-08
"Pten","GO:2001233","regulation of apoptotic signaling pathway",1.42275427374005e-08
"Daxx","GO:2001233","regulation of apoptotic signaling pathway",1.42275427374005e-08
"Myc","GO:2001233","regulation of apoptotic signaling pathway",1.42275427374005e-08
"Wfs1","GO:2001233","regulation of apoptotic signaling pathway",1.42275427374005e-08
"Lta","GO:2001233","regulation of apoptotic signaling pathway",1.42275427374005e-08
"Hspa1a","GO:2001233","regulation of apoptotic signaling pathway",1.42275427374005e-08
"Cav1","GO:2001233","regulation of apoptotic signaling pathway",1.42275427374005e-08
"Wwox","GO:2001233","regulation of apoptotic signaling pathway",1.42275427374005e-08
"Nf1","GO:2001233","regulation of apoptotic signaling pathway",1.42275427374005e-08
"Jun","GO:2001233","regulation of apoptotic signaling pathway",1.42275427374005e-08
"Tnf","GO:2001233","regulation of apoptotic signaling pathway",1.42275427374005e-08
"Bcl2l2","GO:2001233","regulation of apoptotic signaling pathway",1.42275427374005e-08
"Hspa1b","GO:2001233","regulation of apoptotic signaling pathway",1.42275427374005e-08
"Ltb","GO:2001233","regulation of apoptotic signaling pathway",1.42275427374005e-08
"Got1","GO:0071560","cellular response to transforming growth factor beta stimulus",1.50388525183253e-08
"Cav2","GO:0071560","cellular response to transforming growth factor beta stimulus",1.50388525183253e-08
"Hspa1a","GO:0071560","cellular response to transforming growth factor beta stimulus",1.50388525183253e-08
"Cav1","GO:0071560","cellular response to transforming growth factor beta stimulus",1.50388525183253e-08
"Wwox","GO:0071560","cellular response to transforming growth factor beta stimulus",1.50388525183253e-08
"Jun","GO:0071560","cellular response to transforming growth factor beta stimulus",1.50388525183253e-08
"Wnt2","GO:0071560","cellular response to transforming growth factor beta stimulus",1.50388525183253e-08
"Stat3","GO:0071560","cellular response to transforming growth factor beta stimulus",1.50388525183253e-08
"Ppargc1a","GO:0071560","cellular response to transforming growth factor beta stimulus",1.50388525183253e-08
"Cdkn2b","GO:0071560","cellular response to transforming growth factor beta stimulus",1.50388525183253e-08
"Runx1","GO:0071560","cellular response to transforming growth factor beta stimulus",1.50388525183253e-08
"Onecut2","GO:0071560","cellular response to transforming growth factor beta stimulus",1.50388525183253e-08
"Pten","GO:0036293","response to decreased oxygen levels",1.76101146438812e-08
"Daxx","GO:0036293","response to decreased oxygen levels",1.76101146438812e-08
"Myc","GO:0036293","response to decreased oxygen levels",1.76101146438812e-08
"Sod3","GO:0036293","response to decreased oxygen levels",1.76101146438812e-08
"Lta","GO:0036293","response to decreased oxygen levels",1.76101146438812e-08
"Drd2","GO:0036293","response to decreased oxygen levels",1.76101146438812e-08
"Cav1","GO:0036293","response to decreased oxygen levels",1.76101146438812e-08
"Slc2a1","GO:0036293","response to decreased oxygen levels",1.76101146438812e-08
"Nf1","GO:0036293","response to decreased oxygen levels",1.76101146438812e-08
"Jun","GO:0036293","response to decreased oxygen levels",1.76101146438812e-08
"Nos2","GO:0036293","response to decreased oxygen levels",1.76101146438812e-08
"Stat3","GO:0036293","response to decreased oxygen levels",1.76101146438812e-08
"Ndrg1","GO:0036293","response to decreased oxygen levels",1.76101146438812e-08
"Got1","GO:0071559","response to transforming growth factor beta",1.76101146438812e-08
"Cav2","GO:0071559","response to transforming growth factor beta",1.76101146438812e-08
"Hspa1a","GO:0071559","response to transforming growth factor beta",1.76101146438812e-08
"Cav1","GO:0071559","response to transforming growth factor beta",1.76101146438812e-08
"Wwox","GO:0071559","response to transforming growth factor beta",1.76101146438812e-08
"Jun","GO:0071559","response to transforming growth factor beta",1.76101146438812e-08
"Wnt2","GO:0071559","response to transforming growth factor beta",1.76101146438812e-08
"Stat3","GO:0071559","response to transforming growth factor beta",1.76101146438812e-08
"Ppargc1a","GO:0071559","response to transforming growth factor beta",1.76101146438812e-08
"Cdkn2b","GO:0071559","response to transforming growth factor beta",1.76101146438812e-08
"Runx1","GO:0071559","response to transforming growth factor beta",1.76101146438812e-08
"Onecut2","GO:0071559","response to transforming growth factor beta",1.76101146438812e-08
"Pten","GO:0050680","negative regulation of epithelial cell proliferation",2.12650783434787e-08
"Cav2","GO:0050680","negative regulation of epithelial cell proliferation",2.12650783434787e-08
"Drd2","GO:0050680","negative regulation of epithelial cell proliferation",2.12650783434787e-08
"Cav1","GO:0050680","negative regulation of epithelial cell proliferation",2.12650783434787e-08
"Apoe","GO:0050680","negative regulation of epithelial cell proliferation",2.12650783434787e-08
"Cdkn2a","GO:0050680","negative regulation of epithelial cell proliferation",2.12650783434787e-08
"Nf1","GO:0050680","negative regulation of epithelial cell proliferation",2.12650783434787e-08
"Tnf","GO:0050680","negative regulation of epithelial cell proliferation",2.12650783434787e-08
"Mtss1","GO:0050680","negative regulation of epithelial cell proliferation",2.12650783434787e-08
"Cdkn2b","GO:0050680","negative regulation of epithelial cell proliferation",2.12650783434787e-08
"Myc","GO:0045637","regulation of myeloid cell differentiation",2.18456384155205e-08
"Stat5a","GO:0045637","regulation of myeloid cell differentiation",2.18456384155205e-08
"Hspa1a","GO:0045637","regulation of myeloid cell differentiation",2.18456384155205e-08
"Nf1","GO:0045637","regulation of myeloid cell differentiation",2.18456384155205e-08
"Jun","GO:0045637","regulation of myeloid cell differentiation",2.18456384155205e-08
"Tnf","GO:0045637","regulation of myeloid cell differentiation",2.18456384155205e-08
"Stat3","GO:0045637","regulation of myeloid cell differentiation",2.18456384155205e-08
"Hspa1b","GO:0045637","regulation of myeloid cell differentiation",2.18456384155205e-08
"Stat5b","GO:0045637","regulation of myeloid cell differentiation",2.18456384155205e-08
"Runx1","GO:0045637","regulation of myeloid cell differentiation",2.18456384155205e-08
"Trib1","GO:0045637","regulation of myeloid cell differentiation",2.18456384155205e-08
"Stat5a","GO:0045639","positive regulation of myeloid cell differentiation",2.51632099715671e-08
"Hspa1a","GO:0045639","positive regulation of myeloid cell differentiation",2.51632099715671e-08
"Jun","GO:0045639","positive regulation of myeloid cell differentiation",2.51632099715671e-08
"Tnf","GO:0045639","positive regulation of myeloid cell differentiation",2.51632099715671e-08
"Stat3","GO:0045639","positive regulation of myeloid cell differentiation",2.51632099715671e-08
"Hspa1b","GO:0045639","positive regulation of myeloid cell differentiation",2.51632099715671e-08
"Stat5b","GO:0045639","positive regulation of myeloid cell differentiation",2.51632099715671e-08
"Runx1","GO:0045639","positive regulation of myeloid cell differentiation",2.51632099715671e-08
"Trib1","GO:0045639","positive regulation of myeloid cell differentiation",2.51632099715671e-08
"Pten","GO:2001235","positive regulation of apoptotic signaling pathway",2.51632099715671e-08
"Daxx","GO:2001235","positive regulation of apoptotic signaling pathway",2.51632099715671e-08
"Myc","GO:2001235","positive regulation of apoptotic signaling pathway",2.51632099715671e-08
"Lta","GO:2001235","positive regulation of apoptotic signaling pathway",2.51632099715671e-08
"Cav1","GO:2001235","positive regulation of apoptotic signaling pathway",2.51632099715671e-08
"Wwox","GO:2001235","positive regulation of apoptotic signaling pathway",2.51632099715671e-08
"Nf1","GO:2001235","positive regulation of apoptotic signaling pathway",2.51632099715671e-08
"Jun","GO:2001235","positive regulation of apoptotic signaling pathway",2.51632099715671e-08
"Tnf","GO:2001235","positive regulation of apoptotic signaling pathway",2.51632099715671e-08
"Ltb","GO:2001235","positive regulation of apoptotic signaling pathway",2.51632099715671e-08
"Cdh13","GO:0050679","positive regulation of epithelial cell proliferation",2.51632099715671e-08
"Foxp2","GO:0050679","positive regulation of epithelial cell proliferation",2.51632099715671e-08
"Myc","GO:0050679","positive regulation of epithelial cell proliferation",2.51632099715671e-08
"Cav2","GO:0050679","positive regulation of epithelial cell proliferation",2.51632099715671e-08
"Stat5a","GO:0050679","positive regulation of epithelial cell proliferation",2.51632099715671e-08
"Cav1","GO:0050679","positive regulation of epithelial cell proliferation",2.51632099715671e-08
"Nf1","GO:0050679","positive regulation of epithelial cell proliferation",2.51632099715671e-08
"Jun","GO:0050679","positive regulation of epithelial cell proliferation",2.51632099715671e-08
"Wnt2","GO:0050679","positive regulation of epithelial cell proliferation",2.51632099715671e-08
"Tnf","GO:0050679","positive regulation of epithelial cell proliferation",2.51632099715671e-08
"Stat3","GO:0050679","positive regulation of epithelial cell proliferation",2.51632099715671e-08
"Cdh13","GO:0009410","response to xenobiotic stimulus",2.51632099715671e-08
"Pon3","GO:0009410","response to xenobiotic stimulus",2.51632099715671e-08
"Myc","GO:0009410","response to xenobiotic stimulus",2.51632099715671e-08
"Cftr","GO:0009410","response to xenobiotic stimulus",2.51632099715671e-08
"Slc1a3","GO:0009410","response to xenobiotic stimulus",2.51632099715671e-08
"Lta","GO:0009410","response to xenobiotic stimulus",2.51632099715671e-08
"Drd2","GO:0009410","response to xenobiotic stimulus",2.51632099715671e-08
"Cdkn2a","GO:0009410","response to xenobiotic stimulus",2.51632099715671e-08
"Jun","GO:0009410","response to xenobiotic stimulus",2.51632099715671e-08
"Nqo1","GO:0009410","response to xenobiotic stimulus",2.51632099715671e-08
"Sufu","GO:0009410","response to xenobiotic stimulus",2.51632099715671e-08
"Ncam1","GO:0009410","response to xenobiotic stimulus",2.51632099715671e-08
"Nos2","GO:0009410","response to xenobiotic stimulus",2.51632099715671e-08
"Cbr1","GO:0009410","response to xenobiotic stimulus",2.51632099715671e-08
"Pten","GO:0070482","response to oxygen levels",7.37374244926808e-08
"Daxx","GO:0070482","response to oxygen levels",7.37374244926808e-08
"Myc","GO:0070482","response to oxygen levels",7.37374244926808e-08
"Sod3","GO:0070482","response to oxygen levels",7.37374244926808e-08
"Lta","GO:0070482","response to oxygen levels",7.37374244926808e-08
"Drd2","GO:0070482","response to oxygen levels",7.37374244926808e-08
"Cav1","GO:0070482","response to oxygen levels",7.37374244926808e-08
"Slc2a1","GO:0070482","response to oxygen levels",7.37374244926808e-08
"Nf1","GO:0070482","response to oxygen levels",7.37374244926808e-08
"Jun","GO:0070482","response to oxygen levels",7.37374244926808e-08
"Nos2","GO:0070482","response to oxygen levels",7.37374244926808e-08
"Stat3","GO:0070482","response to oxygen levels",7.37374244926808e-08
"Ndrg1","GO:0070482","response to oxygen levels",7.37374244926808e-08
"Cdh13","GO:0001938","positive regulation of endothelial cell proliferation",1.71023441004844e-07
"Cav2","GO:0001938","positive regulation of endothelial cell proliferation",1.71023441004844e-07
"Stat5a","GO:0001938","positive regulation of endothelial cell proliferation",1.71023441004844e-07
"Cav1","GO:0001938","positive regulation of endothelial cell proliferation",1.71023441004844e-07
"Nf1","GO:0001938","positive regulation of endothelial cell proliferation",1.71023441004844e-07
"Jun","GO:0001938","positive regulation of endothelial cell proliferation",1.71023441004844e-07
"Wnt2","GO:0001938","positive regulation of endothelial cell proliferation",1.71023441004844e-07
"Stat3","GO:0001938","positive regulation of endothelial cell proliferation",1.71023441004844e-07
"Cftr","GO:0008202","steroid metabolic process",1.97929581504355e-07
"Sqle","GO:0008202","steroid metabolic process",1.97929581504355e-07
"Stat5a","GO:0008202","steroid metabolic process",1.97929581504355e-07
"Apoe","GO:0008202","steroid metabolic process",1.97929581504355e-07
"Apoa1","GO:0008202","steroid metabolic process",1.97929581504355e-07
"Apoc3","GO:0008202","steroid metabolic process",1.97929581504355e-07
"Tnf","GO:0008202","steroid metabolic process",1.97929581504355e-07
"Apoa4","GO:0008202","steroid metabolic process",1.97929581504355e-07
"Pon1","GO:0008202","steroid metabolic process",1.97929581504355e-07
"Ppargc1a","GO:0008202","steroid metabolic process",1.97929581504355e-07
"Stat5b","GO:0008202","steroid metabolic process",1.97929581504355e-07
"Cbr1","GO:0008202","steroid metabolic process",1.97929581504355e-07
"Slc44a4","GO:0015711","organic anion transport",2.66231012591699e-07
"Myc","GO:0015711","organic anion transport",2.66231012591699e-07
"Cftr","GO:0015711","organic anion transport",2.66231012591699e-07
"Slc1a3","GO:0015711","organic anion transport",2.66231012591699e-07
"Slc2a9","GO:0015711","organic anion transport",2.66231012591699e-07
"Drd2","GO:0015711","organic anion transport",2.66231012591699e-07
"Apoe","GO:0015711","organic anion transport",2.66231012591699e-07
"Slc2a1","GO:0015711","organic anion transport",2.66231012591699e-07
"Nf1","GO:0015711","organic anion transport",2.66231012591699e-07
"Tnf","GO:0015711","organic anion transport",2.66231012591699e-07
"Nos2","GO:0015711","organic anion transport",2.66231012591699e-07
"Slc7a8","GO:0015711","organic anion transport",2.66231012591699e-07
"Gfap","GO:0015711","organic anion transport",2.66231012591699e-07
"Daxx","GO:0097191","extrinsic apoptotic signaling pathway",6.09453568687902e-07
"Lta","GO:0097191","extrinsic apoptotic signaling pathway",6.09453568687902e-07
"Hspa1a","GO:0097191","extrinsic apoptotic signaling pathway",6.09453568687902e-07
"Cav1","GO:0097191","extrinsic apoptotic signaling pathway",6.09453568687902e-07
"Wwox","GO:0097191","extrinsic apoptotic signaling pathway",6.09453568687902e-07
"Nf1","GO:0097191","extrinsic apoptotic signaling pathway",6.09453568687902e-07
"Tnf","GO:0097191","extrinsic apoptotic signaling pathway",6.09453568687902e-07
"Bcl2l2","GO:0097191","extrinsic apoptotic signaling pathway",6.09453568687902e-07
"Hspa1b","GO:0097191","extrinsic apoptotic signaling pathway",6.09453568687902e-07
"Ltb","GO:0097191","extrinsic apoptotic signaling pathway",6.09453568687902e-07
"Myc","GO:1903706","regulation of hemopoiesis",1.18665446262455e-06
"Stat5a","GO:1903706","regulation of hemopoiesis",1.18665446262455e-06
"Hspa1a","GO:1903706","regulation of hemopoiesis",1.18665446262455e-06
"Cdkn2a","GO:1903706","regulation of hemopoiesis",1.18665446262455e-06
"Nf1","GO:1903706","regulation of hemopoiesis",1.18665446262455e-06
"Jun","GO:1903706","regulation of hemopoiesis",1.18665446262455e-06
"Tnf","GO:1903706","regulation of hemopoiesis",1.18665446262455e-06
"Stat3","GO:1903706","regulation of hemopoiesis",1.18665446262455e-06
"Hspa1b","GO:1903706","regulation of hemopoiesis",1.18665446262455e-06
"Stat5b","GO:1903706","regulation of hemopoiesis",1.18665446262455e-06
"Runx1","GO:1903706","regulation of hemopoiesis",1.18665446262455e-06
"Trib1","GO:1903706","regulation of hemopoiesis",1.18665446262455e-06
"Wfs1","GO:0042176","regulation of protein catabolic process",1.85913286101904e-06
"Hspa1a","GO:0042176","regulation of protein catabolic process",1.85913286101904e-06
"Cav1","GO:0042176","regulation of protein catabolic process",1.85913286101904e-06
"Apoe","GO:0042176","regulation of protein catabolic process",1.85913286101904e-06
"Nqo1","GO:0042176","regulation of protein catabolic process",1.85913286101904e-06
"Tnf","GO:0042176","regulation of protein catabolic process",1.85913286101904e-06
"Nos2","GO:0042176","regulation of protein catabolic process",1.85913286101904e-06
"Gfap","GO:0042176","regulation of protein catabolic process",1.85913286101904e-06
"Hspa1b","GO:0042176","regulation of protein catabolic process",1.85913286101904e-06
"Nedd4l","GO:0042176","regulation of protein catabolic process",1.85913286101904e-06
"Trib1","GO:0042176","regulation of protein catabolic process",1.85913286101904e-06
"Myc","GO:0060251","regulation of glial cell proliferation",4.91188283757849e-06
"Lta","GO:0060251","regulation of glial cell proliferation",4.91188283757849e-06
"Nf1","GO:0060251","regulation of glial cell proliferation",4.91188283757849e-06
"Tnf","GO:0060251","regulation of glial cell proliferation",4.91188283757849e-06
"Gfap","GO:0060251","regulation of glial cell proliferation",4.91188283757849e-06
"Cdkn2b","GO:0060251","regulation of glial cell proliferation",4.91188283757849e-06
"Cdh13","GO:0009636","response to toxic substance",4.91188283757849e-06
"Pon3","GO:0009636","response to toxic substance",4.91188283757849e-06
"Sod3","GO:0009636","response to toxic substance",4.91188283757849e-06
"Drd2","GO:0009636","response to toxic substance",4.91188283757849e-06
"Apoe","GO:0009636","response to toxic substance",4.91188283757849e-06
"Nqo1","GO:0009636","response to toxic substance",4.91188283757849e-06
"Apoa4","GO:0009636","response to toxic substance",4.91188283757849e-06
"Pon1","GO:0009636","response to toxic substance",4.91188283757849e-06
"Pon2","GO:0009636","response to toxic substance",4.91188283757849e-06
"Cav1","GO:0032371","regulation of sterol transport",4.91188283757849e-06
"Apoe","GO:0032371","regulation of sterol transport",4.91188283757849e-06
"Apoa1","GO:0032371","regulation of sterol transport",4.91188283757849e-06
"Apoc3","GO:0032371","regulation of sterol transport",4.91188283757849e-06
"Apoa4","GO:0032371","regulation of sterol transport",4.91188283757849e-06
"Pon1","GO:0032371","regulation of sterol transport",4.91188283757849e-06
"Cav1","GO:0032374","regulation of cholesterol transport",4.91188283757849e-06
"Apoe","GO:0032374","regulation of cholesterol transport",4.91188283757849e-06
"Apoa1","GO:0032374","regulation of cholesterol transport",4.91188283757849e-06
"Apoc3","GO:0032374","regulation of cholesterol transport",4.91188283757849e-06
"Apoa4","GO:0032374","regulation of cholesterol transport",4.91188283757849e-06
"Pon1","GO:0032374","regulation of cholesterol transport",4.91188283757849e-06
"Pten","GO:1903050","regulation of proteolysis involved in protein catabolic process",4.94405575939685e-06
"Wfs1","GO:1903050","regulation of proteolysis involved in protein catabolic process",4.94405575939685e-06
"Hspa1a","GO:1903050","regulation of proteolysis involved in protein catabolic process",4.94405575939685e-06
"Cav1","GO:1903050","regulation of proteolysis involved in protein catabolic process",4.94405575939685e-06
"Apoe","GO:1903050","regulation of proteolysis involved in protein catabolic process",4.94405575939685e-06
"Cdkn2a","GO:1903050","regulation of proteolysis involved in protein catabolic process",4.94405575939685e-06
"Sufu","GO:1903050","regulation of proteolysis involved in protein catabolic process",4.94405575939685e-06
"Hspa1b","GO:1903050","regulation of proteolysis involved in protein catabolic process",4.94405575939685e-06
"Trib1","GO:1903050","regulation of proteolysis involved in protein catabolic process",4.94405575939685e-06
"Cftr","GO:0030301","cholesterol transport",5.89423425535492e-06
"Cav1","GO:0030301","cholesterol transport",5.89423425535492e-06
"Apoe","GO:0030301","cholesterol transport",5.89423425535492e-06
"Apoa1","GO:0030301","cholesterol transport",5.89423425535492e-06
"Apoc3","GO:0030301","cholesterol transport",5.89423425535492e-06
"Apoa4","GO:0030301","cholesterol transport",5.89423425535492e-06
"Pon1","GO:0030301","cholesterol transport",5.89423425535492e-06
"Cav1","GO:0033344","cholesterol efflux",5.89423425535492e-06
"Apoe","GO:0033344","cholesterol efflux",5.89423425535492e-06
"Apoa1","GO:0033344","cholesterol efflux",5.89423425535492e-06
"Apoc3","GO:0033344","cholesterol efflux",5.89423425535492e-06
"Apoa4","GO:0033344","cholesterol efflux",5.89423425535492e-06
"Pon1","GO:0033344","cholesterol efflux",5.89423425535492e-06
"Pon3","GO:0072593","reactive oxygen species metabolic process",7.26984075992762e-06
"Sod3","GO:0072593","reactive oxygen species metabolic process",7.26984075992762e-06
"Met","GO:0072593","reactive oxygen species metabolic process",7.26984075992762e-06
"Nqo1","GO:0072593","reactive oxygen species metabolic process",7.26984075992762e-06
"Tnf","GO:0072593","reactive oxygen species metabolic process",7.26984075992762e-06
"Apoa4","GO:0072593","reactive oxygen species metabolic process",7.26984075992762e-06
"Nos2","GO:0072593","reactive oxygen species metabolic process",7.26984075992762e-06
"Stat3","GO:0072593","reactive oxygen species metabolic process",7.26984075992762e-06
"Cbr1","GO:0072593","reactive oxygen species metabolic process",7.26984075992762e-06
"Lta","GO:2001236","regulation of extrinsic apoptotic signaling pathway",7.46871808473517e-06
"Hspa1a","GO:2001236","regulation of extrinsic apoptotic signaling pathway",7.46871808473517e-06
"Cav1","GO:2001236","regulation of extrinsic apoptotic signaling pathway",7.46871808473517e-06
"Wwox","GO:2001236","regulation of extrinsic apoptotic signaling pathway",7.46871808473517e-06
"Nf1","GO:2001236","regulation of extrinsic apoptotic signaling pathway",7.46871808473517e-06
"Tnf","GO:2001236","regulation of extrinsic apoptotic signaling pathway",7.46871808473517e-06
"Hspa1b","GO:2001236","regulation of extrinsic apoptotic signaling pathway",7.46871808473517e-06
"Ltb","GO:2001236","regulation of extrinsic apoptotic signaling pathway",7.46871808473517e-06
"Cftr","GO:0015918","sterol transport",7.46871808473517e-06
"Cav1","GO:0015918","sterol transport",7.46871808473517e-06
"Apoe","GO:0015918","sterol transport",7.46871808473517e-06
"Apoa1","GO:0015918","sterol transport",7.46871808473517e-06
"Apoc3","GO:0015918","sterol transport",7.46871808473517e-06
"Apoa4","GO:0015918","sterol transport",7.46871808473517e-06
"Pon1","GO:0015918","sterol transport",7.46871808473517e-06
"Lta","GO:2001238","positive regulation of extrinsic apoptotic signaling pathway",7.46871808473517e-06
"Cav1","GO:2001238","positive regulation of extrinsic apoptotic signaling pathway",7.46871808473517e-06
"Wwox","GO:2001238","positive regulation of extrinsic apoptotic signaling pathway",7.46871808473517e-06
"Nf1","GO:2001238","positive regulation of extrinsic apoptotic signaling pathway",7.46871808473517e-06
"Tnf","GO:2001238","positive regulation of extrinsic apoptotic signaling pathway",7.46871808473517e-06
"Ltb","GO:2001238","positive regulation of extrinsic apoptotic signaling pathway",7.46871808473517e-06
"Cdh13","GO:0048661","positive regulation of smooth muscle cell proliferation",8.8674548551383e-06
"Myc","GO:0048661","positive regulation of smooth muscle cell proliferation",8.8674548551383e-06
"Nf1","GO:0048661","positive regulation of smooth muscle cell proliferation",8.8674548551383e-06
"Jun","GO:0048661","positive regulation of smooth muscle cell proliferation",8.8674548551383e-06
"Tnf","GO:0048661","positive regulation of smooth muscle cell proliferation",8.8674548551383e-06
"Ppargc1a","GO:0048661","positive regulation of smooth muscle cell proliferation",8.8674548551383e-06
"Stat5b","GO:0048661","positive regulation of smooth muscle cell proliferation",8.8674548551383e-06
"Foxp2","GO:0009612","response to mechanical stimulus",9.24312674664173e-06
"Got1","GO:0009612","response to mechanical stimulus",9.24312674664173e-06
"Myc","GO:0009612","response to mechanical stimulus",9.24312674664173e-06
"Slc1a3","GO:0009612","response to mechanical stimulus",9.24312674664173e-06
"Drd2","GO:0009612","response to mechanical stimulus",9.24312674664173e-06
"Cav1","GO:0009612","response to mechanical stimulus",9.24312674664173e-06
"Slc2a1","GO:0009612","response to mechanical stimulus",9.24312674664173e-06
"Jun","GO:0009612","response to mechanical stimulus",9.24312674664173e-06
"Tnf","GO:0009612","response to mechanical stimulus",9.24312674664173e-06
"Met","GO:0001889","liver development",9.24312674664173e-06
"Cdkn2a","GO:0001889","liver development",9.24312674664173e-06
"Nf1","GO:0001889","liver development",9.24312674664173e-06
"Jun","GO:0001889","liver development",9.24312674664173e-06
"Tnf","GO:0001889","liver development",9.24312674664173e-06
"Stat5b","GO:0001889","liver development",9.24312674664173e-06
"Runx1","GO:0001889","liver development",9.24312674664173e-06
"Onecut2","GO:0001889","liver development",9.24312674664173e-06
"Cftr","GO:0006869","lipid transport",9.91175905265046e-06
"Drd2","GO:0006869","lipid transport",9.91175905265046e-06
"Cav1","GO:0006869","lipid transport",9.91175905265046e-06
"Apoe","GO:0006869","lipid transport",9.91175905265046e-06
"Apoa1","GO:0006869","lipid transport",9.91175905265046e-06
"Slc2a1","GO:0006869","lipid transport",9.91175905265046e-06
"Apoc3","GO:0006869","lipid transport",9.91175905265046e-06
"Apoa4","GO:0006869","lipid transport",9.91175905265046e-06
"Nos2","GO:0006869","lipid transport",9.91175905265046e-06
"Pon1","GO:0006869","lipid transport",9.91175905265046e-06
"Runx1","GO:0006869","lipid transport",9.91175905265046e-06
"Met","GO:0061008","hepaticobiliary system development",9.91175905265046e-06
"Cdkn2a","GO:0061008","hepaticobiliary system development",9.91175905265046e-06
"Nf1","GO:0061008","hepaticobiliary system development",9.91175905265046e-06
"Jun","GO:0061008","hepaticobiliary system development",9.91175905265046e-06
"Tnf","GO:0061008","hepaticobiliary system development",9.91175905265046e-06
"Stat5b","GO:0061008","hepaticobiliary system development",9.91175905265046e-06
"Runx1","GO:0061008","hepaticobiliary system development",9.91175905265046e-06
"Onecut2","GO:0061008","hepaticobiliary system development",9.91175905265046e-06
"Apoe","GO:0033700","phospholipid efflux",1.06344005176694e-05
"Apoa1","GO:0033700","phospholipid efflux",1.06344005176694e-05
"Apoc3","GO:0033700","phospholipid efflux",1.06344005176694e-05
"Apoa4","GO:0033700","phospholipid efflux",1.06344005176694e-05
"Apoe","GO:0034370","triglyceride-rich lipoprotein particle remodeling",1.06344005176694e-05
"Apoa1","GO:0034370","triglyceride-rich lipoprotein particle remodeling",1.06344005176694e-05
"Apoc3","GO:0034370","triglyceride-rich lipoprotein particle remodeling",1.06344005176694e-05
"Apoa4","GO:0034370","triglyceride-rich lipoprotein particle remodeling",1.06344005176694e-05
"Apoe","GO:0034372","very-low-density lipoprotein particle remodeling",1.06344005176694e-05
"Apoa1","GO:0034372","very-low-density lipoprotein particle remodeling",1.06344005176694e-05
"Apoc3","GO:0034372","very-low-density lipoprotein particle remodeling",1.06344005176694e-05
"Apoa4","GO:0034372","very-low-density lipoprotein particle remodeling",1.06344005176694e-05
"Pten","GO:0050767","regulation of neurogenesis",1.23769006688581e-05
"Myc","GO:0050767","regulation of neurogenesis",1.23769006688581e-05
"Lta","GO:0050767","regulation of neurogenesis",1.23769006688581e-05
"Drd2","GO:0050767","regulation of neurogenesis",1.23769006688581e-05
"Apoe","GO:0050767","regulation of neurogenesis",1.23769006688581e-05
"Met","GO:0050767","regulation of neurogenesis",1.23769006688581e-05
"Nf1","GO:0050767","regulation of neurogenesis",1.23769006688581e-05
"Wnt2","GO:0050767","regulation of neurogenesis",1.23769006688581e-05
"Tnf","GO:0050767","regulation of neurogenesis",1.23769006688581e-05
"Gfap","GO:0050767","regulation of neurogenesis",1.23769006688581e-05
"Cdkn2b","GO:0050767","regulation of neurogenesis",1.23769006688581e-05
"Pten","GO:0071375","cellular response to peptide hormone stimulus",1.27034784189471e-05
"Got1","GO:0071375","cellular response to peptide hormone stimulus",1.27034784189471e-05
"Cav2","GO:0071375","cellular response to peptide hormone stimulus",1.27034784189471e-05
"Stat5a","GO:0071375","cellular response to peptide hormone stimulus",1.27034784189471e-05
"Cav1","GO:0071375","cellular response to peptide hormone stimulus",1.27034784189471e-05
"Jun","GO:0071375","cellular response to peptide hormone stimulus",1.27034784189471e-05
"Tnf","GO:0071375","cellular response to peptide hormone stimulus",1.27034784189471e-05
"Adcy8","GO:0071375","cellular response to peptide hormone stimulus",1.27034784189471e-05
"Stat3","GO:0071375","cellular response to peptide hormone stimulus",1.27034784189471e-05
"Stat5b","GO:0071375","cellular response to peptide hormone stimulus",1.27034784189471e-05
"Hspa1a","GO:0097192","extrinsic apoptotic signaling pathway in absence of ligand",1.27449112527805e-05
"Wwox","GO:0097192","extrinsic apoptotic signaling pathway in absence of ligand",1.27449112527805e-05
"Nf1","GO:0097192","extrinsic apoptotic signaling pathway in absence of ligand",1.27449112527805e-05
"Tnf","GO:0097192","extrinsic apoptotic signaling pathway in absence of ligand",1.27449112527805e-05
"Bcl2l2","GO:0097192","extrinsic apoptotic signaling pathway in absence of ligand",1.27449112527805e-05
"Hspa1b","GO:0097192","extrinsic apoptotic signaling pathway in absence of ligand",1.27449112527805e-05
"Pten","GO:0045862","positive regulation of proteolysis",1.29347014522388e-05
"Wfs1","GO:0045862","positive regulation of proteolysis",1.29347014522388e-05
"Hspa1a","GO:0045862","positive regulation of proteolysis",1.29347014522388e-05
"Cav1","GO:0045862","positive regulation of proteolysis",1.29347014522388e-05
"Apoe","GO:0045862","positive regulation of proteolysis",1.29347014522388e-05
"Tnf","GO:0045862","positive regulation of proteolysis",1.29347014522388e-05
"Hspa1b","GO:0045862","positive regulation of proteolysis",1.29347014522388e-05
"Trib1","GO:0045862","positive regulation of proteolysis",1.29347014522388e-05
"Pten","GO:1904705","regulation of vascular associated smooth muscle cell proliferation",1.31624390692983e-05
"Cav1","GO:1904705","regulation of vascular associated smooth muscle cell proliferation",1.31624390692983e-05
"Nf1","GO:1904705","regulation of vascular associated smooth muscle cell proliferation",1.31624390692983e-05
"Jun","GO:1904705","regulation of vascular associated smooth muscle cell proliferation",1.31624390692983e-05
"Tnf","GO:1904705","regulation of vascular associated smooth muscle cell proliferation",1.31624390692983e-05
"Ppargc1a","GO:1904705","regulation of vascular associated smooth muscle cell proliferation",1.31624390692983e-05
"Cftr","GO:0010876","lipid localization",1.36040145433644e-05
"Drd2","GO:0010876","lipid localization",1.36040145433644e-05
"Cav1","GO:0010876","lipid localization",1.36040145433644e-05
"Apoe","GO:0010876","lipid localization",1.36040145433644e-05
"Apoa1","GO:0010876","lipid localization",1.36040145433644e-05
"Slc2a1","GO:0010876","lipid localization",1.36040145433644e-05
"Apoc3","GO:0010876","lipid localization",1.36040145433644e-05
"Apoa4","GO:0010876","lipid localization",1.36040145433644e-05
"Nos2","GO:0010876","lipid localization",1.36040145433644e-05
"Pon1","GO:0010876","lipid localization",1.36040145433644e-05
"Runx1","GO:0010876","lipid localization",1.36040145433644e-05
"Hspa1a","GO:0038034","signal transduction in absence of ligand",1.36040145433644e-05
"Wwox","GO:0038034","signal transduction in absence of ligand",1.36040145433644e-05
"Nf1","GO:0038034","signal transduction in absence of ligand",1.36040145433644e-05
"Tnf","GO:0038034","signal transduction in absence of ligand",1.36040145433644e-05
"Bcl2l2","GO:0038034","signal transduction in absence of ligand",1.36040145433644e-05
"Hspa1b","GO:0038034","signal transduction in absence of ligand",1.36040145433644e-05
"Wfs1","GO:0045732","positive regulation of protein catabolic process",1.38399128090593e-05
"Hspa1a","GO:0045732","positive regulation of protein catabolic process",1.38399128090593e-05
"Cav1","GO:0045732","positive regulation of protein catabolic process",1.38399128090593e-05
"Apoe","GO:0045732","positive regulation of protein catabolic process",1.38399128090593e-05
"Tnf","GO:0045732","positive regulation of protein catabolic process",1.38399128090593e-05
"Hspa1b","GO:0045732","positive regulation of protein catabolic process",1.38399128090593e-05
"Nedd4l","GO:0045732","positive regulation of protein catabolic process",1.38399128090593e-05
"Trib1","GO:0045732","positive regulation of protein catabolic process",1.38399128090593e-05
"Myc","GO:0046942","carboxylic acid transport",1.46824620259808e-05
"Slc1a3","GO:0046942","carboxylic acid transport",1.46824620259808e-05
"Drd2","GO:0046942","carboxylic acid transport",1.46824620259808e-05
"Apoe","GO:0046942","carboxylic acid transport",1.46824620259808e-05
"Slc2a1","GO:0046942","carboxylic acid transport",1.46824620259808e-05
"Nf1","GO:0046942","carboxylic acid transport",1.46824620259808e-05
"Tnf","GO:0046942","carboxylic acid transport",1.46824620259808e-05
"Nos2","GO:0046942","carboxylic acid transport",1.46824620259808e-05
"Slc7a8","GO:0046942","carboxylic acid transport",1.46824620259808e-05
"Gfap","GO:0046942","carboxylic acid transport",1.46824620259808e-05
"Pten","GO:0071453","cellular response to oxygen levels",1.48230817361916e-05
"Daxx","GO:0071453","cellular response to oxygen levels",1.48230817361916e-05
"Myc","GO:0071453","cellular response to oxygen levels",1.48230817361916e-05
"Drd2","GO:0071453","cellular response to oxygen levels",1.48230817361916e-05
"Cav1","GO:0071453","cellular response to oxygen levels",1.48230817361916e-05
"Jun","GO:0071453","cellular response to oxygen levels",1.48230817361916e-05
"Stat3","GO:0071453","cellular response to oxygen levels",1.48230817361916e-05
"Ndrg1","GO:0071453","cellular response to oxygen levels",1.48230817361916e-05
"Myc","GO:0015849","organic acid transport",1.48230817361916e-05
"Slc1a3","GO:0015849","organic acid transport",1.48230817361916e-05
"Drd2","GO:0015849","organic acid transport",1.48230817361916e-05
"Apoe","GO:0015849","organic acid transport",1.48230817361916e-05
"Slc2a1","GO:0015849","organic acid transport",1.48230817361916e-05
"Nf1","GO:0015849","organic acid transport",1.48230817361916e-05
"Tnf","GO:0015849","organic acid transport",1.48230817361916e-05
"Nos2","GO:0015849","organic acid transport",1.48230817361916e-05
"Slc7a8","GO:0015849","organic acid transport",1.48230817361916e-05
"Gfap","GO:0015849","organic acid transport",1.48230817361916e-05
"Pten","GO:1990874","vascular associated smooth muscle cell proliferation",1.53467360308039e-05
"Cav1","GO:1990874","vascular associated smooth muscle cell proliferation",1.53467360308039e-05
"Nf1","GO:1990874","vascular associated smooth muscle cell proliferation",1.53467360308039e-05
"Jun","GO:1990874","vascular associated smooth muscle cell proliferation",1.53467360308039e-05
"Tnf","GO:1990874","vascular associated smooth muscle cell proliferation",1.53467360308039e-05
"Ppargc1a","GO:1990874","vascular associated smooth muscle cell proliferation",1.53467360308039e-05
"Myc","GO:0014812","muscle cell migration",1.58784469046905e-05
"Cav1","GO:0014812","muscle cell migration",1.58784469046905e-05
"Met","GO:0014812","muscle cell migration",1.58784469046905e-05
"Nf1","GO:0014812","muscle cell migration",1.58784469046905e-05
"Ppargc1a","GO:0014812","muscle cell migration",1.58784469046905e-05
"Stat5b","GO:0014812","muscle cell migration",1.58784469046905e-05
"Trib1","GO:0014812","muscle cell migration",1.58784469046905e-05
"Myc","GO:0014009","glial cell proliferation",1.58784469046905e-05
"Lta","GO:0014009","glial cell proliferation",1.58784469046905e-05
"Nf1","GO:0014009","glial cell proliferation",1.58784469046905e-05
"Tnf","GO:0014009","glial cell proliferation",1.58784469046905e-05
"Gfap","GO:0014009","glial cell proliferation",1.58784469046905e-05
"Cdkn2b","GO:0014009","glial cell proliferation",1.58784469046905e-05
"Pten","GO:0048638","regulation of developmental growth",1.58784469046905e-05
"Daxx","GO:0048638","regulation of developmental growth",1.58784469046905e-05
"Stat5a","GO:0048638","regulation of developmental growth",1.58784469046905e-05
"Drd2","GO:0048638","regulation of developmental growth",1.58784469046905e-05
"Apoe","GO:0048638","regulation of developmental growth",1.58784469046905e-05
"Wnt2","GO:0048638","regulation of developmental growth",1.58784469046905e-05
"Ncam1","GO:0048638","regulation of developmental growth",1.58784469046905e-05
"Stat3","GO:0048638","regulation of developmental growth",1.58784469046905e-05
"Stat5b","GO:0048638","regulation of developmental growth",1.58784469046905e-05
"Nedd4l","GO:0048638","regulation of developmental growth",1.58784469046905e-05
"Myc","GO:0062013","positive regulation of small molecule metabolic process",1.65567847035021e-05
"Apoe","GO:0062013","positive regulation of small molecule metabolic process",1.65567847035021e-05
"Apoa1","GO:0062013","positive regulation of small molecule metabolic process",1.65567847035021e-05
"Nqo1","GO:0062013","positive regulation of small molecule metabolic process",1.65567847035021e-05
"Tnf","GO:0062013","positive regulation of small molecule metabolic process",1.65567847035021e-05
"Apoa4","GO:0062013","positive regulation of small molecule metabolic process",1.65567847035021e-05
"Stat3","GO:0062013","positive regulation of small molecule metabolic process",1.65567847035021e-05
"Ppargc1a","GO:0062013","positive regulation of small molecule metabolic process",1.65567847035021e-05
"Apoe","GO:0034375","high-density lipoprotein particle remodeling",1.69786596215209e-05
"Apoa1","GO:0034375","high-density lipoprotein particle remodeling",1.69786596215209e-05
"Apoc3","GO:0034375","high-density lipoprotein particle remodeling",1.69786596215209e-05
"Apoa4","GO:0034375","high-density lipoprotein particle remodeling",1.69786596215209e-05
"Pten","GO:0030162","regulation of proteolysis",1.75016326629898e-05
"Wfs1","GO:0030162","regulation of proteolysis",1.75016326629898e-05
"Hspa1a","GO:0030162","regulation of proteolysis",1.75016326629898e-05
"Cav1","GO:0030162","regulation of proteolysis",1.75016326629898e-05
"Apoe","GO:0030162","regulation of proteolysis",1.75016326629898e-05
"Cdkn2a","GO:0030162","regulation of proteolysis",1.75016326629898e-05
"Sufu","GO:0030162","regulation of proteolysis",1.75016326629898e-05
"Tnf","GO:0030162","regulation of proteolysis",1.75016326629898e-05
"Hspa1b","GO:0030162","regulation of proteolysis",1.75016326629898e-05
"Trib1","GO:0030162","regulation of proteolysis",1.75016326629898e-05
"Slc15a1","GO:0098739","import across plasma membrane",1.75016326629898e-05
"Slc1a3","GO:0098739","import across plasma membrane",1.75016326629898e-05
"Cav1","GO:0098739","import across plasma membrane",1.75016326629898e-05
"Slc2a1","GO:0098739","import across plasma membrane",1.75016326629898e-05
"Tnf","GO:0098739","import across plasma membrane",1.75016326629898e-05
"Slc7a8","GO:0098739","import across plasma membrane",1.75016326629898e-05
"Gfap","GO:0098739","import across plasma membrane",1.75016326629898e-05
"Nedd4l","GO:0098739","import across plasma membrane",1.75016326629898e-05
"Cav2","GO:0001937","negative regulation of endothelial cell proliferation",1.77927415631075e-05
"Cav1","GO:0001937","negative regulation of endothelial cell proliferation",1.77927415631075e-05
"Apoe","GO:0001937","negative regulation of endothelial cell proliferation",1.77927415631075e-05
"Nf1","GO:0001937","negative regulation of endothelial cell proliferation",1.77927415631075e-05
"Tnf","GO:0001937","negative regulation of endothelial cell proliferation",1.77927415631075e-05
"Myc","GO:0002761","regulation of myeloid leukocyte differentiation",1.86060613185224e-05
"Stat5a","GO:0002761","regulation of myeloid leukocyte differentiation",1.86060613185224e-05
"Nf1","GO:0002761","regulation of myeloid leukocyte differentiation",1.86060613185224e-05
"Jun","GO:0002761","regulation of myeloid leukocyte differentiation",1.86060613185224e-05
"Tnf","GO:0002761","regulation of myeloid leukocyte differentiation",1.86060613185224e-05
"Runx1","GO:0002761","regulation of myeloid leukocyte differentiation",1.86060613185224e-05
"Trib1","GO:0002761","regulation of myeloid leukocyte differentiation",1.86060613185224e-05
"Pten","GO:0010721","negative regulation of cell development",1.95110219122581e-05
"Myc","GO:0010721","negative regulation of cell development",1.95110219122581e-05
"Cftr","GO:0010721","negative regulation of cell development",1.95110219122581e-05
"Stat5a","GO:0010721","negative regulation of cell development",1.95110219122581e-05
"Cdkn2a","GO:0010721","negative regulation of cell development",1.95110219122581e-05
"Nf1","GO:0010721","negative regulation of cell development",1.95110219122581e-05
"Cdkn2b","GO:0010721","negative regulation of cell development",1.95110219122581e-05
"Runx1","GO:0010721","negative regulation of cell development",1.95110219122581e-05
"Trib1","GO:0010721","negative regulation of cell development",1.95110219122581e-05
"Slc44a4","GO:0045927","positive regulation of growth",1.95110219122581e-05
"Wfs1","GO:0045927","positive regulation of growth",1.95110219122581e-05
"Stat5a","GO:0045927","positive regulation of growth",1.95110219122581e-05
"Drd2","GO:0045927","positive regulation of growth",1.95110219122581e-05
"Apoe","GO:0045927","positive regulation of growth",1.95110219122581e-05
"Wnt2","GO:0045927","positive regulation of growth",1.95110219122581e-05
"Ncam1","GO:0045927","positive regulation of growth",1.95110219122581e-05
"Stat5b","GO:0045927","positive regulation of growth",1.95110219122581e-05
"Nedd4l","GO:0045927","positive regulation of growth",1.95110219122581e-05
"Pten","GO:0050890","cognition",1.97577115935938e-05
"Foxp2","GO:0050890","cognition",1.97577115935938e-05
"Drd2","GO:0050890","cognition",1.97577115935938e-05
"Apoe","GO:0050890","cognition",1.97577115935938e-05
"Nf1","GO:0050890","cognition",1.97577115935938e-05
"Jun","GO:0050890","cognition",1.97577115935938e-05
"Ncam1","GO:0050890","cognition",1.97577115935938e-05
"Cbr3","GO:0050890","cognition",1.97577115935938e-05
"Adcy8","GO:0050890","cognition",1.97577115935938e-05
"Idua","GO:0050890","cognition",1.97577115935938e-05
"Myc","GO:0015850","organic hydroxy compound transport",1.97693145670293e-05
"Cftr","GO:0015850","organic hydroxy compound transport",1.97693145670293e-05
"Drd2","GO:0015850","organic hydroxy compound transport",1.97693145670293e-05
"Cav1","GO:0015850","organic hydroxy compound transport",1.97693145670293e-05
"Apoe","GO:0015850","organic hydroxy compound transport",1.97693145670293e-05
"Apoa1","GO:0015850","organic hydroxy compound transport",1.97693145670293e-05
"Apoc3","GO:0015850","organic hydroxy compound transport",1.97693145670293e-05
"Apoa4","GO:0015850","organic hydroxy compound transport",1.97693145670293e-05
"Pon1","GO:0015850","organic hydroxy compound transport",1.97693145670293e-05
"Cav1","GO:0032368","regulation of lipid transport",1.97693145670293e-05
"Apoe","GO:0032368","regulation of lipid transport",1.97693145670293e-05
"Apoa1","GO:0032368","regulation of lipid transport",1.97693145670293e-05
"Apoc3","GO:0032368","regulation of lipid transport",1.97693145670293e-05
"Apoa4","GO:0032368","regulation of lipid transport",1.97693145670293e-05
"Pon1","GO:0032368","regulation of lipid transport",1.97693145670293e-05
"Runx1","GO:0032368","regulation of lipid transport",1.97693145670293e-05
"Myc","GO:0062012","regulation of small molecule metabolic process",2.02072761853153e-05
"Cav1","GO:0062012","regulation of small molecule metabolic process",2.02072761853153e-05
"Apoe","GO:0062012","regulation of small molecule metabolic process",2.02072761853153e-05
"Apoa1","GO:0062012","regulation of small molecule metabolic process",2.02072761853153e-05
"Apoc3","GO:0062012","regulation of small molecule metabolic process",2.02072761853153e-05
"Nqo1","GO:0062012","regulation of small molecule metabolic process",2.02072761853153e-05
"Tnf","GO:0062012","regulation of small molecule metabolic process",2.02072761853153e-05
"Apoa4","GO:0062012","regulation of small molecule metabolic process",2.02072761853153e-05
"Stat3","GO:0062012","regulation of small molecule metabolic process",2.02072761853153e-05
"Ppargc1a","GO:0062012","regulation of small molecule metabolic process",2.02072761853153e-05
"Myc","GO:0045638","negative regulation of myeloid cell differentiation",2.03637176403557e-05
"Stat5a","GO:0045638","negative regulation of myeloid cell differentiation",2.03637176403557e-05
"Nf1","GO:0045638","negative regulation of myeloid cell differentiation",2.03637176403557e-05
"Stat5b","GO:0045638","negative regulation of myeloid cell differentiation",2.03637176403557e-05
"Runx1","GO:0045638","negative regulation of myeloid cell differentiation",2.03637176403557e-05
"Trib1","GO:0045638","negative regulation of myeloid cell differentiation",2.03637176403557e-05
"Hspa1a","GO:2001239","regulation of extrinsic apoptotic signaling pathway in absence of ligand",2.15194163705651e-05
"Wwox","GO:2001239","regulation of extrinsic apoptotic signaling pathway in absence of ligand",2.15194163705651e-05
"Nf1","GO:2001239","regulation of extrinsic apoptotic signaling pathway in absence of ligand",2.15194163705651e-05
"Tnf","GO:2001239","regulation of extrinsic apoptotic signaling pathway in absence of ligand",2.15194163705651e-05
"Hspa1b","GO:2001239","regulation of extrinsic apoptotic signaling pathway in absence of ligand",2.15194163705651e-05
"Pten","GO:0030336","negative regulation of cell migration",2.61572328286971e-05
"Drd2","GO:0030336","negative regulation of cell migration",2.61572328286971e-05
"Cav1","GO:0030336","negative regulation of cell migration",2.61572328286971e-05
"Apoe","GO:0030336","negative regulation of cell migration",2.61572328286971e-05
"Nf1","GO:0030336","negative regulation of cell migration",2.61572328286971e-05
"Tnf","GO:0030336","negative regulation of cell migration",2.61572328286971e-05
"Stat3","GO:0030336","negative regulation of cell migration",2.61572328286971e-05
"Ppargc1a","GO:0030336","negative regulation of cell migration",2.61572328286971e-05
"Trib1","GO:0030336","negative regulation of cell migration",2.61572328286971e-05
"Pten","GO:0071456","cellular response to hypoxia",2.96327496820652e-05
"Daxx","GO:0071456","cellular response to hypoxia",2.96327496820652e-05
"Myc","GO:0071456","cellular response to hypoxia",2.96327496820652e-05
"Drd2","GO:0071456","cellular response to hypoxia",2.96327496820652e-05
"Jun","GO:0071456","cellular response to hypoxia",2.96327496820652e-05
"Stat3","GO:0071456","cellular response to hypoxia",2.96327496820652e-05
"Ndrg1","GO:0071456","cellular response to hypoxia",2.96327496820652e-05
"Stat5a","GO:0045646","regulation of erythrocyte differentiation",3.08246727031307e-05
"Hspa1a","GO:0045646","regulation of erythrocyte differentiation",3.08246727031307e-05
"Stat3","GO:0045646","regulation of erythrocyte differentiation",3.08246727031307e-05
"Hspa1b","GO:0045646","regulation of erythrocyte differentiation",3.08246727031307e-05
"Stat5b","GO:0045646","regulation of erythrocyte differentiation",3.08246727031307e-05
"Cftr","GO:0008203","cholesterol metabolic process",3.13378031642137e-05
"Sqle","GO:0008203","cholesterol metabolic process",3.13378031642137e-05
"Apoe","GO:0008203","cholesterol metabolic process",3.13378031642137e-05
"Apoa1","GO:0008203","cholesterol metabolic process",3.13378031642137e-05
"Apoc3","GO:0008203","cholesterol metabolic process",3.13378031642137e-05
"Apoa4","GO:0008203","cholesterol metabolic process",3.13378031642137e-05
"Pon1","GO:0008203","cholesterol metabolic process",3.13378031642137e-05
"Pten","GO:0043542","endothelial cell migration",3.40217003698031e-05
"Cdh13","GO:0043542","endothelial cell migration",3.40217003698031e-05
"Stat5a","GO:0043542","endothelial cell migration",3.40217003698031e-05
"Apoe","GO:0043542","endothelial cell migration",3.40217003698031e-05
"Met","GO:0043542","endothelial cell migration",3.40217003698031e-05
"Apoa1","GO:0043542","endothelial cell migration",3.40217003698031e-05
"Nf1","GO:0043542","endothelial cell migration",3.40217003698031e-05
"Tnf","GO:0043542","endothelial cell migration",3.40217003698031e-05
"Pten","GO:2000146","negative regulation of cell motility",3.64827119017884e-05
"Drd2","GO:2000146","negative regulation of cell motility",3.64827119017884e-05
"Cav1","GO:2000146","negative regulation of cell motility",3.64827119017884e-05
"Apoe","GO:2000146","negative regulation of cell motility",3.64827119017884e-05
"Nf1","GO:2000146","negative regulation of cell motility",3.64827119017884e-05
"Tnf","GO:2000146","negative regulation of cell motility",3.64827119017884e-05
"Stat3","GO:2000146","negative regulation of cell motility",3.64827119017884e-05
"Ppargc1a","GO:2000146","negative regulation of cell motility",3.64827119017884e-05
"Trib1","GO:2000146","negative regulation of cell motility",3.64827119017884e-05
"Cav1","GO:0042180","ketone metabolic process",3.97659999783923e-05
"Apoc3","GO:0042180","ketone metabolic process",3.97659999783923e-05
"Nqo1","GO:0042180","ketone metabolic process",3.97659999783923e-05
"Apoa4","GO:0042180","ketone metabolic process",3.97659999783923e-05
"Cbr3","GO:0042180","ketone metabolic process",3.97659999783923e-05
"Ppargc1a","GO:0042180","ketone metabolic process",3.97659999783923e-05
"Stat5b","GO:0042180","ketone metabolic process",3.97659999783923e-05
"Cbr1","GO:0042180","ketone metabolic process",3.97659999783923e-05
"Cftr","GO:0016125","sterol metabolic process",4.26252641774961e-05
"Sqle","GO:0016125","sterol metabolic process",4.26252641774961e-05
"Apoe","GO:0016125","sterol metabolic process",4.26252641774961e-05
"Apoa1","GO:0016125","sterol metabolic process",4.26252641774961e-05
"Apoc3","GO:0016125","sterol metabolic process",4.26252641774961e-05
"Apoa4","GO:0016125","sterol metabolic process",4.26252641774961e-05
"Pon1","GO:0016125","sterol metabolic process",4.26252641774961e-05
"Sqle","GO:0019915","lipid storage",4.33778660252653e-05
"Stat5a","GO:0019915","lipid storage",4.33778660252653e-05
"Cav1","GO:0019915","lipid storage",4.33778660252653e-05
"Apoe","GO:0019915","lipid storage",4.33778660252653e-05
"Apoa1","GO:0019915","lipid storage",4.33778660252653e-05
"Stat5b","GO:0019915","lipid storage",4.33778660252653e-05
"Cftr","GO:1902652","secondary alcohol metabolic process",4.84686755166388e-05
"Sqle","GO:1902652","secondary alcohol metabolic process",4.84686755166388e-05
"Apoe","GO:1902652","secondary alcohol metabolic process",4.84686755166388e-05
"Apoa1","GO:1902652","secondary alcohol metabolic process",4.84686755166388e-05
"Apoc3","GO:1902652","secondary alcohol metabolic process",4.84686755166388e-05
"Apoa4","GO:1902652","secondary alcohol metabolic process",4.84686755166388e-05
"Pon1","GO:1902652","secondary alcohol metabolic process",4.84686755166388e-05
"Myc","GO:0014910","regulation of smooth muscle cell migration",4.97663891512223e-05
"Cav1","GO:0014910","regulation of smooth muscle cell migration",4.97663891512223e-05
"Nf1","GO:0014910","regulation of smooth muscle cell migration",4.97663891512223e-05
"Ppargc1a","GO:0014910","regulation of smooth muscle cell migration",4.97663891512223e-05
"Stat5b","GO:0014910","regulation of smooth muscle cell migration",4.97663891512223e-05
"Trib1","GO:0014910","regulation of smooth muscle cell migration",4.97663891512223e-05
"Pten","GO:0040013","negative regulation of locomotion",5.30225514003588e-05
"Drd2","GO:0040013","negative regulation of locomotion",5.30225514003588e-05
"Cav1","GO:0040013","negative regulation of locomotion",5.30225514003588e-05
"Apoe","GO:0040013","negative regulation of locomotion",5.30225514003588e-05
"Nf1","GO:0040013","negative regulation of locomotion",5.30225514003588e-05
"Tnf","GO:0040013","negative regulation of locomotion",5.30225514003588e-05
"Stat3","GO:0040013","negative regulation of locomotion",5.30225514003588e-05
"Ppargc1a","GO:0040013","negative regulation of locomotion",5.30225514003588e-05
"Trib1","GO:0040013","negative regulation of locomotion",5.30225514003588e-05
"Sqle","GO:0170062","nutrient storage",5.39909954302217e-05
"Stat5a","GO:0170062","nutrient storage",5.39909954302217e-05
"Cav1","GO:0170062","nutrient storage",5.39909954302217e-05
"Apoe","GO:0170062","nutrient storage",5.39909954302217e-05
"Apoa1","GO:0170062","nutrient storage",5.39909954302217e-05
"Stat5b","GO:0170062","nutrient storage",5.39909954302217e-05
"Pten","GO:0030100","regulation of endocytosis",5.42079688448202e-05
"Cdh13","GO:0030100","regulation of endocytosis",5.42079688448202e-05
"Drd2","GO:0030100","regulation of endocytosis",5.42079688448202e-05
"Cav1","GO:0030100","regulation of endocytosis",5.42079688448202e-05
"Apoe","GO:0030100","regulation of endocytosis",5.42079688448202e-05
"Apoa1","GO:0030100","regulation of endocytosis",5.42079688448202e-05
"Apoc3","GO:0030100","regulation of endocytosis",5.42079688448202e-05
"Stat3","GO:0030100","regulation of endocytosis",5.42079688448202e-05
"Nedd4l","GO:0030100","regulation of endocytosis",5.42079688448202e-05
"Cav1","GO:1905952","regulation of lipid localization",5.70919559313719e-05
"Apoe","GO:1905952","regulation of lipid localization",5.70919559313719e-05
"Apoa1","GO:1905952","regulation of lipid localization",5.70919559313719e-05
"Apoc3","GO:1905952","regulation of lipid localization",5.70919559313719e-05
"Apoa4","GO:1905952","regulation of lipid localization",5.70919559313719e-05
"Pon1","GO:1905952","regulation of lipid localization",5.70919559313719e-05
"Runx1","GO:1905952","regulation of lipid localization",5.70919559313719e-05
"Pten","GO:0007611","learning or memory",5.73397997828495e-05
"Foxp2","GO:0007611","learning or memory",5.73397997828495e-05
"Drd2","GO:0007611","learning or memory",5.73397997828495e-05
"Apoe","GO:0007611","learning or memory",5.73397997828495e-05
"Nf1","GO:0007611","learning or memory",5.73397997828495e-05
"Jun","GO:0007611","learning or memory",5.73397997828495e-05
"Ncam1","GO:0007611","learning or memory",5.73397997828495e-05
"Adcy8","GO:0007611","learning or memory",5.73397997828495e-05
"Idua","GO:0007611","learning or memory",5.73397997828495e-05
"Myc","GO:1902105","regulation of leukocyte differentiation",5.73397997828495e-05
"Stat5a","GO:1902105","regulation of leukocyte differentiation",5.73397997828495e-05
"Cdkn2a","GO:1902105","regulation of leukocyte differentiation",5.73397997828495e-05
"Nf1","GO:1902105","regulation of leukocyte differentiation",5.73397997828495e-05
"Jun","GO:1902105","regulation of leukocyte differentiation",5.73397997828495e-05
"Tnf","GO:1902105","regulation of leukocyte differentiation",5.73397997828495e-05
"Stat5b","GO:1902105","regulation of leukocyte differentiation",5.73397997828495e-05
"Runx1","GO:1902105","regulation of leukocyte differentiation",5.73397997828495e-05
"Trib1","GO:1902105","regulation of leukocyte differentiation",5.73397997828495e-05
"Pten","GO:0006066","alcohol metabolic process",7.23177422372531e-05
"Got1","GO:0006066","alcohol metabolic process",7.23177422372531e-05
"Cftr","GO:0006066","alcohol metabolic process",7.23177422372531e-05
"Sqle","GO:0006066","alcohol metabolic process",7.23177422372531e-05
"Apoe","GO:0006066","alcohol metabolic process",7.23177422372531e-05
"Apoa1","GO:0006066","alcohol metabolic process",7.23177422372531e-05
"Apoc3","GO:0006066","alcohol metabolic process",7.23177422372531e-05
"Apoa4","GO:0006066","alcohol metabolic process",7.23177422372531e-05
"Pon1","GO:0006066","alcohol metabolic process",7.23177422372531e-05
"Pten","GO:0036294","cellular response to decreased oxygen levels",7.51759892977911e-05
"Daxx","GO:0036294","cellular response to decreased oxygen levels",7.51759892977911e-05
"Myc","GO:0036294","cellular response to decreased oxygen levels",7.51759892977911e-05
"Drd2","GO:0036294","cellular response to decreased oxygen levels",7.51759892977911e-05
"Jun","GO:0036294","cellular response to decreased oxygen levels",7.51759892977911e-05
"Stat3","GO:0036294","cellular response to decreased oxygen levels",7.51759892977911e-05
"Ndrg1","GO:0036294","cellular response to decreased oxygen levels",7.51759892977911e-05
"Myc","GO:1902106","negative regulation of leukocyte differentiation",7.82651526364344e-05
"Stat5a","GO:1902106","negative regulation of leukocyte differentiation",7.82651526364344e-05
"Cdkn2a","GO:1902106","negative regulation of leukocyte differentiation",7.82651526364344e-05
"Nf1","GO:1902106","negative regulation of leukocyte differentiation",7.82651526364344e-05
"Runx1","GO:1902106","negative regulation of leukocyte differentiation",7.82651526364344e-05
"Trib1","GO:1902106","negative regulation of leukocyte differentiation",7.82651526364344e-05
"Slc15a1","GO:0006865","amino acid transport",7.88101358158456e-05
"Myc","GO:0006865","amino acid transport",7.88101358158456e-05
"Slc1a3","GO:0006865","amino acid transport",7.88101358158456e-05
"Nf1","GO:0006865","amino acid transport",7.88101358158456e-05
"Tnf","GO:0006865","amino acid transport",7.88101358158456e-05
"Slc7a8","GO:0006865","amino acid transport",7.88101358158456e-05
"Gfap","GO:0006865","amino acid transport",7.88101358158456e-05
"Myc","GO:0014909","smooth muscle cell migration",8.0353982268156e-05
"Cav1","GO:0014909","smooth muscle cell migration",8.0353982268156e-05
"Nf1","GO:0014909","smooth muscle cell migration",8.0353982268156e-05
"Ppargc1a","GO:0014909","smooth muscle cell migration",8.0353982268156e-05
"Stat5b","GO:0014909","smooth muscle cell migration",8.0353982268156e-05
"Trib1","GO:0014909","smooth muscle cell migration",8.0353982268156e-05
"Cav1","GO:0010875","positive regulation of cholesterol efflux",8.1346378246842e-05
"Apoe","GO:0010875","positive regulation of cholesterol efflux",8.1346378246842e-05
"Apoa1","GO:0010875","positive regulation of cholesterol efflux",8.1346378246842e-05
"Pon1","GO:0010875","positive regulation of cholesterol efflux",8.1346378246842e-05
"Myc","GO:0048145","regulation of fibroblast proliferation",9.0601495925141e-05
"Lta","GO:0048145","regulation of fibroblast proliferation",9.0601495925141e-05
"Cav1","GO:0048145","regulation of fibroblast proliferation",9.0601495925141e-05
"Nf1","GO:0048145","regulation of fibroblast proliferation",9.0601495925141e-05
"Jun","GO:0048145","regulation of fibroblast proliferation",9.0601495925141e-05
"Wnt2","GO:0048145","regulation of fibroblast proliferation",9.0601495925141e-05
"Myc","GO:1903707","negative regulation of hemopoiesis",9.83157205564557e-05
"Stat5a","GO:1903707","negative regulation of hemopoiesis",9.83157205564557e-05
"Cdkn2a","GO:1903707","negative regulation of hemopoiesis",9.83157205564557e-05
"Nf1","GO:1903707","negative regulation of hemopoiesis",9.83157205564557e-05
"Runx1","GO:1903707","negative regulation of hemopoiesis",9.83157205564557e-05
"Trib1","GO:1903707","negative regulation of hemopoiesis",9.83157205564557e-05
"Stat5a","GO:0019216","regulation of lipid metabolic process",9.9301012344915e-05
"Cav1","GO:0019216","regulation of lipid metabolic process",9.9301012344915e-05
"Apoe","GO:0019216","regulation of lipid metabolic process",9.9301012344915e-05
"Apoa1","GO:0019216","regulation of lipid metabolic process",9.9301012344915e-05
"Apoc3","GO:0019216","regulation of lipid metabolic process",9.9301012344915e-05
"Tnf","GO:0019216","regulation of lipid metabolic process",9.9301012344915e-05
"Apoa4","GO:0019216","regulation of lipid metabolic process",9.9301012344915e-05
"Ppargc1a","GO:0019216","regulation of lipid metabolic process",9.9301012344915e-05
"Stat5b","GO:0019216","regulation of lipid metabolic process",9.9301012344915e-05
"Hspa1a","GO:0045648","positive regulation of erythrocyte differentiation",0.000102982501013858
"Stat3","GO:0045648","positive regulation of erythrocyte differentiation",0.000102982501013858
"Hspa1b","GO:0045648","positive regulation of erythrocyte differentiation",0.000102982501013858
"Stat5b","GO:0045648","positive regulation of erythrocyte differentiation",0.000102982501013858
"Stat5a","GO:0019218","regulation of steroid metabolic process",0.000104404839521146
"Apoe","GO:0019218","regulation of steroid metabolic process",0.000104404839521146
"Apoa1","GO:0019218","regulation of steroid metabolic process",0.000104404839521146
"Tnf","GO:0019218","regulation of steroid metabolic process",0.000104404839521146
"Ppargc1a","GO:0019218","regulation of steroid metabolic process",0.000104404839521146
"Stat5b","GO:0019218","regulation of steroid metabolic process",0.000104404839521146
"Pten","GO:1903052","positive regulation of proteolysis involved in protein catabolic process",0.000128795013122164
"Wfs1","GO:1903052","positive regulation of proteolysis involved in protein catabolic process",0.000128795013122164
"Hspa1a","GO:1903052","positive regulation of proteolysis involved in protein catabolic process",0.000128795013122164
"Cav1","GO:1903052","positive regulation of proteolysis involved in protein catabolic process",0.000128795013122164
"Hspa1b","GO:1903052","positive regulation of proteolysis involved in protein catabolic process",0.000128795013122164
"Trib1","GO:1903052","positive regulation of proteolysis involved in protein catabolic process",0.000128795013122164
"Myc","GO:0060252","positive regulation of glial cell proliferation",0.000128795013122164
"Lta","GO:0060252","positive regulation of glial cell proliferation",0.000128795013122164
"Tnf","GO:0060252","positive regulation of glial cell proliferation",0.000128795013122164
"Gfap","GO:0060252","positive regulation of glial cell proliferation",0.000128795013122164
"Pten","GO:0048662","negative regulation of smooth muscle cell proliferation",0.000128795013122164
"Cav1","GO:0048662","negative regulation of smooth muscle cell proliferation",0.000128795013122164
"Apoe","GO:0048662","negative regulation of smooth muscle cell proliferation",0.000128795013122164
"Ppargc1a","GO:0048662","negative regulation of smooth muscle cell proliferation",0.000128795013122164
"Trib1","GO:0048662","negative regulation of smooth muscle cell proliferation",0.000128795013122164
"Pten","GO:0042063","gliogenesis",0.000129180011938016
"Myc","GO:0042063","gliogenesis",0.000129180011938016
"Lta","GO:0042063","gliogenesis",0.000129180011938016
"Nf1","GO:0042063","gliogenesis",0.000129180011938016
"Tnf","GO:0042063","gliogenesis",0.000129180011938016
"Gfap","GO:0042063","gliogenesis",0.000129180011938016
"Stat3","GO:0042063","gliogenesis",0.000129180011938016
"Cdkn2b","GO:0042063","gliogenesis",0.000129180011938016
"Ndrg1","GO:0042063","gliogenesis",0.000129180011938016
"Hspa1a","GO:0031116","positive regulation of microtubule polymerization",0.000142220339541045
"Cav1","GO:0031116","positive regulation of microtubule polymerization",0.000142220339541045
"Met","GO:0031116","positive regulation of microtubule polymerization",0.000142220339541045
"Hspa1b","GO:0031116","positive regulation of microtubule polymerization",0.000142220339541045
"Pon3","GO:0006801","superoxide metabolic process",0.00015210127447427
"Sod3","GO:0006801","superoxide metabolic process",0.00015210127447427
"Nqo1","GO:0006801","superoxide metabolic process",0.00015210127447427
"Apoa4","GO:0006801","superoxide metabolic process",0.00015210127447427
"Nos2","GO:0006801","superoxide metabolic process",0.00015210127447427
"Apoe","GO:0034368","protein-lipid complex remodeling",0.000154583222630042
"Apoa1","GO:0034368","protein-lipid complex remodeling",0.000154583222630042
"Apoc3","GO:0034368","protein-lipid complex remodeling",0.000154583222630042
"Apoa4","GO:0034368","protein-lipid complex remodeling",0.000154583222630042
"Apoe","GO:0034369","plasma lipoprotein particle remodeling",0.000154583222630042
"Apoa1","GO:0034369","plasma lipoprotein particle remodeling",0.000154583222630042
"Apoc3","GO:0034369","plasma lipoprotein particle remodeling",0.000154583222630042
"Apoa4","GO:0034369","plasma lipoprotein particle remodeling",0.000154583222630042
"Stat5a","GO:0048639","positive regulation of developmental growth",0.000154583222630042
"Drd2","GO:0048639","positive regulation of developmental growth",0.000154583222630042
"Apoe","GO:0048639","positive regulation of developmental growth",0.000154583222630042
"Wnt2","GO:0048639","positive regulation of developmental growth",0.000154583222630042
"Ncam1","GO:0048639","positive regulation of developmental growth",0.000154583222630042
"Stat5b","GO:0048639","positive regulation of developmental growth",0.000154583222630042
"Nedd4l","GO:0048639","positive regulation of developmental growth",0.000154583222630042
"Got1","GO:0007179","transforming growth factor beta receptor signaling pathway",0.000167460264482214
"Cav2","GO:0007179","transforming growth factor beta receptor signaling pathway",0.000167460264482214
"Hspa1a","GO:0007179","transforming growth factor beta receptor signaling pathway",0.000167460264482214
"Jun","GO:0007179","transforming growth factor beta receptor signaling pathway",0.000167460264482214
"Stat3","GO:0007179","transforming growth factor beta receptor signaling pathway",0.000167460264482214
"Cdkn2b","GO:0007179","transforming growth factor beta receptor signaling pathway",0.000167460264482214
"Onecut2","GO:0007179","transforming growth factor beta receptor signaling pathway",0.000167460264482214
"Stat5a","GO:0002763","positive regulation of myeloid leukocyte differentiation",0.000175157503830798
"Jun","GO:0002763","positive regulation of myeloid leukocyte differentiation",0.000175157503830798
"Tnf","GO:0002763","positive regulation of myeloid leukocyte differentiation",0.000175157503830798
"Runx1","GO:0002763","positive regulation of myeloid leukocyte differentiation",0.000175157503830798
"Trib1","GO:0002763","positive regulation of myeloid leukocyte differentiation",0.000175157503830798
"Myc","GO:0050769","positive regulation of neurogenesis",0.000178124222719486
"Lta","GO:0050769","positive regulation of neurogenesis",0.000178124222719486
"Drd2","GO:0050769","positive regulation of neurogenesis",0.000178124222719486
"Apoe","GO:0050769","positive regulation of neurogenesis",0.000178124222719486
"Met","GO:0050769","positive regulation of neurogenesis",0.000178124222719486
"Wnt2","GO:0050769","positive regulation of neurogenesis",0.000178124222719486
"Tnf","GO:0050769","positive regulation of neurogenesis",0.000178124222719486
"Gfap","GO:0050769","positive regulation of neurogenesis",0.000178124222719486
"Stat5a","GO:0070672","response to interleukin-15",0.000185387352974264
"Stat3","GO:0070672","response to interleukin-15",0.000185387352974264
"Stat5b","GO:0070672","response to interleukin-15",0.000185387352974264
"Apoe","GO:0034367","protein-containing complex remodeling",0.000185387352974264
"Apoa1","GO:0034367","protein-containing complex remodeling",0.000185387352974264
"Apoc3","GO:0034367","protein-containing complex remodeling",0.000185387352974264
"Apoa4","GO:0034367","protein-containing complex remodeling",0.000185387352974264
"Myc","GO:0014013","regulation of gliogenesis",0.000192873842703371
"Lta","GO:0014013","regulation of gliogenesis",0.000192873842703371
"Nf1","GO:0014013","regulation of gliogenesis",0.000192873842703371
"Tnf","GO:0014013","regulation of gliogenesis",0.000192873842703371
"Gfap","GO:0014013","regulation of gliogenesis",0.000192873842703371
"Cdkn2b","GO:0014013","regulation of gliogenesis",0.000192873842703371
"Cav1","GO:0032373","positive regulation of sterol transport",0.00019975768280629
"Apoe","GO:0032373","positive regulation of sterol transport",0.00019975768280629
"Apoa1","GO:0032373","positive regulation of sterol transport",0.00019975768280629
"Pon1","GO:0032373","positive regulation of sterol transport",0.00019975768280629
"Cav1","GO:0032376","positive regulation of cholesterol transport",0.00019975768280629
"Apoe","GO:0032376","positive regulation of cholesterol transport",0.00019975768280629
"Apoa1","GO:0032376","positive regulation of cholesterol transport",0.00019975768280629
"Pon1","GO:0032376","positive regulation of cholesterol transport",0.00019975768280629
"Pten","GO:0033032","regulation of myeloid cell apoptotic process",0.00019975768280629
"Stat5a","GO:0033032","regulation of myeloid cell apoptotic process",0.00019975768280629
"Nf1","GO:0033032","regulation of myeloid cell apoptotic process",0.00019975768280629
"Stat5b","GO:0033032","regulation of myeloid cell apoptotic process",0.00019975768280629
"Stat5a","GO:0048771","tissue remodeling",0.000206464415021699
"Cav1","GO:0048771","tissue remodeling",0.000206464415021699
"Cdkn2a","GO:0048771","tissue remodeling",0.000206464415021699
"Nf1","GO:0048771","tissue remodeling",0.000206464415021699
"Nos2","GO:0048771","tissue remodeling",0.000206464415021699
"Idua","GO:0048771","tissue remodeling",0.000206464415021699
"Mc4r","GO:0048771","tissue remodeling",0.000206464415021699
"Daxx","GO:0031399","regulation of protein modification process",0.000214841485391725
"Wfs1","GO:0031399","regulation of protein modification process",0.000214841485391725
"Hspa1a","GO:0031399","regulation of protein modification process",0.000214841485391725
"Cav1","GO:0031399","regulation of protein modification process",0.000214841485391725
"Cdkn2a","GO:0031399","regulation of protein modification process",0.000214841485391725
"Tnf","GO:0031399","regulation of protein modification process",0.000214841485391725
"Adcy8","GO:0031399","regulation of protein modification process",0.000214841485391725
"Hspa1b","GO:0031399","regulation of protein modification process",0.000214841485391725
"Trib1","GO:0031399","regulation of protein modification process",0.000214841485391725
"Daxx","GO:0040014","regulation of multicellular organism growth",0.000214841485391725
"Stat5a","GO:0040014","regulation of multicellular organism growth",0.000214841485391725
"Drd2","GO:0040014","regulation of multicellular organism growth",0.000214841485391725
"Stat3","GO:0040014","regulation of multicellular organism growth",0.000214841485391725
"Stat5b","GO:0040014","regulation of multicellular organism growth",0.000214841485391725
"Cav1","GO:0014912","negative regulation of smooth muscle cell migration",0.000214841485391725
"Nf1","GO:0014912","negative regulation of smooth muscle cell migration",0.000214841485391725
"Ppargc1a","GO:0014912","negative regulation of smooth muscle cell migration",0.000214841485391725
"Trib1","GO:0014912","negative regulation of smooth muscle cell migration",0.000214841485391725
"Myc","GO:0048144","fibroblast proliferation",0.000225768220549685
"Lta","GO:0048144","fibroblast proliferation",0.000225768220549685
"Cav1","GO:0048144","fibroblast proliferation",0.000225768220549685
"Nf1","GO:0048144","fibroblast proliferation",0.000225768220549685
"Jun","GO:0048144","fibroblast proliferation",0.000225768220549685
"Wnt2","GO:0048144","fibroblast proliferation",0.000225768220549685
"Apoe","GO:0032489","regulation of Cdc42 protein signal transduction",0.000225768220549685
"Apoa1","GO:0032489","regulation of Cdc42 protein signal transduction",0.000225768220549685
"Apoc3","GO:0032489","regulation of Cdc42 protein signal transduction",0.000225768220549685
"Pten","GO:0050806","positive regulation of synaptic transmission",0.000225768220549685
"Slc1a3","GO:0050806","positive regulation of synaptic transmission",0.000225768220549685
"Drd2","GO:0050806","positive regulation of synaptic transmission",0.000225768220549685
"Apoe","GO:0050806","positive regulation of synaptic transmission",0.000225768220549685
"Nf1","GO:0050806","positive regulation of synaptic transmission",0.000225768220549685
"Tnf","GO:0050806","positive regulation of synaptic transmission",0.000225768220549685
"Adcy8","GO:0050806","positive regulation of synaptic transmission",0.000225768220549685
"Gfap","GO:0050806","positive regulation of synaptic transmission",0.000225768220549685
"Daxx","GO:0097193","intrinsic apoptotic signaling pathway",0.000225768220549685
"Myc","GO:0097193","intrinsic apoptotic signaling pathway",0.000225768220549685
"Wfs1","GO:0097193","intrinsic apoptotic signaling pathway",0.000225768220549685
"Hspa1a","GO:0097193","intrinsic apoptotic signaling pathway",0.000225768220549685
"Cav1","GO:0097193","intrinsic apoptotic signaling pathway",0.000225768220549685
"Wwox","GO:0097193","intrinsic apoptotic signaling pathway",0.000225768220549685
"Tnf","GO:0097193","intrinsic apoptotic signaling pathway",0.000225768220549685
"Bcl2l2","GO:0097193","intrinsic apoptotic signaling pathway",0.000225768220549685
"Hspa1a","GO:0031112","positive regulation of microtubule polymerization or depolymerization",0.000228802825845283
"Cav1","GO:0031112","positive regulation of microtubule polymerization or depolymerization",0.000228802825845283
"Met","GO:0031112","positive regulation of microtubule polymerization or depolymerization",0.000228802825845283
"Hspa1b","GO:0031112","positive regulation of microtubule polymerization or depolymerization",0.000228802825845283
"Hspa1a","GO:0032757","positive regulation of interleukin-8 production",0.000228802825845283
"Tnf","GO:0032757","positive regulation of interleukin-8 production",0.000228802825845283
"Nos2","GO:0032757","positive regulation of interleukin-8 production",0.000228802825845283
"Stat3","GO:0032757","positive regulation of interleukin-8 production",0.000228802825845283
"Hspa1b","GO:0032757","positive regulation of interleukin-8 production",0.000228802825845283
"Cav1","GO:0010874","regulation of cholesterol efflux",0.00027477779693959
"Apoe","GO:0010874","regulation of cholesterol efflux",0.00027477779693959
"Apoa1","GO:0010874","regulation of cholesterol efflux",0.00027477779693959
"Pon1","GO:0010874","regulation of cholesterol efflux",0.00027477779693959
"Stat5a","GO:0060056","mammary gland involution",0.000277568988517451
"Cav1","GO:0060056","mammary gland involution",0.000277568988517451
"Cdkn2a","GO:0060056","mammary gland involution",0.000277568988517451
"Stat5a","GO:0060397","growth hormone receptor signaling pathway via JAK-STAT",0.000277568988517451
"Stat3","GO:0060397","growth hormone receptor signaling pathway via JAK-STAT",0.000277568988517451
"Stat5b","GO:0060397","growth hormone receptor signaling pathway via JAK-STAT",0.000277568988517451
"Pten","GO:0070371","ERK1 and ERK2 cascade",0.00028960967603075
"Myc","GO:0070371","ERK1 and ERK2 cascade",0.00028960967603075
"Drd2","GO:0070371","ERK1 and ERK2 cascade",0.00028960967603075
"Cav1","GO:0070371","ERK1 and ERK2 cascade",0.00028960967603075
"Apoe","GO:0070371","ERK1 and ERK2 cascade",0.00028960967603075
"Nf1","GO:0070371","ERK1 and ERK2 cascade",0.00028960967603075
"Jun","GO:0070371","ERK1 and ERK2 cascade",0.00028960967603075
"Dcc","GO:0070371","ERK1 and ERK2 cascade",0.00028960967603075
"Got1","GO:0006163","purine nucleotide metabolic process",0.000302090821114661
"Myc","GO:0006163","purine nucleotide metabolic process",0.000302090821114661
"Slc1a3","GO:0006163","purine nucleotide metabolic process",0.000302090821114661
"Hspa1a","GO:0006163","purine nucleotide metabolic process",0.000302090821114661
"Nqo1","GO:0006163","purine nucleotide metabolic process",0.000302090821114661
"Adcy8","GO:0006163","purine nucleotide metabolic process",0.000302090821114661
"Stat3","GO:0006163","purine nucleotide metabolic process",0.000302090821114661
"Hspa1b","GO:0006163","purine nucleotide metabolic process",0.000302090821114661
"Ppargc1a","GO:0006163","purine nucleotide metabolic process",0.000302090821114661
"Myc","GO:1905039","carboxylic acid transmembrane transport",0.000307388279008649
"Slc1a3","GO:1905039","carboxylic acid transmembrane transport",0.000307388279008649
"Slc2a1","GO:1905039","carboxylic acid transmembrane transport",0.000307388279008649
"Tnf","GO:1905039","carboxylic acid transmembrane transport",0.000307388279008649
"Slc7a8","GO:1905039","carboxylic acid transmembrane transport",0.000307388279008649
"Gfap","GO:1905039","carboxylic acid transmembrane transport",0.000307388279008649
"Pten","GO:0048511","rhythmic process",0.000307388279008649
"Stat5a","GO:0048511","rhythmic process",0.000307388279008649
"Drd2","GO:0048511","rhythmic process",0.000307388279008649
"Jun","GO:0048511","rhythmic process",0.000307388279008649
"Nos2","GO:0048511","rhythmic process",0.000307388279008649
"Ppargc1a","GO:0048511","rhythmic process",0.000307388279008649
"Stat5b","GO:0048511","rhythmic process",0.000307388279008649
"Runx1","GO:0048511","rhythmic process",0.000307388279008649
"Cav1","GO:0032370","positive regulation of lipid transport",0.000328467272063213
"Apoe","GO:0032370","positive regulation of lipid transport",0.000328467272063213
"Apoa1","GO:0032370","positive regulation of lipid transport",0.000328467272063213
"Pon1","GO:0032370","positive regulation of lipid transport",0.000328467272063213
"Runx1","GO:0032370","positive regulation of lipid transport",0.000328467272063213
"Sod3","GO:0062197","cellular response to chemical stress",0.000328467272063213
"Cav1","GO:0062197","cellular response to chemical stress",0.000328467272063213
"Met","GO:0062197","cellular response to chemical stress",0.000328467272063213
"Cdkn2a","GO:0062197","cellular response to chemical stress",0.000328467272063213
"Slc2a1","GO:0062197","cellular response to chemical stress",0.000328467272063213
"Nqo1","GO:0062197","cellular response to chemical stress",0.000328467272063213
"Apoa4","GO:0062197","cellular response to chemical stress",0.000328467272063213
"Ppargc1a","GO:0062197","cellular response to chemical stress",0.000328467272063213
"Foxp2","GO:0031223","auditory behavior",0.000334686041768272
"Slc1a3","GO:0031223","auditory behavior",0.000334686041768272
"Drd2","GO:0031223","auditory behavior",0.000334686041768272
"Pten","GO:0033028","myeloid cell apoptotic process",0.000334932288871438
"Stat5a","GO:0033028","myeloid cell apoptotic process",0.000334932288871438
"Nf1","GO:0033028","myeloid cell apoptotic process",0.000334932288871438
"Stat5b","GO:0033028","myeloid cell apoptotic process",0.000334932288871438
"Myc","GO:0048147","negative regulation of fibroblast proliferation",0.000334932288871438
"Lta","GO:0048147","negative regulation of fibroblast proliferation",0.000334932288871438
"Cav1","GO:0048147","negative regulation of fibroblast proliferation",0.000334932288871438
"Nf1","GO:0048147","negative regulation of fibroblast proliferation",0.000334932288871438
"Pten","GO:0014855","striated muscle cell proliferation",0.000335186743686487
"Cav2","GO:0014855","striated muscle cell proliferation",0.000335186743686487
"Wnt2","GO:0014855","striated muscle cell proliferation",0.000335186743686487
"Ncam1","GO:0014855","striated muscle cell proliferation",0.000335186743686487
"Stat3","GO:0014855","striated muscle cell proliferation",0.000335186743686487
"Myc","GO:1903825","organic acid transmembrane transport",0.000335195170123584
"Slc1a3","GO:1903825","organic acid transmembrane transport",0.000335195170123584
"Slc2a1","GO:1903825","organic acid transmembrane transport",0.000335195170123584
"Tnf","GO:1903825","organic acid transmembrane transport",0.000335195170123584
"Slc7a8","GO:1903825","organic acid transmembrane transport",0.000335195170123584
"Gfap","GO:1903825","organic acid transmembrane transport",0.000335195170123584
"Apoe","GO:0055090","acylglycerol homeostasis",0.000358388306603089
"Apoa1","GO:0055090","acylglycerol homeostasis",0.000358388306603089
"Apoc3","GO:0055090","acylglycerol homeostasis",0.000358388306603089
"Apoa4","GO:0055090","acylglycerol homeostasis",0.000358388306603089
"Pten","GO:0014706","striated muscle tissue development",0.000382113843937387
"Foxp2","GO:0014706","striated muscle tissue development",0.000382113843937387
"Myc","GO:0014706","striated muscle tissue development",0.000382113843937387
"Cav2","GO:0014706","striated muscle tissue development",0.000382113843937387
"Cav1","GO:0014706","striated muscle tissue development",0.000382113843937387
"Met","GO:0014706","striated muscle tissue development",0.000382113843937387
"Nf1","GO:0014706","striated muscle tissue development",0.000382113843937387
"Wnt2","GO:0014706","striated muscle tissue development",0.000382113843937387
"Ncam1","GO:0014706","striated muscle tissue development",0.000382113843937387
"Stat5a","GO:0001553","luteinization",0.000394650838352479
"Stat5b","GO:0001553","luteinization",0.000394650838352479
"Runx1","GO:0001553","luteinization",0.000394650838352479
"Apoe","GO:0032488","Cdc42 protein signal transduction",0.000394650838352479
"Apoa1","GO:0032488","Cdc42 protein signal transduction",0.000394650838352479
"Apoc3","GO:0032488","Cdc42 protein signal transduction",0.000394650838352479
"Pten","GO:0044282","small molecule catabolic process",0.000395665981665646
"Pon3","GO:0044282","small molecule catabolic process",0.000395665981665646
"Got1","GO:0044282","small molecule catabolic process",0.000395665981665646
"Apoe","GO:0044282","small molecule catabolic process",0.000395665981665646
"Nos2","GO:0044282","small molecule catabolic process",0.000395665981665646
"Cbr3","GO:0044282","small molecule catabolic process",0.000395665981665646
"Pon1","GO:0044282","small molecule catabolic process",0.000395665981665646
"Cbr1","GO:0044282","small molecule catabolic process",0.000395665981665646
"Pten","GO:2000058","regulation of ubiquitin-dependent protein catabolic process",0.000405573662737302
"Hspa1a","GO:2000058","regulation of ubiquitin-dependent protein catabolic process",0.000405573662737302
"Cdkn2a","GO:2000058","regulation of ubiquitin-dependent protein catabolic process",0.000405573662737302
"Sufu","GO:2000058","regulation of ubiquitin-dependent protein catabolic process",0.000405573662737302
"Hspa1b","GO:2000058","regulation of ubiquitin-dependent protein catabolic process",0.000405573662737302
"Trib1","GO:2000058","regulation of ubiquitin-dependent protein catabolic process",0.000405573662737302
"Nf1","GO:1904707","positive regulation of vascular associated smooth muscle cell proliferation",0.000408426832705686
"Jun","GO:1904707","positive regulation of vascular associated smooth muscle cell proliferation",0.000408426832705686
"Tnf","GO:1904707","positive regulation of vascular associated smooth muscle cell proliferation",0.000408426832705686
"Ppargc1a","GO:1904707","positive regulation of vascular associated smooth muscle cell proliferation",0.000408426832705686
"Got1","GO:0141091","transforming growth factor beta receptor superfamily signaling pathway",0.000410822963793254
"Cav2","GO:0141091","transforming growth factor beta receptor superfamily signaling pathway",0.000410822963793254
"Hspa1a","GO:0141091","transforming growth factor beta receptor superfamily signaling pathway",0.000410822963793254
"Cav1","GO:0141091","transforming growth factor beta receptor superfamily signaling pathway",0.000410822963793254
"Jun","GO:0141091","transforming growth factor beta receptor superfamily signaling pathway",0.000410822963793254
"Stat3","GO:0141091","transforming growth factor beta receptor superfamily signaling pathway",0.000410822963793254
"Cdkn2b","GO:0141091","transforming growth factor beta receptor superfamily signaling pathway",0.000410822963793254
"Onecut2","GO:0141091","transforming growth factor beta receptor superfamily signaling pathway",0.000410822963793254
"Daxx","GO:0010038","response to metal ion",0.000432161365222301
"Got1","GO:0010038","response to metal ion",0.000432161365222301
"Sod3","GO:0010038","response to metal ion",0.000432161365222301
"Drd2","GO:0010038","response to metal ion",0.000432161365222301
"Cav1","GO:0010038","response to metal ion",0.000432161365222301
"Jun","GO:0010038","response to metal ion",0.000432161365222301
"Ncam1","GO:0010038","response to metal ion",0.000432161365222301
"Adcy8","GO:0010038","response to metal ion",0.000432161365222301
"Cav1","GO:0042632","cholesterol homeostasis",0.000437108032343333
"Apoe","GO:0042632","cholesterol homeostasis",0.000437108032343333
"Apoa1","GO:0042632","cholesterol homeostasis",0.000437108032343333
"Apoc3","GO:0042632","cholesterol homeostasis",0.000437108032343333
"Apoa4","GO:0042632","cholesterol homeostasis",0.000437108032343333
"Cav1","GO:0055092","sterol homeostasis",0.000454991684030151
"Apoe","GO:0055092","sterol homeostasis",0.000454991684030151
"Apoa1","GO:0055092","sterol homeostasis",0.000454991684030151
"Apoc3","GO:0055092","sterol homeostasis",0.000454991684030151
"Apoa4","GO:0055092","sterol homeostasis",0.000454991684030151
"Foxp2","GO:0007517","muscle organ development",0.000456614913230013
"Myc","GO:0007517","muscle organ development",0.000456614913230013
"Cav2","GO:0007517","muscle organ development",0.000456614913230013
"Cav1","GO:0007517","muscle organ development",0.000456614913230013
"Met","GO:0007517","muscle organ development",0.000456614913230013
"Nf1","GO:0007517","muscle organ development",0.000456614913230013
"Wnt2","GO:0007517","muscle organ development",0.000456614913230013
"Mtss1","GO:0007517","muscle organ development",0.000456614913230013
"Stat5a","GO:0070669","response to interleukin-2",0.000456614913230013
"Stat3","GO:0070669","response to interleukin-2",0.000456614913230013
"Stat5b","GO:0070669","response to interleukin-2",0.000456614913230013
"Hspa1a","GO:0032637","interleukin-8 production",0.000464358044717395
"Tnf","GO:0032637","interleukin-8 production",0.000464358044717395
"Nos2","GO:0032637","interleukin-8 production",0.000464358044717395
"Stat3","GO:0032637","interleukin-8 production",0.000464358044717395
"Hspa1b","GO:0032637","interleukin-8 production",0.000464358044717395
"Hspa1a","GO:0032677","regulation of interleukin-8 production",0.000464358044717395
"Tnf","GO:0032677","regulation of interleukin-8 production",0.000464358044717395
"Nos2","GO:0032677","regulation of interleukin-8 production",0.000464358044717395
"Stat3","GO:0032677","regulation of interleukin-8 production",0.000464358044717395
"Hspa1b","GO:0032677","regulation of interleukin-8 production",0.000464358044717395
"Apoe","GO:0045834","positive regulation of lipid metabolic process",0.000504184325024356
"Apoa1","GO:0045834","positive regulation of lipid metabolic process",0.000504184325024356
"Apoc3","GO:0045834","positive regulation of lipid metabolic process",0.000504184325024356
"Tnf","GO:0045834","positive regulation of lipid metabolic process",0.000504184325024356
"Apoa4","GO:0045834","positive regulation of lipid metabolic process",0.000504184325024356
"Ppargc1a","GO:0045834","positive regulation of lipid metabolic process",0.000504184325024356
"Myc","GO:0051962","positive regulation of nervous system development",0.000504184325024356
"Lta","GO:0051962","positive regulation of nervous system development",0.000504184325024356
"Drd2","GO:0051962","positive regulation of nervous system development",0.000504184325024356
"Apoe","GO:0051962","positive regulation of nervous system development",0.000504184325024356
"Met","GO:0051962","positive regulation of nervous system development",0.000504184325024356
"Wnt2","GO:0051962","positive regulation of nervous system development",0.000504184325024356
"Tnf","GO:0051962","positive regulation of nervous system development",0.000504184325024356
"Gfap","GO:0051962","positive regulation of nervous system development",0.000504184325024356
"Hspa1a","GO:1902905","positive regulation of supramolecular fiber organization",0.000513866183003012
"Cav1","GO:1902905","positive regulation of supramolecular fiber organization",0.000513866183003012
"Met","GO:1902905","positive regulation of supramolecular fiber organization",0.000513866183003012
"Apoa1","GO:1902905","positive regulation of supramolecular fiber organization",0.000513866183003012
"Mtss1","GO:1902905","positive regulation of supramolecular fiber organization",0.000513866183003012
"Hspa1b","GO:1902905","positive regulation of supramolecular fiber organization",0.000513866183003012
"Foxp2","GO:0007638","mechanosensory behavior",0.000526204349137133
"Slc1a3","GO:0007638","mechanosensory behavior",0.000526204349137133
"Drd2","GO:0007638","mechanosensory behavior",0.000526204349137133
"Apoe","GO:0043691","reverse cholesterol transport",0.000526204349137133
"Apoa1","GO:0043691","reverse cholesterol transport",0.000526204349137133
"Apoa4","GO:0043691","reverse cholesterol transport",0.000526204349137133
"Pon3","GO:1901334","lactone metabolic process",0.000526204349137133
"Pon1","GO:1901334","lactone metabolic process",0.000526204349137133
"Pon2","GO:1901334","lactone metabolic process",0.000526204349137133
"Slc44a4","GO:0051180","vitamin transport",0.000552648887510118
"Slc2a9","GO:0051180","vitamin transport",0.000552648887510118
"Apoa1","GO:0051180","vitamin transport",0.000552648887510118
"Slc2a1","GO:0051180","vitamin transport",0.000552648887510118
"Got1","GO:0055088","lipid homeostasis",0.000562243872738189
"Cav1","GO:0055088","lipid homeostasis",0.000562243872738189
"Apoe","GO:0055088","lipid homeostasis",0.000562243872738189
"Apoa1","GO:0055088","lipid homeostasis",0.000562243872738189
"Apoc3","GO:0055088","lipid homeostasis",0.000562243872738189
"Apoa4","GO:0055088","lipid homeostasis",0.000562243872738189
"Myc","GO:0002573","myeloid leukocyte differentiation",0.000572287879133235
"Stat5a","GO:0002573","myeloid leukocyte differentiation",0.000572287879133235
"Nf1","GO:0002573","myeloid leukocyte differentiation",0.000572287879133235
"Jun","GO:0002573","myeloid leukocyte differentiation",0.000572287879133235
"Tnf","GO:0002573","myeloid leukocyte differentiation",0.000572287879133235
"Runx1","GO:0002573","myeloid leukocyte differentiation",0.000572287879133235
"Trib1","GO:0002573","myeloid leukocyte differentiation",0.000572287879133235
"Cftr","GO:0006694","steroid biosynthetic process",0.000572287879133235
"Sqle","GO:0006694","steroid biosynthetic process",0.000572287879133235
"Apoe","GO:0006694","steroid biosynthetic process",0.000572287879133235
"Apoa1","GO:0006694","steroid biosynthetic process",0.000572287879133235
"Tnf","GO:0006694","steroid biosynthetic process",0.000572287879133235
"Ppargc1a","GO:0006694","steroid biosynthetic process",0.000572287879133235
"Apoe","GO:0045940","positive regulation of steroid metabolic process",0.000581439201412935
"Apoa1","GO:0045940","positive regulation of steroid metabolic process",0.000581439201412935
"Tnf","GO:0045940","positive regulation of steroid metabolic process",0.000581439201412935
"Ppargc1a","GO:0045940","positive regulation of steroid metabolic process",0.000581439201412935
"Myc","GO:0015718","monocarboxylic acid transport",0.000582496497618594
"Drd2","GO:0015718","monocarboxylic acid transport",0.000582496497618594
"Apoe","GO:0015718","monocarboxylic acid transport",0.000582496497618594
"Slc2a1","GO:0015718","monocarboxylic acid transport",0.000582496497618594
"Tnf","GO:0015718","monocarboxylic acid transport",0.000582496497618594
"Nos2","GO:0015718","monocarboxylic acid transport",0.000582496497618594
"Wfs1","GO:1901800","positive regulation of proteasomal protein catabolic process",0.000607148062575577
"Hspa1a","GO:1901800","positive regulation of proteasomal protein catabolic process",0.000607148062575577
"Cav1","GO:1901800","positive regulation of proteasomal protein catabolic process",0.000607148062575577
"Hspa1b","GO:1901800","positive regulation of proteasomal protein catabolic process",0.000607148062575577
"Trib1","GO:1901800","positive regulation of proteasomal protein catabolic process",0.000607148062575577
"Cav1","GO:1905954","positive regulation of lipid localization",0.000607148062575577
"Apoe","GO:1905954","positive regulation of lipid localization",0.000607148062575577
"Apoa1","GO:1905954","positive regulation of lipid localization",0.000607148062575577
"Pon1","GO:1905954","positive regulation of lipid localization",0.000607148062575577
"Runx1","GO:1905954","positive regulation of lipid localization",0.000607148062575577
"Cdkn2a","GO:0009895","negative regulation of catabolic process",0.000607654530418875
"Apoc3","GO:0009895","negative regulation of catabolic process",0.000607654530418875
"Nqo1","GO:0009895","negative regulation of catabolic process",0.000607654530418875
"Sufu","GO:0009895","negative regulation of catabolic process",0.000607654530418875
"Tnf","GO:0009895","negative regulation of catabolic process",0.000607654530418875
"Nos2","GO:0009895","negative regulation of catabolic process",0.000607654530418875
"Stat3","GO:0009895","negative regulation of catabolic process",0.000607654530418875
"Ppargc1a","GO:0009895","negative regulation of catabolic process",0.000607654530418875
"Apoe","GO:0071827","plasma lipoprotein particle organization",0.000607654530418875
"Apoa1","GO:0071827","plasma lipoprotein particle organization",0.000607654530418875
"Apoc3","GO:0071827","plasma lipoprotein particle organization",0.000607654530418875
"Apoa4","GO:0071827","plasma lipoprotein particle organization",0.000607654530418875
"Got1","GO:0051899","membrane depolarization",0.000622472458245185
"Cav1","GO:0051899","membrane depolarization",0.000622472458245185
"Cdkn2a","GO:0051899","membrane depolarization",0.000622472458245185
"Jun","GO:0051899","membrane depolarization",0.000622472458245185
"Nedd4l","GO:0051899","membrane depolarization",0.000622472458245185
"Drd2","GO:1900271","regulation of long-term synaptic potentiation",0.000645574353347032
"Apoe","GO:1900271","regulation of long-term synaptic potentiation",0.000645574353347032
"Nf1","GO:1900271","regulation of long-term synaptic potentiation",0.000645574353347032
"Adcy8","GO:1900271","regulation of long-term synaptic potentiation",0.000645574353347032
"Myc","GO:0007006","mitochondrial membrane organization",0.00066895129165753
"Hspa1a","GO:0007006","mitochondrial membrane organization",0.00066895129165753
"Bcl2l2","GO:0007006","mitochondrial membrane organization",0.00066895129165753
"Stat3","GO:0007006","mitochondrial membrane organization",0.00066895129165753
"Tomm40","GO:0007006","mitochondrial membrane organization",0.00066895129165753
"Pten","GO:0021953","central nervous system neuron differentiation",0.00066895129165753
"Foxp2","GO:0021953","central nervous system neuron differentiation",0.00066895129165753
"Drd2","GO:0021953","central nervous system neuron differentiation",0.00066895129165753
"Wnt2","GO:0021953","central nervous system neuron differentiation",0.00066895129165753
"Sufu","GO:0021953","central nervous system neuron differentiation",0.00066895129165753
"Runx1","GO:0021953","central nervous system neuron differentiation",0.00066895129165753
"Dcc","GO:0021953","central nervous system neuron differentiation",0.00066895129165753
"Myc","GO:0019220","regulation of phosphate metabolic process",0.000677371804903284
"Drd2","GO:0019220","regulation of phosphate metabolic process",0.000677371804903284
"Nqo1","GO:0019220","regulation of phosphate metabolic process",0.000677371804903284
"Tnf","GO:0019220","regulation of phosphate metabolic process",0.000677371804903284
"Adcy8","GO:0019220","regulation of phosphate metabolic process",0.000677371804903284
"Stat3","GO:0019220","regulation of phosphate metabolic process",0.000677371804903284
"Ppargc1a","GO:0019220","regulation of phosphate metabolic process",0.000677371804903284
"Trib1","GO:0019220","regulation of phosphate metabolic process",0.000677371804903284
"Slc1a3","GO:0089718","amino acid import across plasma membrane",0.000677371804903284
"Tnf","GO:0089718","amino acid import across plasma membrane",0.000677371804903284
"Slc7a8","GO:0089718","amino acid import across plasma membrane",0.000677371804903284
"Gfap","GO:0089718","amino acid import across plasma membrane",0.000677371804903284
"Myc","GO:0051174","regulation of phosphorus metabolic process",0.000704637517599767
"Drd2","GO:0051174","regulation of phosphorus metabolic process",0.000704637517599767
"Nqo1","GO:0051174","regulation of phosphorus metabolic process",0.000704637517599767
"Tnf","GO:0051174","regulation of phosphorus metabolic process",0.000704637517599767
"Adcy8","GO:0051174","regulation of phosphorus metabolic process",0.000704637517599767
"Stat3","GO:0051174","regulation of phosphorus metabolic process",0.000704637517599767
"Ppargc1a","GO:0051174","regulation of phosphorus metabolic process",0.000704637517599767
"Trib1","GO:0051174","regulation of phosphorus metabolic process",0.000704637517599767
"Wfs1","GO:0061136","regulation of proteasomal protein catabolic process",0.000704637517599767
"Hspa1a","GO:0061136","regulation of proteasomal protein catabolic process",0.000704637517599767
"Cav1","GO:0061136","regulation of proteasomal protein catabolic process",0.000704637517599767
"Apoe","GO:0061136","regulation of proteasomal protein catabolic process",0.000704637517599767
"Hspa1b","GO:0061136","regulation of proteasomal protein catabolic process",0.000704637517599767
"Trib1","GO:0061136","regulation of proteasomal protein catabolic process",0.000704637517599767
"Myc","GO:0002762","negative regulation of myeloid leukocyte differentiation",0.000706306904974745
"Nf1","GO:0002762","negative regulation of myeloid leukocyte differentiation",0.000706306904974745
"Runx1","GO:0002762","negative regulation of myeloid leukocyte differentiation",0.000706306904974745
"Trib1","GO:0002762","negative regulation of myeloid leukocyte differentiation",0.000706306904974745
"Daxx","GO:0034605","cellular response to heat",0.000706306904974745
"Hspa1a","GO:0034605","cellular response to heat",0.000706306904974745
"Nf1","GO:0034605","cellular response to heat",0.000706306904974745
"Hspa1b","GO:0034605","cellular response to heat",0.000706306904974745
"Myc","GO:1902895","positive regulation of miRNA transcription",0.000706306904974745
"Jun","GO:1902895","positive regulation of miRNA transcription",0.000706306904974745
"Tnf","GO:1902895","positive regulation of miRNA transcription",0.000706306904974745
"Stat3","GO:1902895","positive regulation of miRNA transcription",0.000706306904974745
"Got1","GO:0007178","cell surface receptor protein serine/threonine kinase signaling pathway",0.000711308008879663
"Cav2","GO:0007178","cell surface receptor protein serine/threonine kinase signaling pathway",0.000711308008879663
"Hspa1a","GO:0007178","cell surface receptor protein serine/threonine kinase signaling pathway",0.000711308008879663
"Cav1","GO:0007178","cell surface receptor protein serine/threonine kinase signaling pathway",0.000711308008879663
"Jun","GO:0007178","cell surface receptor protein serine/threonine kinase signaling pathway",0.000711308008879663
"Stat3","GO:0007178","cell surface receptor protein serine/threonine kinase signaling pathway",0.000711308008879663
"Cdkn2b","GO:0007178","cell surface receptor protein serine/threonine kinase signaling pathway",0.000711308008879663
"Onecut2","GO:0007178","cell surface receptor protein serine/threonine kinase signaling pathway",0.000711308008879663
"Drd2","GO:0045807","positive regulation of endocytosis",0.000725067201404928
"Cav1","GO:0045807","positive regulation of endocytosis",0.000725067201404928
"Apoe","GO:0045807","positive regulation of endocytosis",0.000725067201404928
"Apoa1","GO:0045807","positive regulation of endocytosis",0.000725067201404928
"Stat3","GO:0045807","positive regulation of endocytosis",0.000725067201404928
"Nedd4l","GO:0045807","positive regulation of endocytosis",0.000725067201404928
"Myc","GO:0043279","response to alkaloid",0.000732223972075996
"Slc1a3","GO:0043279","response to alkaloid",0.000732223972075996
"Drd2","GO:0043279","response to alkaloid",0.000732223972075996
"Ncam1","GO:0043279","response to alkaloid",0.000732223972075996
"Adcy8","GO:0043279","response to alkaloid",0.000732223972075996
"Hspa1a","GO:0051495","positive regulation of cytoskeleton organization",0.000732223972075996
"Cav1","GO:0051495","positive regulation of cytoskeleton organization",0.000732223972075996
"Met","GO:0051495","positive regulation of cytoskeleton organization",0.000732223972075996
"Apoa1","GO:0051495","positive regulation of cytoskeleton organization",0.000732223972075996
"Mtss1","GO:0051495","positive regulation of cytoskeleton organization",0.000732223972075996
"Hspa1b","GO:0051495","positive regulation of cytoskeleton organization",0.000732223972075996
"Myc","GO:0046717","acid secretion",0.000732223972075996
"Drd2","GO:0046717","acid secretion",0.000732223972075996
"Nf1","GO:0046717","acid secretion",0.000732223972075996
"Tnf","GO:0046717","acid secretion",0.000732223972075996
"Apoe","GO:0071825","protein-lipid complex organization",0.000732223972075996
"Apoa1","GO:0071825","protein-lipid complex organization",0.000732223972075996
"Apoc3","GO:0071825","protein-lipid complex organization",0.000732223972075996
"Apoa4","GO:0071825","protein-lipid complex organization",0.000732223972075996
"Got1","GO:0046496","nicotinamide nucleotide metabolic process",0.000746183113883101
"Myc","GO:0046496","nicotinamide nucleotide metabolic process",0.000746183113883101
"Slc1a3","GO:0046496","nicotinamide nucleotide metabolic process",0.000746183113883101
"Nqo1","GO:0046496","nicotinamide nucleotide metabolic process",0.000746183113883101
"Stat3","GO:0046496","nicotinamide nucleotide metabolic process",0.000746183113883101
"Ppargc1a","GO:0046496","nicotinamide nucleotide metabolic process",0.000746183113883101
"Hspa1a","GO:0031113","regulation of microtubule polymerization",0.0008273867617061
"Cav1","GO:0031113","regulation of microtubule polymerization",0.0008273867617061
"Met","GO:0031113","regulation of microtubule polymerization",0.0008273867617061
"Hspa1b","GO:0031113","regulation of microtubule polymerization",0.0008273867617061
"Sod3","GO:0019430","removal of superoxide radicals",0.000862354410932263
"Nqo1","GO:0019430","removal of superoxide radicals",0.000862354410932263
"Apoa4","GO:0019430","removal of superoxide radicals",0.000862354410932263
"Sod3","GO:0006979","response to oxidative stress",0.000885573052470373
"Apoe","GO:0006979","response to oxidative stress",0.000885573052470373
"Met","GO:0006979","response to oxidative stress",0.000885573052470373
"Cdkn2a","GO:0006979","response to oxidative stress",0.000885573052470373
"Jun","GO:0006979","response to oxidative stress",0.000885573052470373
"Nqo1","GO:0006979","response to oxidative stress",0.000885573052470373
"Apoa4","GO:0006979","response to oxidative stress",0.000885573052470373
"Ppargc1a","GO:0006979","response to oxidative stress",0.000885573052470373
"Foxp2","GO:0007519","skeletal muscle tissue development",0.000905529959808072
"Myc","GO:0007519","skeletal muscle tissue development",0.000905529959808072
"Cav2","GO:0007519","skeletal muscle tissue development",0.000905529959808072
"Cav1","GO:0007519","skeletal muscle tissue development",0.000905529959808072
"Met","GO:0007519","skeletal muscle tissue development",0.000905529959808072
"Nf1","GO:0007519","skeletal muscle tissue development",0.000905529959808072
"Pten","GO:0007159","leukocyte cell-cell adhesion",0.000905529959808072
"Stat5a","GO:0007159","leukocyte cell-cell adhesion",0.000905529959808072
"Cav1","GO:0007159","leukocyte cell-cell adhesion",0.000905529959808072
"Cdkn2a","GO:0007159","leukocyte cell-cell adhesion",0.000905529959808072
"Tnf","GO:0007159","leukocyte cell-cell adhesion",0.000905529959808072
"Apoa4","GO:0007159","leukocyte cell-cell adhesion",0.000905529959808072
"Stat5b","GO:0007159","leukocyte cell-cell adhesion",0.000905529959808072
"Runx1","GO:0007159","leukocyte cell-cell adhesion",0.000905529959808072
"Cdh13","GO:0097237","cellular response to toxic substance",0.000921839453439344
"Sod3","GO:0097237","cellular response to toxic substance",0.000921839453439344
"Apoe","GO:0097237","cellular response to toxic substance",0.000921839453439344
"Nqo1","GO:0097237","cellular response to toxic substance",0.000921839453439344
"Apoa4","GO:0097237","cellular response to toxic substance",0.000921839453439344
"Pten","GO:0032868","response to insulin",0.000943120362202683
"Got1","GO:0032868","response to insulin",0.000943120362202683
"Cav2","GO:0032868","response to insulin",0.000943120362202683
"Slc2a1","GO:0032868","response to insulin",0.000943120362202683
"Jun","GO:0032868","response to insulin",0.000943120362202683
"Tnf","GO:0032868","response to insulin",0.000943120362202683
"Mc4r","GO:0032868","response to insulin",0.000943120362202683
"Myc","GO:1904659","D-glucose transmembrane transport",0.000947349855893546
"Slc2a9","GO:1904659","D-glucose transmembrane transport",0.000947349855893546
"Met","GO:1904659","D-glucose transmembrane transport",0.000947349855893546
"Slc2a1","GO:1904659","D-glucose transmembrane transport",0.000947349855893546
"Tnf","GO:1904659","D-glucose transmembrane transport",0.000947349855893546
"Pten","GO:0070372","regulation of ERK1 and ERK2 cascade",0.000971475242853714
"Drd2","GO:0070372","regulation of ERK1 and ERK2 cascade",0.000971475242853714
"Cav1","GO:0070372","regulation of ERK1 and ERK2 cascade",0.000971475242853714
"Apoe","GO:0070372","regulation of ERK1 and ERK2 cascade",0.000971475242853714
"Nf1","GO:0070372","regulation of ERK1 and ERK2 cascade",0.000971475242853714
"Jun","GO:0070372","regulation of ERK1 and ERK2 cascade",0.000971475242853714
"Dcc","GO:0070372","regulation of ERK1 and ERK2 cascade",0.000971475242853714
"Cav2","GO:0030198","extracellular matrix organization",0.00098590594064096
"Cav1","GO:0030198","extracellular matrix organization",0.00098590594064096
"Nf1","GO:0030198","extracellular matrix organization",0.00098590594064096
"Tnf","GO:0030198","extracellular matrix organization",0.00098590594064096
"Gfap","GO:0030198","extracellular matrix organization",0.00098590594064096
"Idua","GO:0030198","extracellular matrix organization",0.00098590594064096
"Stat3","GO:0030198","extracellular matrix organization",0.00098590594064096
"Cav2","GO:0045229","external encapsulating structure organization",0.000999883648436025
"Cav1","GO:0045229","external encapsulating structure organization",0.000999883648436025
"Nf1","GO:0045229","external encapsulating structure organization",0.000999883648436025
"Tnf","GO:0045229","external encapsulating structure organization",0.000999883648436025
"Gfap","GO:0045229","external encapsulating structure organization",0.000999883648436025
"Idua","GO:0045229","external encapsulating structure organization",0.000999883648436025
"Stat3","GO:0045229","external encapsulating structure organization",0.000999883648436025
"Apoe","GO:0046889","positive regulation of lipid biosynthetic process",0.000999883648436025
"Apoc3","GO:0046889","positive regulation of lipid biosynthetic process",0.000999883648436025
"Tnf","GO:0046889","positive regulation of lipid biosynthetic process",0.000999883648436025
"Apoa4","GO:0046889","positive regulation of lipid biosynthetic process",0.000999883648436025
"Ppargc1a","GO:0046889","positive regulation of lipid biosynthetic process",0.000999883648436025
"Myc","GO:2000630","positive regulation of miRNA metabolic process",0.00100191951128815
"Jun","GO:2000630","positive regulation of miRNA metabolic process",0.00100191951128815
"Tnf","GO:2000630","positive regulation of miRNA metabolic process",0.00100191951128815
"Stat3","GO:2000630","positive regulation of miRNA metabolic process",0.00100191951128815
"Cav2","GO:0043062","extracellular structure organization",0.0010024780081043
"Cav1","GO:0043062","extracellular structure organization",0.0010024780081043
"Nf1","GO:0043062","extracellular structure organization",0.0010024780081043
"Tnf","GO:0043062","extracellular structure organization",0.0010024780081043
"Gfap","GO:0043062","extracellular structure organization",0.0010024780081043
"Idua","GO:0043062","extracellular structure organization",0.0010024780081043
"Stat3","GO:0043062","extracellular structure organization",0.0010024780081043
"Cdh13","GO:0071466","cellular response to xenobiotic stimulus",0.0010024780081043
"Pon3","GO:0071466","cellular response to xenobiotic stimulus",0.0010024780081043
"Myc","GO:0071466","cellular response to xenobiotic stimulus",0.0010024780081043
"Sufu","GO:0071466","cellular response to xenobiotic stimulus",0.0010024780081043
"Nos2","GO:0071466","cellular response to xenobiotic stimulus",0.0010024780081043
"Cbr1","GO:0071466","cellular response to xenobiotic stimulus",0.0010024780081043
"Pten","GO:0007162","negative regulation of cell adhesion",0.00103525039503608
"Cdh13","GO:0007162","negative regulation of cell adhesion",0.00103525039503608
"Stat5a","GO:0007162","negative regulation of cell adhesion",0.00103525039503608
"Cdkn2a","GO:0007162","negative regulation of cell adhesion",0.00103525039503608
"Apoa1","GO:0007162","negative regulation of cell adhesion",0.00103525039503608
"Nf1","GO:0007162","negative regulation of cell adhesion",0.00103525039503608
"Runx1","GO:0007162","negative regulation of cell adhesion",0.00103525039503608
"Got1","GO:0072524","pyridine-containing compound metabolic process",0.00104438148666594
"Myc","GO:0072524","pyridine-containing compound metabolic process",0.00104438148666594
"Slc1a3","GO:0072524","pyridine-containing compound metabolic process",0.00104438148666594
"Nqo1","GO:0072524","pyridine-containing compound metabolic process",0.00104438148666594
"Stat3","GO:0072524","pyridine-containing compound metabolic process",0.00104438148666594
"Ppargc1a","GO:0072524","pyridine-containing compound metabolic process",0.00104438148666594
"Lta","GO:0048534","hematopoietic or lymphoid organ development",0.00104438148666594
"Stat5a","GO:0048534","hematopoietic or lymphoid organ development",0.00104438148666594
"Stat5b","GO:0048534","hematopoietic or lymphoid organ development",0.00104438148666594
"Cdkn2b","GO:0048534","hematopoietic or lymphoid organ development",0.00104438148666594
"Ltb","GO:0048534","hematopoietic or lymphoid organ development",0.00104438148666594
"Sod3","GO:0071450","cellular response to oxygen radical",0.00104618204015176
"Nqo1","GO:0071450","cellular response to oxygen radical",0.00104618204015176
"Apoa4","GO:0071450","cellular response to oxygen radical",0.00104618204015176
"Sod3","GO:0071451","cellular response to superoxide",0.00104618204015176
"Nqo1","GO:0071451","cellular response to superoxide",0.00104618204015176
"Apoa4","GO:0071451","cellular response to superoxide",0.00104618204015176
"Stat5a","GO:0043534","blood vessel endothelial cell migration",0.00106280938107683
"Apoe","GO:0043534","blood vessel endothelial cell migration",0.00106280938107683
"Apoa1","GO:0043534","blood vessel endothelial cell migration",0.00106280938107683
"Nf1","GO:0043534","blood vessel endothelial cell migration",0.00106280938107683
"Tnf","GO:0043534","blood vessel endothelial cell migration",0.00106280938107683
"Sod3","GO:0000302","response to reactive oxygen species",0.00106280938107683
"Met","GO:0000302","response to reactive oxygen species",0.00106280938107683
"Cdkn2a","GO:0000302","response to reactive oxygen species",0.00106280938107683
"Jun","GO:0000302","response to reactive oxygen species",0.00106280938107683
"Nqo1","GO:0000302","response to reactive oxygen species",0.00106280938107683
"Apoa4","GO:0000302","response to reactive oxygen species",0.00106280938107683
"Stat5a","GO:1902107","positive regulation of leukocyte differentiation",0.00106280938107683
"Jun","GO:1902107","positive regulation of leukocyte differentiation",0.00106280938107683
"Tnf","GO:1902107","positive regulation of leukocyte differentiation",0.00106280938107683
"Stat5b","GO:1902107","positive regulation of leukocyte differentiation",0.00106280938107683
"Runx1","GO:1902107","positive regulation of leukocyte differentiation",0.00106280938107683
"Trib1","GO:1902107","positive regulation of leukocyte differentiation",0.00106280938107683
"Stat5a","GO:1903708","positive regulation of hemopoiesis",0.00106280938107683
"Jun","GO:1903708","positive regulation of hemopoiesis",0.00106280938107683
"Tnf","GO:1903708","positive regulation of hemopoiesis",0.00106280938107683
"Stat5b","GO:1903708","positive regulation of hemopoiesis",0.00106280938107683
"Runx1","GO:1903708","positive regulation of hemopoiesis",0.00106280938107683
"Trib1","GO:1903708","positive regulation of hemopoiesis",0.00106280938107683
"Myc","GO:0007005","mitochondrion organization",0.00111016396598481
"Cav2","GO:0007005","mitochondrion organization",0.00111016396598481
"Hspa1a","GO:0007005","mitochondrion organization",0.00111016396598481
"Jun","GO:0007005","mitochondrion organization",0.00111016396598481
"Bcl2l2","GO:0007005","mitochondrion organization",0.00111016396598481
"Stat3","GO:0007005","mitochondrion organization",0.00111016396598481
"Ppargc1a","GO:0007005","mitochondrion organization",0.00111016396598481
"Tomm40","GO:0007005","mitochondrion organization",0.00111016396598481
"Pten","GO:0001952","regulation of cell-matrix adhesion",0.0011141518824774
"Cdh13","GO:0001952","regulation of cell-matrix adhesion",0.0011141518824774
"Cdkn2a","GO:0001952","regulation of cell-matrix adhesion",0.0011141518824774
"Nf1","GO:0001952","regulation of cell-matrix adhesion",0.0011141518824774
"Onecut2","GO:0001952","regulation of cell-matrix adhesion",0.0011141518824774
"Myc","GO:0008645","hexose transmembrane transport",0.0011141518824774
"Slc2a9","GO:0008645","hexose transmembrane transport",0.0011141518824774
"Met","GO:0008645","hexose transmembrane transport",0.0011141518824774
"Slc2a1","GO:0008645","hexose transmembrane transport",0.0011141518824774
"Tnf","GO:0008645","hexose transmembrane transport",0.0011141518824774
"Stat5a","GO:0060396","growth hormone receptor signaling pathway",0.00114968146348928
"Stat3","GO:0060396","growth hormone receptor signaling pathway",0.00114968146348928
"Stat5b","GO:0060396","growth hormone receptor signaling pathway",0.00114968146348928
"Pten","GO:0050821","protein stabilization",0.00116487205290423
"Wfs1","GO:0050821","protein stabilization",0.00116487205290423
"Hspa1a","GO:0050821","protein stabilization",0.00116487205290423
"Cdkn2a","GO:0050821","protein stabilization",0.00116487205290423
"Apoa1","GO:0050821","protein stabilization",0.00116487205290423
"Hspa1b","GO:0050821","protein stabilization",0.00116487205290423
"Foxp2","GO:0060538","skeletal muscle organ development",0.00116487205290423
"Myc","GO:0060538","skeletal muscle organ development",0.00116487205290423
"Cav2","GO:0060538","skeletal muscle organ development",0.00116487205290423
"Cav1","GO:0060538","skeletal muscle organ development",0.00116487205290423
"Met","GO:0060538","skeletal muscle organ development",0.00116487205290423
"Nf1","GO:0060538","skeletal muscle organ development",0.00116487205290423
"Daxx","GO:1903320","regulation of protein modification by small protein conjugation or removal",0.00116487205290423
"Wfs1","GO:1903320","regulation of protein modification by small protein conjugation or removal",0.00116487205290423
"Hspa1a","GO:1903320","regulation of protein modification by small protein conjugation or removal",0.00116487205290423
"Cav1","GO:1903320","regulation of protein modification by small protein conjugation or removal",0.00116487205290423
"Cdkn2a","GO:1903320","regulation of protein modification by small protein conjugation or removal",0.00116487205290423
"Hspa1b","GO:1903320","regulation of protein modification by small protein conjugation or removal",0.00116487205290423
"Stat5a","GO:0007259","cell surface receptor signaling pathway via JAK-STAT",0.00116793447485418
"Cav1","GO:0007259","cell surface receptor signaling pathway via JAK-STAT",0.00116793447485418
"Tnf","GO:0007259","cell surface receptor signaling pathway via JAK-STAT",0.00116793447485418
"Stat3","GO:0007259","cell surface receptor signaling pathway via JAK-STAT",0.00116793447485418
"Stat5b","GO:0007259","cell surface receptor signaling pathway via JAK-STAT",0.00116793447485418
"Myc","GO:0015749","monosaccharide transmembrane transport",0.00120353729887422
"Slc2a9","GO:0015749","monosaccharide transmembrane transport",0.00120353729887422
"Met","GO:0015749","monosaccharide transmembrane transport",0.00120353729887422
"Slc2a1","GO:0015749","monosaccharide transmembrane transport",0.00120353729887422
"Tnf","GO:0015749","monosaccharide transmembrane transport",0.00120353729887422
"Cftr","GO:0006695","cholesterol biosynthetic process",0.00121212364924532
"Sqle","GO:0006695","cholesterol biosynthetic process",0.00121212364924532
"Apoe","GO:0006695","cholesterol biosynthetic process",0.00121212364924532
"Apoa1","GO:0006695","cholesterol biosynthetic process",0.00121212364924532
"Cftr","GO:1902653","secondary alcohol biosynthetic process",0.00121212364924532
"Sqle","GO:1902653","secondary alcohol biosynthetic process",0.00121212364924532
"Apoe","GO:1902653","secondary alcohol biosynthetic process",0.00121212364924532
"Apoa1","GO:1902653","secondary alcohol biosynthetic process",0.00121212364924532
"Myc","GO:0002082","regulation of oxidative phosphorylation",0.0012524032767712
"Apoc3","GO:0002082","regulation of oxidative phosphorylation",0.0012524032767712
"Tnf","GO:0002082","regulation of oxidative phosphorylation",0.0012524032767712
"Hspa1a","GO:0090083","regulation of inclusion body assembly",0.0012524032767712
"Apoe","GO:0090083","regulation of inclusion body assembly",0.0012524032767712
"Hspa1b","GO:0090083","regulation of inclusion body assembly",0.0012524032767712
"Drd2","GO:0045776","negative regulation of blood pressure",0.00126503051652412
"Tnf","GO:0045776","negative regulation of blood pressure",0.00126503051652412
"Nos2","GO:0045776","negative regulation of blood pressure",0.00126503051652412
"Nedd4l","GO:0045776","negative regulation of blood pressure",0.00126503051652412
"Daxx","GO:1901873","regulation of post-translational protein modification",0.00129927736166631
"Wfs1","GO:1901873","regulation of post-translational protein modification",0.00129927736166631
"Hspa1a","GO:1901873","regulation of post-translational protein modification",0.00129927736166631
"Cav1","GO:1901873","regulation of post-translational protein modification",0.00129927736166631
"Cdkn2a","GO:1901873","regulation of post-translational protein modification",0.00129927736166631
"Hspa1b","GO:1901873","regulation of post-translational protein modification",0.00129927736166631
"Stat5a","GO:0002262","myeloid cell homeostasis",0.00135630407166151
"Hspa1a","GO:0002262","myeloid cell homeostasis",0.00135630407166151
"Nf1","GO:0002262","myeloid cell homeostasis",0.00135630407166151
"Stat3","GO:0002262","myeloid cell homeostasis",0.00135630407166151
"Hspa1b","GO:0002262","myeloid cell homeostasis",0.00135630407166151
"Stat5b","GO:0002262","myeloid cell homeostasis",0.00135630407166151
"Pten","GO:0097305","response to alcohol",0.00136960950807104
"Cftr","GO:0097305","response to alcohol",0.00136960950807104
"Drd2","GO:0097305","response to alcohol",0.00136960950807104
"Jun","GO:0097305","response to alcohol",0.00136960950807104
"Ncam1","GO:0097305","response to alcohol",0.00136960950807104
"Adcy8","GO:0097305","response to alcohol",0.00136960950807104
"Stat3","GO:0097305","response to alcohol",0.00136960950807104
"Sod3","GO:0000303","response to superoxide",0.00137673025294205
"Nqo1","GO:0000303","response to superoxide",0.00137673025294205
"Apoa4","GO:0000303","response to superoxide",0.00137673025294205
"Stat5a","GO:0071378","cellular response to growth hormone stimulus",0.00137673025294205
"Stat3","GO:0071378","cellular response to growth hormone stimulus",0.00137673025294205
"Stat5b","GO:0071378","cellular response to growth hormone stimulus",0.00137673025294205
"Lta","GO:0002520","immune system development",0.00143005522430469
"Stat5a","GO:0002520","immune system development",0.00143005522430469
"Stat5b","GO:0002520","immune system development",0.00143005522430469
"Cdkn2b","GO:0002520","immune system development",0.00143005522430469
"Runx1","GO:0002520","immune system development",0.00143005522430469
"Ltb","GO:0002520","immune system development",0.00143005522430469
"Cftr","GO:0016126","sterol biosynthetic process",0.00144460314003699
"Sqle","GO:0016126","sterol biosynthetic process",0.00144460314003699
"Apoe","GO:0016126","sterol biosynthetic process",0.00144460314003699
"Apoa1","GO:0016126","sterol biosynthetic process",0.00144460314003699
"Cdh13","GO:0045216","cell-cell junction organization",0.00145120637547929
"Mpz","GO:0045216","cell-cell junction organization",0.00145120637547929
"Cav1","GO:0045216","cell-cell junction organization",0.00145120637547929
"Tnf","GO:0045216","cell-cell junction organization",0.00145120637547929
"Mtss1","GO:0045216","cell-cell junction organization",0.00145120637547929
"Nedd4l","GO:0045216","cell-cell junction organization",0.00145120637547929
"Pten","GO:0097306","cellular response to alcohol",0.00147902372404565
"Cftr","GO:0097306","cellular response to alcohol",0.00147902372404565
"Drd2","GO:0097306","cellular response to alcohol",0.00147902372404565
"Ncam1","GO:0097306","cellular response to alcohol",0.00147902372404565
"Adcy8","GO:0097306","cellular response to alcohol",0.00147902372404565
"Pten","GO:0010810","regulation of cell-substrate adhesion",0.00150086089170035
"Cdh13","GO:0010810","regulation of cell-substrate adhesion",0.00150086089170035
"Cdkn2a","GO:0010810","regulation of cell-substrate adhesion",0.00150086089170035
"Apoa1","GO:0010810","regulation of cell-substrate adhesion",0.00150086089170035
"Nf1","GO:0010810","regulation of cell-substrate adhesion",0.00150086089170035
"Onecut2","GO:0010810","regulation of cell-substrate adhesion",0.00150086089170035
"Sod3","GO:0000305","response to oxygen radical",0.00150086089170035
"Nqo1","GO:0000305","response to oxygen radical",0.00150086089170035
"Apoa4","GO:0000305","response to oxygen radical",0.00150086089170035
"Daxx","GO:1900037","regulation of cellular response to hypoxia",0.00150086089170035
"Drd2","GO:1900037","regulation of cellular response to hypoxia",0.00150086089170035
"Stat3","GO:1900037","regulation of cellular response to hypoxia",0.00150086089170035
"Cdh13","GO:0007266","Rho protein signal transduction",0.00154470060837129
"Apoe","GO:0007266","Rho protein signal transduction",0.00154470060837129
"Met","GO:0007266","Rho protein signal transduction",0.00154470060837129
"Apoa1","GO:0007266","Rho protein signal transduction",0.00154470060837129
"Apoc3","GO:0007266","Rho protein signal transduction",0.00154470060837129
"Got1","GO:0017015","regulation of transforming growth factor beta receptor signaling pathway",0.00154470060837129
"Cav2","GO:0017015","regulation of transforming growth factor beta receptor signaling pathway",0.00154470060837129
"Hspa1a","GO:0017015","regulation of transforming growth factor beta receptor signaling pathway",0.00154470060837129
"Cdkn2b","GO:0017015","regulation of transforming growth factor beta receptor signaling pathway",0.00154470060837129
"Onecut2","GO:0017015","regulation of transforming growth factor beta receptor signaling pathway",0.00154470060837129
"Pten","GO:0031102","neuron projection regeneration",0.00155149494734443
"Jun","GO:0031102","neuron projection regeneration",0.00155149494734443
"Apoa4","GO:0031102","neuron projection regeneration",0.00155149494734443
"Gfap","GO:0031102","neuron projection regeneration",0.00155149494734443
"Myc","GO:0034219","carbohydrate transmembrane transport",0.00158154782623923
"Slc2a9","GO:0034219","carbohydrate transmembrane transport",0.00158154782623923
"Met","GO:0034219","carbohydrate transmembrane transport",0.00158154782623923
"Slc2a1","GO:0034219","carbohydrate transmembrane transport",0.00158154782623923
"Tnf","GO:0034219","carbohydrate transmembrane transport",0.00158154782623923
"Myc","GO:1902893","regulation of miRNA transcription",0.00161983523318847
"Jun","GO:1902893","regulation of miRNA transcription",0.00161983523318847
"Tnf","GO:1902893","regulation of miRNA transcription",0.00161983523318847
"Stat3","GO:1902893","regulation of miRNA transcription",0.00161983523318847
"Met","GO:0043588","skin development",0.00162012390241018
"Cdkn2a","GO:0043588","skin development",0.00162012390241018
"Nf1","GO:0043588","skin development",0.00162012390241018
"Sufu","GO:0043588","skin development",0.00162012390241018
"Tnf","GO:0043588","skin development",0.00162012390241018
"Runx1","GO:0043588","skin development",0.00162012390241018
"Ltb","GO:0043588","skin development",0.00162012390241018
"Apoe","GO:0034377","plasma lipoprotein particle assembly",0.00163028736473813
"Apoa1","GO:0034377","plasma lipoprotein particle assembly",0.00163028736473813
"Apoa4","GO:0034377","plasma lipoprotein particle assembly",0.00163028736473813
"Pten","GO:0048545","response to steroid hormone",0.00163523681765026
"Daxx","GO:0048545","response to steroid hormone",0.00163523681765026
"Got1","GO:0048545","response to steroid hormone",0.00163523681765026
"Cav1","GO:0048545","response to steroid hormone",0.00163523681765026
"Jun","GO:0048545","response to steroid hormone",0.00163523681765026
"Tnf","GO:0048545","response to steroid hormone",0.00163523681765026
"Cbr1","GO:0048545","response to steroid hormone",0.00163523681765026
"Got1","GO:1903844","regulation of cellular response to transforming growth factor beta stimulus",0.00165047129045113
"Cav2","GO:1903844","regulation of cellular response to transforming growth factor beta stimulus",0.00165047129045113
"Hspa1a","GO:1903844","regulation of cellular response to transforming growth factor beta stimulus",0.00165047129045113
"Cdkn2b","GO:1903844","regulation of cellular response to transforming growth factor beta stimulus",0.00165047129045113
"Onecut2","GO:1903844","regulation of cellular response to transforming growth factor beta stimulus",0.00165047129045113
"Pten","GO:0060291","long-term synaptic potentiation",0.00171749013559252
"Drd2","GO:0060291","long-term synaptic potentiation",0.00171749013559252
"Apoe","GO:0060291","long-term synaptic potentiation",0.00171749013559252
"Nf1","GO:0060291","long-term synaptic potentiation",0.00171749013559252
"Adcy8","GO:0060291","long-term synaptic potentiation",0.00171749013559252
"Gfap","GO:0060291","long-term synaptic potentiation",0.00171749013559252
"Myc","GO:0008643","carbohydrate transport",0.00173516579298816
"Slc2a9","GO:0008643","carbohydrate transport",0.00173516579298816
"Met","GO:0008643","carbohydrate transport",0.00173516579298816
"Slc2a1","GO:0008643","carbohydrate transport",0.00173516579298816
"Tnf","GO:0008643","carbohydrate transport",0.00173516579298816
"Cftr","GO:0035270","endocrine system development",0.00173516579298816
"Drd2","GO:0035270","endocrine system development",0.00173516579298816
"Apoa1","GO:0035270","endocrine system development",0.00173516579298816
"Nf1","GO:0035270","endocrine system development",0.00173516579298816
"Onecut2","GO:0035270","endocrine system development",0.00173516579298816
"Drd2","GO:1903828","negative regulation of protein localization",0.00177349774161089
"Apoe","GO:1903828","negative regulation of protein localization",0.00177349774161089
"Cdkn2a","GO:1903828","negative regulation of protein localization",0.00177349774161089
"Nf1","GO:1903828","negative regulation of protein localization",0.00177349774161089
"Idua","GO:1903828","negative regulation of protein localization",0.00177349774161089
"Nedd4l","GO:1903828","negative regulation of protein localization",0.00177349774161089
"Myc","GO:0061614","miRNA transcription",0.00181495083429918
"Jun","GO:0061614","miRNA transcription",0.00181495083429918
"Tnf","GO:0061614","miRNA transcription",0.00181495083429918
"Stat3","GO:0061614","miRNA transcription",0.00181495083429918
"Got1","GO:0046165","alcohol biosynthetic process",0.00182288426023136
"Cftr","GO:0046165","alcohol biosynthetic process",0.00182288426023136
"Sqle","GO:0046165","alcohol biosynthetic process",0.00182288426023136
"Apoe","GO:0046165","alcohol biosynthetic process",0.00182288426023136
"Apoa1","GO:0046165","alcohol biosynthetic process",0.00182288426023136
"Pten","GO:0031647","regulation of protein stability",0.00187896729477461
"Wfs1","GO:0031647","regulation of protein stability",0.00187896729477461
"Hspa1a","GO:0031647","regulation of protein stability",0.00187896729477461
"Cdkn2a","GO:0031647","regulation of protein stability",0.00187896729477461
"Apoa1","GO:0031647","regulation of protein stability",0.00187896729477461
"Hspa1b","GO:0031647","regulation of protein stability",0.00187896729477461
"Nedd4l","GO:0031647","regulation of protein stability",0.00187896729477461
"Sod3","GO:0098869","cellular oxidant detoxification",0.00188311887399319
"Apoe","GO:0098869","cellular oxidant detoxification",0.00188311887399319
"Nqo1","GO:0098869","cellular oxidant detoxification",0.00188311887399319
"Apoa4","GO:0098869","cellular oxidant detoxification",0.00188311887399319
"Stat5a","GO:0097696","cell surface receptor signaling pathway via STAT",0.00214541401447221
"Cav1","GO:0097696","cell surface receptor signaling pathway via STAT",0.00214541401447221
"Tnf","GO:0097696","cell surface receptor signaling pathway via STAT",0.00214541401447221
"Stat3","GO:0097696","cell surface receptor signaling pathway via STAT",0.00214541401447221
"Stat5b","GO:0097696","cell surface receptor signaling pathway via STAT",0.00214541401447221
"Apoe","GO:0097006","regulation of plasma lipoprotein particle levels",0.00214541401447221
"Apoa1","GO:0097006","regulation of plasma lipoprotein particle levels",0.00214541401447221
"Apoc3","GO:0097006","regulation of plasma lipoprotein particle levels",0.00214541401447221
"Apoa4","GO:0097006","regulation of plasma lipoprotein particle levels",0.00214541401447221
"Hspa1a","GO:1903321","negative regulation of protein modification by small protein conjugation or removal",0.00214541401447221
"Cav1","GO:1903321","negative regulation of protein modification by small protein conjugation or removal",0.00214541401447221
"Cdkn2a","GO:1903321","negative regulation of protein modification by small protein conjugation or removal",0.00214541401447221
"Hspa1b","GO:1903321","negative regulation of protein modification by small protein conjugation or removal",0.00214541401447221
"Sod3","GO:0034614","cellular response to reactive oxygen species",0.00218323762319131
"Met","GO:0034614","cellular response to reactive oxygen species",0.00218323762319131
"Cdkn2a","GO:0034614","cellular response to reactive oxygen species",0.00218323762319131
"Nqo1","GO:0034614","cellular response to reactive oxygen species",0.00218323762319131
"Apoa4","GO:0034614","cellular response to reactive oxygen species",0.00218323762319131
"Myc","GO:0043467","regulation of generation of precursor metabolites and energy",0.00218323762319131
"Apoc3","GO:0043467","regulation of generation of precursor metabolites and energy",0.00218323762319131
"Tnf","GO:0043467","regulation of generation of precursor metabolites and energy",0.00218323762319131
"Stat3","GO:0043467","regulation of generation of precursor metabolites and energy",0.00218323762319131
"Ppargc1a","GO:0043467","regulation of generation of precursor metabolites and energy",0.00218323762319131
"Stat5a","GO:0022612","gland morphogenesis",0.00223858996446558
"Cav1","GO:0022612","gland morphogenesis",0.00223858996446558
"Met","GO:0022612","gland morphogenesis",0.00223858996446558
"Cdkn2a","GO:0022612","gland morphogenesis",0.00223858996446558
"Tnf","GO:0022612","gland morphogenesis",0.00223858996446558
"Apoe","GO:0065005","protein-lipid complex assembly",0.00228314886462597
"Apoa1","GO:0065005","protein-lipid complex assembly",0.00228314886462597
"Apoa4","GO:0065005","protein-lipid complex assembly",0.00228314886462597
"Cftr","GO:1904321","response to forskolin",0.00228314886462597
"Jun","GO:1904321","response to forskolin",0.00228314886462597
"Adcy8","GO:1904321","response to forskolin",0.00228314886462597
"Cftr","GO:0003018","vascular process in circulatory system",0.00236653529040006
"Sod3","GO:0003018","vascular process in circulatory system",0.00236653529040006
"Cav1","GO:0003018","vascular process in circulatory system",0.00236653529040006
"Apoe","GO:0003018","vascular process in circulatory system",0.00236653529040006
"Slc2a1","GO:0003018","vascular process in circulatory system",0.00236653529040006
"Tnf","GO:0003018","vascular process in circulatory system",0.00236653529040006
"Myc","GO:1903715","regulation of aerobic respiration",0.00248692097559384
"Apoc3","GO:1903715","regulation of aerobic respiration",0.00248692097559384
"Tnf","GO:1903715","regulation of aerobic respiration",0.00248692097559384
"Wfs1","GO:0050878","regulation of body fluid levels",0.00248692097559384
"Cftr","GO:0050878","regulation of body fluid levels",0.00248692097559384
"Stat5a","GO:0050878","regulation of body fluid levels",0.00248692097559384
"Drd2","GO:0050878","regulation of body fluid levels",0.00248692097559384
"Cav1","GO:0050878","regulation of body fluid levels",0.00248692097559384
"Apoe","GO:0050878","regulation of body fluid levels",0.00248692097559384
"Stat5b","GO:0050878","regulation of body fluid levels",0.00248692097559384
"Sod3","GO:0034599","cellular response to oxidative stress",0.00248728852949171
"Met","GO:0034599","cellular response to oxidative stress",0.00248728852949171
"Cdkn2a","GO:0034599","cellular response to oxidative stress",0.00248728852949171
"Nqo1","GO:0034599","cellular response to oxidative stress",0.00248728852949171
"Apoa4","GO:0034599","cellular response to oxidative stress",0.00248728852949171
"Ppargc1a","GO:0034599","cellular response to oxidative stress",0.00248728852949171
"Pten","GO:0046486","glycerolipid metabolic process",0.0025476813585096
"Cav1","GO:0046486","glycerolipid metabolic process",0.0025476813585096
"Apoe","GO:0046486","glycerolipid metabolic process",0.0025476813585096
"Apoa1","GO:0046486","glycerolipid metabolic process",0.0025476813585096
"Apoc3","GO:0046486","glycerolipid metabolic process",0.0025476813585096
"Apoa4","GO:0046486","glycerolipid metabolic process",0.0025476813585096
"Pon1","GO:0046486","glycerolipid metabolic process",0.0025476813585096
"Apoe","GO:0042157","lipoprotein metabolic process",0.00255967032879954
"Apoa1","GO:0042157","lipoprotein metabolic process",0.00255967032879954
"Apoc3","GO:0042157","lipoprotein metabolic process",0.00255967032879954
"Apoa4","GO:0042157","lipoprotein metabolic process",0.00255967032879954
"Hspa1a","GO:1901874","negative regulation of post-translational protein modification",0.00255967032879954
"Cav1","GO:1901874","negative regulation of post-translational protein modification",0.00255967032879954
"Cdkn2a","GO:1901874","negative regulation of post-translational protein modification",0.00255967032879954
"Hspa1b","GO:1901874","negative regulation of post-translational protein modification",0.00255967032879954
"Daxx","GO:0051402","neuron apoptotic process",0.00255967032879954
"Wfs1","GO:0051402","neuron apoptotic process",0.00255967032879954
"Nf1","GO:0051402","neuron apoptotic process",0.00255967032879954
"Jun","GO:0051402","neuron apoptotic process",0.00255967032879954
"Nqo1","GO:0051402","neuron apoptotic process",0.00255967032879954
"Tnf","GO:0051402","neuron apoptotic process",0.00255967032879954
"Ppargc1a","GO:0051402","neuron apoptotic process",0.00255967032879954
"Pten","GO:1903037","regulation of leukocyte cell-cell adhesion",0.0025906116946161
"Stat5a","GO:1903037","regulation of leukocyte cell-cell adhesion",0.0025906116946161
"Cav1","GO:1903037","regulation of leukocyte cell-cell adhesion",0.0025906116946161
"Cdkn2a","GO:1903037","regulation of leukocyte cell-cell adhesion",0.0025906116946161
"Tnf","GO:1903037","regulation of leukocyte cell-cell adhesion",0.0025906116946161
"Stat5b","GO:1903037","regulation of leukocyte cell-cell adhesion",0.0025906116946161
"Runx1","GO:1903037","regulation of leukocyte cell-cell adhesion",0.0025906116946161
"Hspa1a","GO:1902903","regulation of supramolecular fiber organization",0.0027046403383965
"Cav1","GO:1902903","regulation of supramolecular fiber organization",0.0027046403383965
"Apoe","GO:1902903","regulation of supramolecular fiber organization",0.0027046403383965
"Met","GO:1902903","regulation of supramolecular fiber organization",0.0027046403383965
"Apoa1","GO:1902903","regulation of supramolecular fiber organization",0.0027046403383965
"Mtss1","GO:1902903","regulation of supramolecular fiber organization",0.0027046403383965
"Hspa1b","GO:1902903","regulation of supramolecular fiber organization",0.0027046403383965
"Pten","GO:0032635","interleukin-6 production",0.00273290200683425
"Met","GO:0032635","interleukin-6 production",0.00273290200683425
"Tnf","GO:0032635","interleukin-6 production",0.00273290200683425
"Nos2","GO:0032635","interleukin-6 production",0.00273290200683425
"Stat3","GO:0032635","interleukin-6 production",0.00273290200683425
"Pten","GO:0032675","regulation of interleukin-6 production",0.00273290200683425
"Met","GO:0032675","regulation of interleukin-6 production",0.00273290200683425
"Tnf","GO:0032675","regulation of interleukin-6 production",0.00273290200683425
"Nos2","GO:0032675","regulation of interleukin-6 production",0.00273290200683425
"Stat3","GO:0032675","regulation of interleukin-6 production",0.00273290200683425
"Got1","GO:0090092","regulation of transmembrane receptor protein serine/threonine kinase signaling pathway",0.00276685635845324
"Cav2","GO:0090092","regulation of transmembrane receptor protein serine/threonine kinase signaling pathway",0.00276685635845324
"Hspa1a","GO:0090092","regulation of transmembrane receptor protein serine/threonine kinase signaling pathway",0.00276685635845324
"Cav1","GO:0090092","regulation of transmembrane receptor protein serine/threonine kinase signaling pathway",0.00276685635845324
"Cdkn2b","GO:0090092","regulation of transmembrane receptor protein serine/threonine kinase signaling pathway",0.00276685635845324
"Onecut2","GO:0090092","regulation of transmembrane receptor protein serine/threonine kinase signaling pathway",0.00276685635845324
"Foxp2","GO:0010996","response to auditory stimulus",0.00282499281863812
"Slc1a3","GO:0010996","response to auditory stimulus",0.00282499281863812
"Drd2","GO:0010996","response to auditory stimulus",0.00282499281863812
"Hspa1a","GO:1901099","negative regulation of signal transduction in absence of ligand",0.00282499281863812
"Tnf","GO:1901099","negative regulation of signal transduction in absence of ligand",0.00282499281863812
"Hspa1b","GO:1901099","negative regulation of signal transduction in absence of ligand",0.00282499281863812
"Hspa1a","GO:2001240","negative regulation of extrinsic apoptotic signaling pathway in absence of ligand",0.00282499281863812
"Tnf","GO:2001240","negative regulation of extrinsic apoptotic signaling pathway in absence of ligand",0.00282499281863812
"Hspa1b","GO:2001240","negative regulation of extrinsic apoptotic signaling pathway in absence of ligand",0.00282499281863812
"Pten","GO:0071214","cellular response to abiotic stimulus",0.00283870273102696
"Got1","GO:0071214","cellular response to abiotic stimulus",0.00283870273102696
"Myc","GO:0071214","cellular response to abiotic stimulus",0.00283870273102696
"Cav1","GO:0071214","cellular response to abiotic stimulus",0.00283870273102696
"Cdkn2a","GO:0071214","cellular response to abiotic stimulus",0.00283870273102696
"Slc2a1","GO:0071214","cellular response to abiotic stimulus",0.00283870273102696
"Tnf","GO:0071214","cellular response to abiotic stimulus",0.00283870273102696
"Pten","GO:0104004","cellular response to environmental stimulus",0.00283870273102696
"Got1","GO:0104004","cellular response to environmental stimulus",0.00283870273102696
"Myc","GO:0104004","cellular response to environmental stimulus",0.00283870273102696
"Cav1","GO:0104004","cellular response to environmental stimulus",0.00283870273102696
"Cdkn2a","GO:0104004","cellular response to environmental stimulus",0.00283870273102696
"Slc2a1","GO:0104004","cellular response to environmental stimulus",0.00283870273102696
"Tnf","GO:0104004","cellular response to environmental stimulus",0.00283870273102696
"Lta","GO:0050729","positive regulation of inflammatory response",0.00288947048953744
"Stat5a","GO:0050729","positive regulation of inflammatory response",0.00288947048953744
"Tnf","GO:0050729","positive regulation of inflammatory response",0.00288947048953744
"Stat3","GO:0050729","positive regulation of inflammatory response",0.00288947048953744
"Stat5b","GO:0050729","positive regulation of inflammatory response",0.00288947048953744
"Myc","GO:2000628","regulation of miRNA metabolic process",0.00290784184734277
"Jun","GO:2000628","regulation of miRNA metabolic process",0.00290784184734277
"Tnf","GO:2000628","regulation of miRNA metabolic process",0.00290784184734277
"Stat3","GO:2000628","regulation of miRNA metabolic process",0.00290784184734277
"Stat5a","GO:0030218","erythrocyte differentiation",0.00293623536334742
"Hspa1a","GO:0030218","erythrocyte differentiation",0.00293623536334742
"Stat3","GO:0030218","erythrocyte differentiation",0.00293623536334742
"Hspa1b","GO:0030218","erythrocyte differentiation",0.00293623536334742
"Stat5b","GO:0030218","erythrocyte differentiation",0.00293623536334742
"Pten","GO:0045471","response to ethanol",0.00293623536334742
"Drd2","GO:0045471","response to ethanol",0.00293623536334742
"Jun","GO:0045471","response to ethanol",0.00293623536334742
"Ncam1","GO:0045471","response to ethanol",0.00293623536334742
"Stat3","GO:0045471","response to ethanol",0.00293623536334742
"Hspa1a","GO:0070841","inclusion body assembly",0.00299388211289838
"Apoe","GO:0070841","inclusion body assembly",0.00299388211289838
"Hspa1b","GO:0070841","inclusion body assembly",0.00299388211289838
"Slc44a4","GO:0015748","organophosphate ester transport",0.00299388211289838
"Apoe","GO:0015748","organophosphate ester transport",0.00299388211289838
"Apoa1","GO:0015748","organophosphate ester transport",0.00299388211289838
"Apoc3","GO:0015748","organophosphate ester transport",0.00299388211289838
"Apoa4","GO:0015748","organophosphate ester transport",0.00299388211289838
"Cav1","GO:0006809","nitric oxide biosynthetic process",0.00309256737353392
"Apoe","GO:0006809","nitric oxide biosynthetic process",0.00309256737353392
"Tnf","GO:0006809","nitric oxide biosynthetic process",0.00309256737353392
"Nos2","GO:0006809","nitric oxide biosynthetic process",0.00309256737353392
"Wfs1","GO:0031016","pancreas development",0.00309256737353392
"Cftr","GO:0031016","pancreas development",0.00309256737353392
"Met","GO:0031016","pancreas development",0.00309256737353392
"Onecut2","GO:0031016","pancreas development",0.00309256737353392
"Stat5a","GO:0030879","mammary gland development",0.00312215378473722
"Cav1","GO:0030879","mammary gland development",0.00312215378473722
"Cdkn2a","GO:0030879","mammary gland development",0.00312215378473722
"Wnt2","GO:0030879","mammary gland development",0.00312215378473722
"Stat5b","GO:0030879","mammary gland development",0.00312215378473722
"Myc","GO:0014015","positive regulation of gliogenesis",0.00315056778262278
"Lta","GO:0014015","positive regulation of gliogenesis",0.00315056778262278
"Tnf","GO:0014015","positive regulation of gliogenesis",0.00315056778262278
"Gfap","GO:0014015","positive regulation of gliogenesis",0.00315056778262278
"Hspa1a","GO:0032273","positive regulation of protein polymerization",0.00315056778262278
"Cav1","GO:0032273","positive regulation of protein polymerization",0.00315056778262278
"Met","GO:0032273","positive regulation of protein polymerization",0.00315056778262278
"Hspa1b","GO:0032273","positive regulation of protein polymerization",0.00315056778262278
"Myc","GO:0046323","D-glucose import",0.00315056778262278
"Slc2a9","GO:0046323","D-glucose import",0.00315056778262278
"Slc2a1","GO:0046323","D-glucose import",0.00315056778262278
"Tnf","GO:0046323","D-glucose import",0.00315056778262278
"Pten","GO:0090398","cellular senescence",0.00315056778262278
"Cav1","GO:0090398","cellular senescence",0.00315056778262278
"Cdkn2a","GO:0090398","cellular senescence",0.00315056778262278
"Cdkn2b","GO:0090398","cellular senescence",0.00315056778262278
"Foxp2","GO:0002053","positive regulation of mesenchymal cell proliferation",0.00315056778262278
"Myc","GO:0002053","positive regulation of mesenchymal cell proliferation",0.00315056778262278
"Wnt2","GO:0002053","positive regulation of mesenchymal cell proliferation",0.00315056778262278
"Cav2","GO:0044794","host-mediated activation of viral process",0.00315056778262278
"Apoe","GO:0044794","host-mediated activation of viral process",0.00315056778262278
"Jun","GO:0044794","host-mediated activation of viral process",0.00315056778262278
"Daxx","GO:0009408","response to heat",0.00324089628914339
"Hspa1a","GO:0009408","response to heat",0.00324089628914339
"Nf1","GO:0009408","response to heat",0.00324089628914339
"Hspa1b","GO:0009408","response to heat",0.00324089628914339
"Apoe","GO:0035023","regulation of Rho protein signal transduction",0.00324089628914339
"Met","GO:0035023","regulation of Rho protein signal transduction",0.00324089628914339
"Apoa1","GO:0035023","regulation of Rho protein signal transduction",0.00324089628914339
"Apoc3","GO:0035023","regulation of Rho protein signal transduction",0.00324089628914339
"Pten","GO:0048678","response to axon injury",0.00324089628914339
"Drd2","GO:0048678","response to axon injury",0.00324089628914339
"Jun","GO:0048678","response to axon injury",0.00324089628914339
"Apoa4","GO:0048678","response to axon injury",0.00324089628914339
"Stat5a","GO:0010594","regulation of endothelial cell migration",0.00326137776316232
"Apoe","GO:0010594","regulation of endothelial cell migration",0.00326137776316232
"Met","GO:0010594","regulation of endothelial cell migration",0.00326137776316232
"Nf1","GO:0010594","regulation of endothelial cell migration",0.00326137776316232
"Tnf","GO:0010594","regulation of endothelial cell migration",0.00326137776316232
"Pten","GO:0007613","memory",0.00333434532152401
"Drd2","GO:0007613","memory",0.00333434532152401
"Apoe","GO:0007613","memory",0.00333434532152401
"Adcy8","GO:0007613","memory",0.00333434532152401
"Idua","GO:0007613","memory",0.00333434532152401
"Stat5a","GO:0060416","response to growth hormone",0.00333576441890258
"Stat3","GO:0060416","response to growth hormone",0.00333576441890258
"Stat5b","GO:0060416","response to growth hormone",0.00333576441890258
"Pten","GO:0071361","cellular response to ethanol",0.00333576441890258
"Drd2","GO:0071361","cellular response to ethanol",0.00333576441890258
"Ncam1","GO:0071361","cellular response to ethanol",0.00333576441890258
"Pten","GO:0007626","locomotory behavior",0.0034084390486541
"Drd2","GO:0007626","locomotory behavior",0.0034084390486541
"Apoe","GO:0007626","locomotory behavior",0.0034084390486541
"Astn1","GO:0007626","locomotory behavior",0.0034084390486541
"Adcy8","GO:0007626","locomotory behavior",0.0034084390486541
"Idua","GO:0007626","locomotory behavior",0.0034084390486541
"Pten","GO:1903035","negative regulation of response to wounding",0.00343818507554298
"Apoe","GO:1903035","negative regulation of response to wounding",0.00343818507554298
"Tnf","GO:1903035","negative regulation of response to wounding",0.00343818507554298
"Stat3","GO:1903035","negative regulation of response to wounding",0.00343818507554298
"Pten","GO:1903034","regulation of response to wounding",0.00344993278748712
"Cav1","GO:1903034","regulation of response to wounding",0.00344993278748712
"Apoe","GO:1903034","regulation of response to wounding",0.00344993278748712
"Tnf","GO:1903034","regulation of response to wounding",0.00344993278748712
"Stat3","GO:1903034","regulation of response to wounding",0.00344993278748712
"Slc1a3","GO:0015807","L-amino acid transport",0.00355096311433327
"Nf1","GO:0015807","L-amino acid transport",0.00355096311433327
"Tnf","GO:0015807","L-amino acid transport",0.00355096311433327
"Slc7a8","GO:0015807","L-amino acid transport",0.00355096311433327
"Cav2","GO:0006898","receptor-mediated endocytosis",0.0036199117417955
"Drd2","GO:0006898","receptor-mediated endocytosis",0.0036199117417955
"Cav1","GO:0006898","receptor-mediated endocytosis",0.0036199117417955
"Apoe","GO:0006898","receptor-mediated endocytosis",0.0036199117417955
"Apoc3","GO:0006898","receptor-mediated endocytosis",0.0036199117417955
"Nedd4l","GO:0006898","receptor-mediated endocytosis",0.0036199117417955
"Pten","GO:0007009","plasma membrane organization",0.00366921380195453
"Cav2","GO:0007009","plasma membrane organization",0.00366921380195453
"Cav1","GO:0007009","plasma membrane organization",0.00366921380195453
"Mtss1","GO:0007009","plasma membrane organization",0.00366921380195453
"Ndrg1","GO:0007009","plasma membrane organization",0.00366921380195453
"Stat5a","GO:0034101","erythrocyte homeostasis",0.00366921380195453
"Hspa1a","GO:0034101","erythrocyte homeostasis",0.00366921380195453
"Stat3","GO:0034101","erythrocyte homeostasis",0.00366921380195453
"Hspa1b","GO:0034101","erythrocyte homeostasis",0.00366921380195453
"Stat5b","GO:0034101","erythrocyte homeostasis",0.00366921380195453
"Lta","GO:0050727","regulation of inflammatory response",0.00372425415450768
"Stat5a","GO:0050727","regulation of inflammatory response",0.00372425415450768
"Apoe","GO:0050727","regulation of inflammatory response",0.00372425415450768
"Apoa1","GO:0050727","regulation of inflammatory response",0.00372425415450768
"Tnf","GO:0050727","regulation of inflammatory response",0.00372425415450768
"Stat3","GO:0050727","regulation of inflammatory response",0.00372425415450768
"Stat5b","GO:0050727","regulation of inflammatory response",0.00372425415450768
"Myc","GO:0006140","regulation of nucleotide metabolic process",0.00372425415450768
"Nqo1","GO:0006140","regulation of nucleotide metabolic process",0.00372425415450768
"Stat3","GO:0006140","regulation of nucleotide metabolic process",0.00372425415450768
"Ppargc1a","GO:0006140","regulation of nucleotide metabolic process",0.00372425415450768
"Hspa1a","GO:0031110","regulation of microtubule polymerization or depolymerization",0.00372425415450768
"Cav1","GO:0031110","regulation of microtubule polymerization or depolymerization",0.00372425415450768
"Met","GO:0031110","regulation of microtubule polymerization or depolymerization",0.00372425415450768
"Hspa1b","GO:0031110","regulation of microtubule polymerization or depolymerization",0.00372425415450768
"Stat5a","GO:0043535","regulation of blood vessel endothelial cell migration",0.00372425415450768
"Apoe","GO:0043535","regulation of blood vessel endothelial cell migration",0.00372425415450768
"Nf1","GO:0043535","regulation of blood vessel endothelial cell migration",0.00372425415450768
"Tnf","GO:0043535","regulation of blood vessel endothelial cell migration",0.00372425415450768
"Myc","GO:1900542","regulation of purine nucleotide metabolic process",0.00372425415450768
"Nqo1","GO:1900542","regulation of purine nucleotide metabolic process",0.00372425415450768
"Stat3","GO:1900542","regulation of purine nucleotide metabolic process",0.00372425415450768
"Ppargc1a","GO:1900542","regulation of purine nucleotide metabolic process",0.00372425415450768
"Pten","GO:2000060","positive regulation of ubiquitin-dependent protein catabolic process",0.00372425415450768
"Hspa1a","GO:2000060","positive regulation of ubiquitin-dependent protein catabolic process",0.00372425415450768
"Hspa1b","GO:2000060","positive regulation of ubiquitin-dependent protein catabolic process",0.00372425415450768
"Trib1","GO:2000060","positive regulation of ubiquitin-dependent protein catabolic process",0.00372425415450768
"Daxx","GO:0031396","regulation of protein ubiquitination",0.00376895850668876
"Wfs1","GO:0031396","regulation of protein ubiquitination",0.00376895850668876
"Hspa1a","GO:0031396","regulation of protein ubiquitination",0.00376895850668876
"Cav1","GO:0031396","regulation of protein ubiquitination",0.00376895850668876
"Hspa1b","GO:0031396","regulation of protein ubiquitination",0.00376895850668876
"Cav1","GO:0046209","nitric oxide metabolic process",0.00384260969861367
"Apoe","GO:0046209","nitric oxide metabolic process",0.00384260969861367
"Tnf","GO:0046209","nitric oxide metabolic process",0.00384260969861367
"Nos2","GO:0046209","nitric oxide metabolic process",0.00384260969861367
"Drd2","GO:0009914","hormone transport",0.00394156402388816
"Tnf","GO:0009914","hormone transport",0.00394156402388816
"Nos2","GO:0009914","hormone transport",0.00394156402388816
"Slc7a8","GO:0009914","hormone transport",0.00394156402388816
"Adcy8","GO:0009914","hormone transport",0.00394156402388816
"Mc4r","GO:0009914","hormone transport",0.00394156402388816
"Runx1","GO:0009914","hormone transport",0.00394156402388816
"Pten","GO:0001953","negative regulation of cell-matrix adhesion",0.00395746106522917
"Cdkn2a","GO:0001953","negative regulation of cell-matrix adhesion",0.00395746106522917
"Nf1","GO:0001953","negative regulation of cell-matrix adhesion",0.00395746106522917
"Stat5a","GO:0032743","positive regulation of interleukin-2 production",0.00395746106522917
"Stat5b","GO:0032743","positive regulation of interleukin-2 production",0.00395746106522917
"Runx1","GO:0032743","positive regulation of interleukin-2 production",0.00395746106522917
"Lta","GO:0043123","positive regulation of canonical NF-kappaB signal transduction",0.00407393128861601
"Cav1","GO:0043123","positive regulation of canonical NF-kappaB signal transduction",0.00407393128861601
"Tnf","GO:0043123","positive regulation of canonical NF-kappaB signal transduction",0.00407393128861601
"Stat3","GO:0043123","positive regulation of canonical NF-kappaB signal transduction",0.00407393128861601
"Ltb","GO:0043123","positive regulation of canonical NF-kappaB signal transduction",0.00407393128861601
"Cav1","GO:2001057","reactive nitrogen species metabolic process",0.00407393128861601
"Apoe","GO:2001057","reactive nitrogen species metabolic process",0.00407393128861601
"Tnf","GO:2001057","reactive nitrogen species metabolic process",0.00407393128861601
"Nos2","GO:2001057","reactive nitrogen species metabolic process",0.00407393128861601
"Hspa1a","GO:0046785","microtubule polymerization",0.00418882325369987
"Cav1","GO:0046785","microtubule polymerization",0.00418882325369987
"Met","GO:0046785","microtubule polymerization",0.00418882325369987
"Hspa1b","GO:0046785","microtubule polymerization",0.00418882325369987
"Stat5a","GO:0040018","positive regulation of multicellular organism growth",0.00418882325369987
"Drd2","GO:0040018","positive regulation of multicellular organism growth",0.00418882325369987
"Stat5b","GO:0040018","positive regulation of multicellular organism growth",0.00418882325369987
"Slc15a1","GO:0051953","negative regulation of amine transport",0.00418882325369987
"Drd2","GO:0051953","negative regulation of amine transport",0.00418882325369987
"Tnf","GO:0051953","negative regulation of amine transport",0.00418882325369987
"Pten","GO:0001558","regulation of cell growth",0.00422619000733586
"Slc44a4","GO:0001558","regulation of cell growth",0.00422619000733586
"Hspa1a","GO:0001558","regulation of cell growth",0.00422619000733586
"Apoe","GO:0001558","regulation of cell growth",0.00422619000733586
"Cdkn2a","GO:0001558","regulation of cell growth",0.00422619000733586
"Hspa1b","GO:0001558","regulation of cell growth",0.00422619000733586
"Nedd4l","GO:0001558","regulation of cell growth",0.00422619000733586
"Pten","GO:0032102","negative regulation of response to external stimulus",0.00422619000733586
"Drd2","GO:0032102","negative regulation of response to external stimulus",0.00422619000733586
"Apoe","GO:0032102","negative regulation of response to external stimulus",0.00422619000733586
"Apoa1","GO:0032102","negative regulation of response to external stimulus",0.00422619000733586
"Tnf","GO:0032102","negative regulation of response to external stimulus",0.00422619000733586
"Stat3","GO:0032102","negative regulation of response to external stimulus",0.00422619000733586
"Trib1","GO:0032102","negative regulation of response to external stimulus",0.00422619000733586
"Nf1","GO:0043525","positive regulation of neuron apoptotic process",0.0043007520813897
"Jun","GO:0043525","positive regulation of neuron apoptotic process",0.0043007520813897
"Nqo1","GO:0043525","positive regulation of neuron apoptotic process",0.0043007520813897
"Tnf","GO:0043525","positive regulation of neuron apoptotic process",0.0043007520813897
"Lta","GO:0032496","response to lipopolysaccharide",0.00442681742234846
"Jun","GO:0032496","response to lipopolysaccharide",0.00442681742234846
"Nqo1","GO:0032496","response to lipopolysaccharide",0.00442681742234846
"Tnf","GO:0032496","response to lipopolysaccharide",0.00442681742234846
"Nos2","GO:0032496","response to lipopolysaccharide",0.00442681742234846
"Stat5b","GO:0032496","response to lipopolysaccharide",0.00442681742234846
"Trib1","GO:0032496","response to lipopolysaccharide",0.00442681742234846
"Cdh13","GO:0071402","cellular response to lipoprotein particle stimulus",0.00442681742234846
"Apoe","GO:0071402","cellular response to lipoprotein particle stimulus",0.00442681742234846
"Apoa1","GO:0071402","cellular response to lipoprotein particle stimulus",0.00442681742234846
"Pten","GO:0042552","myelination",0.00445690146694846
"Mpz","GO:0042552","myelination",0.00445690146694846
"Nf1","GO:0042552","myelination",0.00445690146694846
"Tnf","GO:0042552","myelination",0.00445690146694846
"Ndrg1","GO:0042552","myelination",0.00445690146694846
"Myc","GO:0010586","miRNA metabolic process",0.00471048746146538
"Jun","GO:0010586","miRNA metabolic process",0.00471048746146538
"Tnf","GO:0010586","miRNA metabolic process",0.00471048746146538
"Stat3","GO:0010586","miRNA metabolic process",0.00471048746146538
"Apoe","GO:0015914","phospholipid transport",0.00471048746146538
"Apoa1","GO:0015914","phospholipid transport",0.00471048746146538
"Apoc3","GO:0015914","phospholipid transport",0.00471048746146538
"Apoa4","GO:0015914","phospholipid transport",0.00471048746146538
"Stat5a","GO:0045165","cell fate commitment",0.00472553625136527
"Wnt2","GO:0045165","cell fate commitment",0.00472553625136527
"Sufu","GO:0045165","cell fate commitment",0.00472553625136527
"Stat3","GO:0045165","cell fate commitment",0.00472553625136527
"Runx1","GO:0045165","cell fate commitment",0.00472553625136527
"Onecut2","GO:0045165","cell fate commitment",0.00472553625136527
"Drd2","GO:0001659","temperature homeostasis",0.00477003658740591
"Cav1","GO:0001659","temperature homeostasis",0.00477003658740591
"Tnf","GO:0001659","temperature homeostasis",0.00477003658740591
"Stat3","GO:0001659","temperature homeostasis",0.00477003658740591
"Ppargc1a","GO:0001659","temperature homeostasis",0.00477003658740591
"Pten","GO:0007272","ensheathment of neurons",0.00477003658740591
"Mpz","GO:0007272","ensheathment of neurons",0.00477003658740591
"Nf1","GO:0007272","ensheathment of neurons",0.00477003658740591
"Tnf","GO:0007272","ensheathment of neurons",0.00477003658740591
"Ndrg1","GO:0007272","ensheathment of neurons",0.00477003658740591
"Pten","GO:0008366","axon ensheathment",0.00477003658740591
"Mpz","GO:0008366","axon ensheathment",0.00477003658740591
"Nf1","GO:0008366","axon ensheathment",0.00477003658740591
"Tnf","GO:0008366","axon ensheathment",0.00477003658740591
"Ndrg1","GO:0008366","axon ensheathment",0.00477003658740591
"Cftr","GO:0035296","regulation of tube diameter",0.00477003658740591
"Sod3","GO:0035296","regulation of tube diameter",0.00477003658740591
"Cav1","GO:0035296","regulation of tube diameter",0.00477003658740591
"Apoe","GO:0035296","regulation of tube diameter",0.00477003658740591
"Tnf","GO:0035296","regulation of tube diameter",0.00477003658740591
"Cftr","GO:0097746","blood vessel diameter maintenance",0.00477003658740591
"Sod3","GO:0097746","blood vessel diameter maintenance",0.00477003658740591
"Cav1","GO:0097746","blood vessel diameter maintenance",0.00477003658740591
"Apoe","GO:0097746","blood vessel diameter maintenance",0.00477003658740591
"Tnf","GO:0097746","blood vessel diameter maintenance",0.00477003658740591
"Myc","GO:0009060","aerobic respiration",0.00480177396985787
"Apoc3","GO:0009060","aerobic respiration",0.00480177396985787
"Tnf","GO:0009060","aerobic respiration",0.00480177396985787
"Stat3","GO:0009060","aerobic respiration",0.00480177396985787
"Ppargc1a","GO:0009060","aerobic respiration",0.00480177396985787
"Cox4i1","GO:0009060","aerobic respiration",0.00480177396985787
"Cftr","GO:0035150","regulation of tube size",0.00485061619956071
"Sod3","GO:0035150","regulation of tube size",0.00485061619956071
"Cav1","GO:0035150","regulation of tube size",0.00485061619956071
"Apoe","GO:0035150","regulation of tube size",0.00485061619956071
"Tnf","GO:0035150","regulation of tube size",0.00485061619956071
"Drd2","GO:0007616","long-term memory",0.00485915404004732
"Apoe","GO:0007616","long-term memory",0.00485915404004732
"Adcy8","GO:0007616","long-term memory",0.00485915404004732
"Slc1a3","GO:0051938","L-glutamate import",0.00485915404004732
"Nf1","GO:0051938","L-glutamate import",0.00485915404004732
"Tnf","GO:0051938","L-glutamate import",0.00485915404004732
"Apoe","GO:0070328","triglyceride homeostasis",0.00485915404004732
"Apoa1","GO:0070328","triglyceride homeostasis",0.00485915404004732
"Apoc3","GO:0070328","triglyceride homeostasis",0.00485915404004732
"Pten","GO:0032755","positive regulation of interleukin-6 production",0.00485915404004732
"Tnf","GO:0032755","positive regulation of interleukin-6 production",0.00485915404004732
"Nos2","GO:0032755","positive regulation of interleukin-6 production",0.00485915404004732
"Stat3","GO:0032755","positive regulation of interleukin-6 production",0.00485915404004732
"Sod3","GO:1990748","cellular detoxification",0.00485915404004732
"Apoe","GO:1990748","cellular detoxification",0.00485915404004732
"Nqo1","GO:1990748","cellular detoxification",0.00485915404004732
"Apoa4","GO:1990748","cellular detoxification",0.00485915404004732
"Apoe","GO:0002021","response to dietary excess",0.00512165557686465
"Ppargc1a","GO:0002021","response to dietary excess",0.00512165557686465
"Mc4r","GO:0002021","response to dietary excess",0.00512165557686465
"Foxp2","GO:0010464","regulation of mesenchymal cell proliferation",0.00512165557686465
"Myc","GO:0010464","regulation of mesenchymal cell proliferation",0.00512165557686465
"Wnt2","GO:0010464","regulation of mesenchymal cell proliferation",0.00512165557686465
"Got1","GO:0019674","NAD+ metabolic process",0.00512165557686465
"Slc1a3","GO:0019674","NAD+ metabolic process",0.00512165557686465
"Nqo1","GO:0019674","NAD+ metabolic process",0.00512165557686465
"Hspa1a","GO:0043254","regulation of protein-containing complex assembly",0.00528466340576755
"Cav1","GO:0043254","regulation of protein-containing complex assembly",0.00528466340576755
"Apoe","GO:0043254","regulation of protein-containing complex assembly",0.00528466340576755
"Met","GO:0043254","regulation of protein-containing complex assembly",0.00528466340576755
"Tnf","GO:0043254","regulation of protein-containing complex assembly",0.00528466340576755
"Ncam1","GO:0043254","regulation of protein-containing complex assembly",0.00528466340576755
"Hspa1b","GO:0043254","regulation of protein-containing complex assembly",0.00528466340576755
"Slc1a3","GO:0003333","amino acid transmembrane transport",0.00528466340576755
"Tnf","GO:0003333","amino acid transmembrane transport",0.00528466340576755
"Slc7a8","GO:0003333","amino acid transmembrane transport",0.00528466340576755
"Gfap","GO:0003333","amino acid transmembrane transport",0.00528466340576755
"Hspa1a","GO:0033209","tumor necrosis factor-mediated signaling pathway",0.00528466340576755
"Apoa1","GO:0033209","tumor necrosis factor-mediated signaling pathway",0.00528466340576755
"Tnf","GO:0033209","tumor necrosis factor-mediated signaling pathway",0.00528466340576755
"Hspa1b","GO:0033209","tumor necrosis factor-mediated signaling pathway",0.00528466340576755
"Lta","GO:0002237","response to molecule of bacterial origin",0.00531386734685296
"Jun","GO:0002237","response to molecule of bacterial origin",0.00531386734685296
"Nqo1","GO:0002237","response to molecule of bacterial origin",0.00531386734685296
"Tnf","GO:0002237","response to molecule of bacterial origin",0.00531386734685296
"Nos2","GO:0002237","response to molecule of bacterial origin",0.00531386734685296
"Stat5b","GO:0002237","response to molecule of bacterial origin",0.00531386734685296
"Trib1","GO:0002237","response to molecule of bacterial origin",0.00531386734685296
"Drd2","GO:0009306","protein secretion",0.00531386734685296
"Apoe","GO:0009306","protein secretion",0.00531386734685296
"Tnf","GO:0009306","protein secretion",0.00531386734685296
"Nos2","GO:0009306","protein secretion",0.00531386734685296
"Adcy8","GO:0009306","protein secretion",0.00531386734685296
"Idua","GO:0009306","protein secretion",0.00531386734685296
"Mc4r","GO:0009306","protein secretion",0.00531386734685296
"Myc","GO:0015980","energy derivation by oxidation of organic compounds",0.00536819026392909
"Apoc3","GO:0015980","energy derivation by oxidation of organic compounds",0.00536819026392909
"Tnf","GO:0015980","energy derivation by oxidation of organic compounds",0.00536819026392909
"Stat3","GO:0015980","energy derivation by oxidation of organic compounds",0.00536819026392909
"Ppargc1a","GO:0015980","energy derivation by oxidation of organic compounds",0.00536819026392909
"Cox4i1","GO:0015980","energy derivation by oxidation of organic compounds",0.00536819026392909
"Mc4r","GO:0015980","energy derivation by oxidation of organic compounds",0.00536819026392909
"Foxp2","GO:0007612","learning",0.00542585708946444
"Drd2","GO:0007612","learning",0.00542585708946444
"Nf1","GO:0007612","learning",0.00542585708946444
"Jun","GO:0007612","learning",0.00542585708946444
"Idua","GO:0007612","learning",0.00542585708946444
"Drd2","GO:0035592","establishment of protein localization to extracellular region",0.00547809946506836
"Apoe","GO:0035592","establishment of protein localization to extracellular region",0.00547809946506836
"Tnf","GO:0035592","establishment of protein localization to extracellular region",0.00547809946506836
"Nos2","GO:0035592","establishment of protein localization to extracellular region",0.00547809946506836
"Adcy8","GO:0035592","establishment of protein localization to extracellular region",0.00547809946506836
"Idua","GO:0035592","establishment of protein localization to extracellular region",0.00547809946506836
"Mc4r","GO:0035592","establishment of protein localization to extracellular region",0.00547809946506836
"Wfs1","GO:0006874","intracellular calcium ion homeostasis",0.00564468379384906
"Cav2","GO:0006874","intracellular calcium ion homeostasis",0.00564468379384906
"Drd2","GO:0006874","intracellular calcium ion homeostasis",0.00564468379384906
"Cav1","GO:0006874","intracellular calcium ion homeostasis",0.00564468379384906
"Apoe","GO:0006874","intracellular calcium ion homeostasis",0.00564468379384906
"Adcy8","GO:0006874","intracellular calcium ion homeostasis",0.00564468379384906
"Pten","GO:0032228","regulation of synaptic transmission, GABAergic",0.0056524473373739
"Drd2","GO:0032228","regulation of synaptic transmission, GABAergic",0.0056524473373739
"Nf1","GO:0032228","regulation of synaptic transmission, GABAergic",0.0056524473373739
"Myc","GO:0034763","negative regulation of transmembrane transport",0.00565987789582524
"Cav1","GO:0034763","negative regulation of transmembrane transport",0.00565987789582524
"Tnf","GO:0034763","negative regulation of transmembrane transport",0.00565987789582524
"Nedd4l","GO:0034763","negative regulation of transmembrane transport",0.00565987789582524
"Daxx","GO:0035967","cellular response to topologically incorrect protein",0.00565987789582524
"Wfs1","GO:0035967","cellular response to topologically incorrect protein",0.00565987789582524
"Hspa1a","GO:0035967","cellular response to topologically incorrect protein",0.00565987789582524
"Cav1","GO:0035967","cellular response to topologically incorrect protein",0.00565987789582524
"Drd2","GO:0071692","protein localization to extracellular region",0.00565987789582524
"Apoe","GO:0071692","protein localization to extracellular region",0.00565987789582524
"Tnf","GO:0071692","protein localization to extracellular region",0.00565987789582524
"Nos2","GO:0071692","protein localization to extracellular region",0.00565987789582524
"Adcy8","GO:0071692","protein localization to extracellular region",0.00565987789582524
"Idua","GO:0071692","protein localization to extracellular region",0.00565987789582524
"Mc4r","GO:0071692","protein localization to extracellular region",0.00565987789582524
"Wfs1","GO:0043523","regulation of neuron apoptotic process",0.00565987789582524
"Nf1","GO:0043523","regulation of neuron apoptotic process",0.00565987789582524
"Jun","GO:0043523","regulation of neuron apoptotic process",0.00565987789582524
"Nqo1","GO:0043523","regulation of neuron apoptotic process",0.00565987789582524
"Tnf","GO:0043523","regulation of neuron apoptotic process",0.00565987789582524
"Ppargc1a","GO:0043523","regulation of neuron apoptotic process",0.00565987789582524
"Apoa1","GO:0030300","regulation of intestinal cholesterol absorption",0.00565987789582524
"Apoa4","GO:0030300","regulation of intestinal cholesterol absorption",0.00565987789582524
"Runx1","GO:0030853","negative regulation of granulocyte differentiation",0.00565987789582524
"Trib1","GO:0030853","negative regulation of granulocyte differentiation",0.00565987789582524
"Apoe","GO:0034384","high-density lipoprotein particle clearance",0.00565987789582524
"Apoc3","GO:0034384","high-density lipoprotein particle clearance",0.00565987789582524
"Apoe","GO:0034447","very-low-density lipoprotein particle clearance",0.00565987789582524
"Apoc3","GO:0034447","very-low-density lipoprotein particle clearance",0.00565987789582524
"Stat5a","GO:0035723","interleukin-15-mediated signaling pathway",0.00565987789582524
"Stat3","GO:0035723","interleukin-15-mediated signaling pathway",0.00565987789582524
"Got1","GO:0043490","malate-aspartate shuttle",0.00565987789582524
"Slc1a3","GO:0043490","malate-aspartate shuttle",0.00565987789582524
"Stat5a","GO:0046543","development of secondary female sexual characteristics",0.00565987789582524
"Stat5b","GO:0046543","development of secondary female sexual characteristics",0.00565987789582524
"Stat5a","GO:0070662","mast cell proliferation",0.00565987789582524
"Nf1","GO:0070662","mast cell proliferation",0.00565987789582524
"Slc2a9","GO:0070837","dehydroascorbic acid transport",0.00565987789582524
"Slc2a1","GO:0070837","dehydroascorbic acid transport",0.00565987789582524
"Stat5a","GO:0071350","cellular response to interleukin-15",0.00565987789582524
"Stat3","GO:0071350","cellular response to interleukin-15",0.00565987789582524
"Foxp2","GO:0098597","observational learning",0.00565987789582524
"Nf1","GO:0098597","observational learning",0.00565987789582524
"Apoc3","GO:1901856","negative regulation of cellular respiration",0.00565987789582524
"Tnf","GO:1901856","negative regulation of cellular respiration",0.00565987789582524
"Myc","GO:0043473","pigmentation",0.00580683887626151
"Drd2","GO:0043473","pigmentation",0.00580683887626151
"Apoe","GO:0043473","pigmentation",0.00580683887626151
"Nf1","GO:0043473","pigmentation",0.00580683887626151
"Pten","GO:2000106","regulation of leukocyte apoptotic process",0.00580683887626151
"Myc","GO:2000106","regulation of leukocyte apoptotic process",0.00580683887626151
"Stat5a","GO:2000106","regulation of leukocyte apoptotic process",0.00580683887626151
"Nf1","GO:2000106","regulation of leukocyte apoptotic process",0.00580683887626151
"Pten","GO:0070374","positive regulation of ERK1 and ERK2 cascade",0.00593539370453897
"Drd2","GO:0070374","positive regulation of ERK1 and ERK2 cascade",0.00593539370453897
"Apoe","GO:0070374","positive regulation of ERK1 and ERK2 cascade",0.00593539370453897
"Jun","GO:0070374","positive regulation of ERK1 and ERK2 cascade",0.00593539370453897
"Dcc","GO:0070374","positive regulation of ERK1 and ERK2 cascade",0.00593539370453897
"Myc","GO:0009314","response to radiation",0.00593782769470234
"Slc1a3","GO:0009314","response to radiation",0.00593782769470234
"Drd2","GO:0009314","response to radiation",0.00593782769470234
"Cdkn2a","GO:0009314","response to radiation",0.00593782769470234
"Nf1","GO:0009314","response to radiation",0.00593782769470234
"Tnf","GO:0009314","response to radiation",0.00593782769470234
"Idua","GO:0009314","response to radiation",0.00593782769470234
"Cav1","GO:0019217","regulation of fatty acid metabolic process",0.00594611495610133
"Apoc3","GO:0019217","regulation of fatty acid metabolic process",0.00594611495610133
"Apoa4","GO:0019217","regulation of fatty acid metabolic process",0.00594611495610133
"Ppargc1a","GO:0019217","regulation of fatty acid metabolic process",0.00594611495610133
"Tnf","GO:0006766","vitamin metabolic process",0.00599056106294029
"Cbr3","GO:0006766","vitamin metabolic process",0.00599056106294029
"Cbr1","GO:0006766","vitamin metabolic process",0.00599056106294029
"Apoe","GO:0034205","amyloid-beta formation",0.00599056106294029
"Apoa1","GO:0034205","amyloid-beta formation",0.00599056106294029
"Tnf","GO:0034205","amyloid-beta formation",0.00599056106294029
"Got1","GO:0090287","regulation of cellular response to growth factor stimulus",0.00599056106294029
"Cav2","GO:0090287","regulation of cellular response to growth factor stimulus",0.00599056106294029
"Hspa1a","GO:0090287","regulation of cellular response to growth factor stimulus",0.00599056106294029
"Cav1","GO:0090287","regulation of cellular response to growth factor stimulus",0.00599056106294029
"Cdkn2b","GO:0090287","regulation of cellular response to growth factor stimulus",0.00599056106294029
"Onecut2","GO:0090287","regulation of cellular response to growth factor stimulus",0.00599056106294029
"Wfs1","GO:0042593","glucose homeostasis",0.00602980432347198
"Met","GO:0042593","glucose homeostasis",0.00602980432347198
"Cdkn2a","GO:0042593","glucose homeostasis",0.00602980432347198
"Apoc3","GO:0042593","glucose homeostasis",0.00602980432347198
"Adcy8","GO:0042593","glucose homeostasis",0.00602980432347198
"Stat3","GO:0042593","glucose homeostasis",0.00602980432347198
"Slc1a3","GO:0006835","dicarboxylic acid transport",0.00602980432347198
"Nf1","GO:0006835","dicarboxylic acid transport",0.00602980432347198
"Tnf","GO:0006835","dicarboxylic acid transport",0.00602980432347198
"Gfap","GO:0006835","dicarboxylic acid transport",0.00602980432347198
"Drd2","GO:0050795","regulation of behavior",0.00602980432347198
"Apoe","GO:0050795","regulation of behavior",0.00602980432347198
"Stat3","GO:0050795","regulation of behavior",0.00602980432347198
"Mc4r","GO:0050795","regulation of behavior",0.00602980432347198
"Gpc5","GO:0016055","Wnt signaling pathway",0.00602980432347198
"Myc","GO:0016055","Wnt signaling pathway",0.00602980432347198
"Drd2","GO:0016055","Wnt signaling pathway",0.00602980432347198
"Cav1","GO:0016055","Wnt signaling pathway",0.00602980432347198
"Apoe","GO:0016055","Wnt signaling pathway",0.00602980432347198
"Wwox","GO:0016055","Wnt signaling pathway",0.00602980432347198
"Wnt2","GO:0016055","Wnt signaling pathway",0.00602980432347198
"Pten","GO:0022408","negative regulation of cell-cell adhesion",0.00602980432347198
"Stat5a","GO:0022408","negative regulation of cell-cell adhesion",0.00602980432347198
"Cdkn2a","GO:0022408","negative regulation of cell-cell adhesion",0.00602980432347198
"Apoa1","GO:0022408","negative regulation of cell-cell adhesion",0.00602980432347198
"Runx1","GO:0022408","negative regulation of cell-cell adhesion",0.00602980432347198
"Wfs1","GO:0033500","carbohydrate homeostasis",0.00608504086675559
"Met","GO:0033500","carbohydrate homeostasis",0.00608504086675559
"Cdkn2a","GO:0033500","carbohydrate homeostasis",0.00608504086675559
"Apoc3","GO:0033500","carbohydrate homeostasis",0.00608504086675559
"Adcy8","GO:0033500","carbohydrate homeostasis",0.00608504086675559
"Stat3","GO:0033500","carbohydrate homeostasis",0.00608504086675559
"Drd2","GO:0032355","response to estradiol",0.00616744057201522
"Stat3","GO:0032355","response to estradiol",0.00616744057201522
"Stat5b","GO:0032355","response to estradiol",0.00616744057201522
"Cbr1","GO:0032355","response to estradiol",0.00616744057201522
"Drd2","GO:0001764","neuron migration",0.00636456059252558
"Met","GO:0001764","neuron migration",0.00636456059252558
"Astn1","GO:0001764","neuron migration",0.00636456059252558
"Stat3","GO:0001764","neuron migration",0.00636456059252558
"Dcc","GO:0001764","neuron migration",0.00636456059252558
"Stat5a","GO:0030851","granulocyte differentiation",0.00638574612724213
"Runx1","GO:0030851","granulocyte differentiation",0.00638574612724213
"Trib1","GO:0030851","granulocyte differentiation",0.00638574612724213
"Myc","GO:0045981","positive regulation of nucleotide metabolic process",0.00638574612724213
"Nqo1","GO:0045981","positive regulation of nucleotide metabolic process",0.00638574612724213
"Stat3","GO:0045981","positive regulation of nucleotide metabolic process",0.00638574612724213
"Myc","GO:1900544","positive regulation of purine nucleotide metabolic process",0.00638574612724213
"Nqo1","GO:1900544","positive regulation of purine nucleotide metabolic process",0.00638574612724213
"Stat3","GO:1900544","positive regulation of purine nucleotide metabolic process",0.00638574612724213
"Lta","GO:0002676","regulation of chronic inflammatory response",0.00638574612724213
"Tnf","GO:0002676","regulation of chronic inflammatory response",0.00638574612724213
"Pten","GO:0007270","neuron-neuron synaptic transmission",0.00638574612724213
"Drd2","GO:0007270","neuron-neuron synaptic transmission",0.00638574612724213
"Hspa1a","GO:0010968","regulation of microtubule nucleation",0.00638574612724213
"Hspa1b","GO:0010968","regulation of microtubule nucleation",0.00638574612724213
"Stat5a","GO:0019530","taurine metabolic process",0.00638574612724213
"Stat5b","GO:0019530","taurine metabolic process",0.00638574612724213
"Stat5a","GO:0019694","alkanesulfonate metabolic process",0.00638574612724213
"Stat5b","GO:0019694","alkanesulfonate metabolic process",0.00638574612724213
"Pten","GO:0031642","negative regulation of myelination",0.00638574612724213
"Tnf","GO:0031642","negative regulation of myelination",0.00638574612724213
"Stat5a","GO:0045647","negative regulation of erythrocyte differentiation",0.00638574612724213
"Stat5b","GO:0045647","negative regulation of erythrocyte differentiation",0.00638574612724213
"Cav2","GO:0060159","regulation of dopamine receptor signaling pathway",0.00638574612724213
"Drd2","GO:0060159","regulation of dopamine receptor signaling pathway",0.00638574612724213
"Met","GO:0060693","regulation of branching involved in salivary gland morphogenesis",0.00638574612724213
"Tnf","GO:0060693","regulation of branching involved in salivary gland morphogenesis",0.00638574612724213
"Hspa1a","GO:0070432","regulation of nucleotide-binding oligomerization domain containing 2 signaling pathway",0.00638574612724213
"Hspa1b","GO:0070432","regulation of nucleotide-binding oligomerization domain containing 2 signaling pathway",0.00638574612724213
"Pten","GO:0097090","presynaptic membrane organization",0.00638574612724213
"Apoe","GO:0097090","presynaptic membrane organization",0.00638574612724213
"Drd2","GO:0051048","negative regulation of secretion",0.00638574612724213
"Apoe","GO:0051048","negative regulation of secretion",0.00638574612724213
"Nf1","GO:0051048","negative regulation of secretion",0.00638574612724213
"Tnf","GO:0051048","negative regulation of secretion",0.00638574612724213
"Idua","GO:0051048","negative regulation of secretion",0.00638574612724213
"Drd2","GO:0015908","fatty acid transport",0.00646837779362999
"Apoe","GO:0015908","fatty acid transport",0.00646837779362999
"Slc2a1","GO:0015908","fatty acid transport",0.00646837779362999
"Nos2","GO:0015908","fatty acid transport",0.00646837779362999
"Myc","GO:0010562","positive regulation of phosphorus metabolic process",0.00646837779362999
"Nqo1","GO:0010562","positive regulation of phosphorus metabolic process",0.00646837779362999
"Tnf","GO:0010562","positive regulation of phosphorus metabolic process",0.00646837779362999
"Adcy8","GO:0010562","positive regulation of phosphorus metabolic process",0.00646837779362999
"Stat3","GO:0010562","positive regulation of phosphorus metabolic process",0.00646837779362999
"Myc","GO:0045937","positive regulation of phosphate metabolic process",0.00646837779362999
"Nqo1","GO:0045937","positive regulation of phosphate metabolic process",0.00646837779362999
"Tnf","GO:0045937","positive regulation of phosphate metabolic process",0.00646837779362999
"Adcy8","GO:0045937","positive regulation of phosphate metabolic process",0.00646837779362999
"Stat3","GO:0045937","positive regulation of phosphate metabolic process",0.00646837779362999
"Drd2","GO:0050708","regulation of protein secretion",0.00652646636241761
"Apoe","GO:0050708","regulation of protein secretion",0.00652646636241761
"Tnf","GO:0050708","regulation of protein secretion",0.00652646636241761
"Nos2","GO:0050708","regulation of protein secretion",0.00652646636241761
"Adcy8","GO:0050708","regulation of protein secretion",0.00652646636241761
"Idua","GO:0050708","regulation of protein secretion",0.00652646636241761
"Cav1","GO:0006641","triglyceride metabolic process",0.00659890026328782
"Apoe","GO:0006641","triglyceride metabolic process",0.00659890026328782
"Apoc3","GO:0006641","triglyceride metabolic process",0.00659890026328782
"Apoa4","GO:0006641","triglyceride metabolic process",0.00659890026328782
"Tnf","GO:0006953","acute-phase response",0.00659890026328782
"Stat3","GO:0006953","acute-phase response",0.00659890026328782
"Stat5b","GO:0006953","acute-phase response",0.00659890026328782
"Nf1","GO:0045124","regulation of bone resorption",0.00659890026328782
"Idua","GO:0045124","regulation of bone resorption",0.00659890026328782
"Mc4r","GO:0045124","regulation of bone resorption",0.00659890026328782
"Hspa1a","GO:0031334","positive regulation of protein-containing complex assembly",0.00692060327259559
"Cav1","GO:0031334","positive regulation of protein-containing complex assembly",0.00692060327259559
"Met","GO:0031334","positive regulation of protein-containing complex assembly",0.00692060327259559
"Tnf","GO:0031334","positive regulation of protein-containing complex assembly",0.00692060327259559
"Hspa1b","GO:0031334","positive regulation of protein-containing complex assembly",0.00692060327259559
"Myc","GO:0045787","positive regulation of cell cycle",0.00705224194205091
"Stat5a","GO:0045787","positive regulation of cell cycle",0.00705224194205091
"Drd2","GO:0045787","positive regulation of cell cycle",0.00705224194205091
"Met","GO:0045787","positive regulation of cell cycle",0.00705224194205091
"Tnf","GO:0045787","positive regulation of cell cycle",0.00705224194205091
"Stat5b","GO:0045787","positive regulation of cell cycle",0.00705224194205091
"Pten","GO:0050866","negative regulation of cell activation",0.00725674992424862
"Stat5a","GO:0050866","negative regulation of cell activation",0.00725674992424862
"Apoe","GO:0050866","negative regulation of cell activation",0.00725674992424862
"Cdkn2a","GO:0050866","negative regulation of cell activation",0.00725674992424862
"Runx1","GO:0050866","negative regulation of cell activation",0.00725674992424862
"Pten","GO:0060043","regulation of cardiac muscle cell proliferation",0.00725674992424862
"Wnt2","GO:0060043","regulation of cardiac muscle cell proliferation",0.00725674992424862
"Ncam1","GO:0060043","regulation of cardiac muscle cell proliferation",0.00725674992424862
"Apoe","GO:0090207","regulation of triglyceride metabolic process",0.00725674992424862
"Apoc3","GO:0090207","regulation of triglyceride metabolic process",0.00725674992424862
"Apoa4","GO:0090207","regulation of triglyceride metabolic process",0.00725674992424862
"Slc15a1","GO:0015837","amine transport",0.00725674992424862
"Drd2","GO:0015837","amine transport",0.00725674992424862
"Tnf","GO:0015837","amine transport",0.00725674992424862
"Slc7a8","GO:0015837","amine transport",0.00725674992424862
"Pten","GO:0031099","regeneration",0.00725674992424862
"Apoa1","GO:0031099","regeneration",0.00725674992424862
"Jun","GO:0031099","regeneration",0.00725674992424862
"Apoa4","GO:0031099","regeneration",0.00725674992424862
"Gfap","GO:0031099","regeneration",0.00725674992424862
"Runx1","GO:0030854","positive regulation of granulocyte differentiation",0.00725674992424862
"Trib1","GO:0030854","positive regulation of granulocyte differentiation",0.00725674992424862
"Stat5a","GO:0032825","positive regulation of natural killer cell differentiation",0.00725674992424862
"Stat5b","GO:0032825","positive regulation of natural killer cell differentiation",0.00725674992424862
"Stat5a","GO:0045588","positive regulation of gamma-delta T cell differentiation",0.00725674992424862
"Stat5b","GO:0045588","positive regulation of gamma-delta T cell differentiation",0.00725674992424862
"Stat5a","GO:0046645","positive regulation of gamma-delta T cell activation",0.00725674992424862
"Stat5b","GO:0046645","positive regulation of gamma-delta T cell activation",0.00725674992424862
"Foxp2","GO:0060502","epithelial cell proliferation involved in lung morphogenesis",0.00725674992424862
"Wnt2","GO:0060502","epithelial cell proliferation involved in lung morphogenesis",0.00725674992424862
"Apoe","GO:0061771","response to caloric restriction",0.00725674992424862
"Nqo1","GO:0061771","response to caloric restriction",0.00725674992424862
"Cav1","GO:0072584","caveolin-mediated endocytosis",0.00725674992424862
"Nedd4l","GO:0072584","caveolin-mediated endocytosis",0.00725674992424862
"Hspa1a","GO:0090084","negative regulation of inclusion body assembly",0.00725674992424862
"Hspa1b","GO:0090084","negative regulation of inclusion body assembly",0.00725674992424862
"Pten","GO:0033555","multicellular organismal response to stress",0.00733104523107603
"Apoe","GO:0033555","multicellular organismal response to stress",0.00733104523107603
"Ncam1","GO:0033555","multicellular organismal response to stress",0.00733104523107603
"Runx1","GO:0033555","multicellular organismal response to stress",0.00733104523107603
"Wfs1","GO:0055074","calcium ion homeostasis",0.00743307230586177
"Cav2","GO:0055074","calcium ion homeostasis",0.00743307230586177
"Drd2","GO:0055074","calcium ion homeostasis",0.00743307230586177
"Cav1","GO:0055074","calcium ion homeostasis",0.00743307230586177
"Apoe","GO:0055074","calcium ion homeostasis",0.00743307230586177
"Adcy8","GO:0055074","calcium ion homeostasis",0.00743307230586177
"Stat5a","GO:0045581","negative regulation of T cell differentiation",0.00744117882524777
"Cdkn2a","GO:0045581","negative regulation of T cell differentiation",0.00744117882524777
"Runx1","GO:0045581","negative regulation of T cell differentiation",0.00744117882524777
"Sod3","GO:0098754","detoxification",0.00749083388254009
"Apoe","GO:0098754","detoxification",0.00749083388254009
"Nqo1","GO:0098754","detoxification",0.00749083388254009
"Apoa4","GO:0098754","detoxification",0.00749083388254009
"Apoe","GO:0046890","regulation of lipid biosynthetic process",0.00758167204972858
"Apoc3","GO:0046890","regulation of lipid biosynthetic process",0.00758167204972858
"Tnf","GO:0046890","regulation of lipid biosynthetic process",0.00758167204972858
"Apoa4","GO:0046890","regulation of lipid biosynthetic process",0.00758167204972858
"Ppargc1a","GO:0046890","regulation of lipid biosynthetic process",0.00758167204972858
"Apoe","GO:0016042","lipid catabolic process",0.00769078091367013
"Pcca","GO:0016042","lipid catabolic process",0.00769078091367013
"Apoc3","GO:0016042","lipid catabolic process",0.00769078091367013
"Tnf","GO:0016042","lipid catabolic process",0.00769078091367013
"Apoa4","GO:0016042","lipid catabolic process",0.00769078091367013
"Cbr1","GO:0016042","lipid catabolic process",0.00769078091367013
"Myc","GO:0043457","regulation of cellular respiration",0.00774869495699798
"Apoc3","GO:0043457","regulation of cellular respiration",0.00774869495699798
"Tnf","GO:0043457","regulation of cellular respiration",0.00774869495699798
"Pten","GO:0043491","phosphatidylinositol 3-kinase/protein kinase B signal transduction",0.00774869495699798
"Drd2","GO:0043491","phosphatidylinositol 3-kinase/protein kinase B signal transduction",0.00774869495699798
"Cdkn2a","GO:0043491","phosphatidylinositol 3-kinase/protein kinase B signal transduction",0.00774869495699798
"Nf1","GO:0043491","phosphatidylinositol 3-kinase/protein kinase B signal transduction",0.00774869495699798
"Tnf","GO:0043491","phosphatidylinositol 3-kinase/protein kinase B signal transduction",0.00774869495699798
"Stat3","GO:0043491","phosphatidylinositol 3-kinase/protein kinase B signal transduction",0.00774869495699798
"Myc","GO:0045333","cellular respiration",0.00774869495699798
"Apoc3","GO:0045333","cellular respiration",0.00774869495699798
"Tnf","GO:0045333","cellular respiration",0.00774869495699798
"Stat3","GO:0045333","cellular respiration",0.00774869495699798
"Ppargc1a","GO:0045333","cellular respiration",0.00774869495699798
"Cox4i1","GO:0045333","cellular respiration",0.00774869495699798
"Hspa1a","GO:0010803","regulation of tumor necrosis factor-mediated signaling pathway",0.00810139214714341
"Apoa1","GO:0010803","regulation of tumor necrosis factor-mediated signaling pathway",0.00810139214714341
"Hspa1b","GO:0010803","regulation of tumor necrosis factor-mediated signaling pathway",0.00810139214714341
"Hspa1a","GO:0046902","regulation of mitochondrial membrane permeability",0.00810139214714341
"Bcl2l2","GO:0046902","regulation of mitochondrial membrane permeability",0.00810139214714341
"Stat3","GO:0046902","regulation of mitochondrial membrane permeability",0.00810139214714341
"Hspa1a","GO:0034612","response to tumor necrosis factor",0.00813327579580354
"Apoa1","GO:0034612","response to tumor necrosis factor",0.00813327579580354
"Tnf","GO:0034612","response to tumor necrosis factor",0.00813327579580354
"Nos2","GO:0034612","response to tumor necrosis factor",0.00813327579580354
"Hspa1b","GO:0034612","response to tumor necrosis factor",0.00813327579580354
"Pten","GO:0042098","T cell proliferation",0.00813327579580354
"Myc","GO:0042098","T cell proliferation",0.00813327579580354
"Stat5a","GO:0042098","T cell proliferation",0.00813327579580354
"Cdkn2a","GO:0042098","T cell proliferation",0.00813327579580354
"Stat5b","GO:0042098","T cell proliferation",0.00813327579580354
"Apoe","GO:0062014","negative regulation of small molecule metabolic process",0.00813327579580354
"Apoc3","GO:0062014","negative regulation of small molecule metabolic process",0.00813327579580354
"Stat3","GO:0062014","negative regulation of small molecule metabolic process",0.00813327579580354
"Ppargc1a","GO:0062014","negative regulation of small molecule metabolic process",0.00813327579580354
"Cav2","GO:0019065","receptor-mediated endocytosis of virus by host cell",0.00813327579580354
"Cav1","GO:0019065","receptor-mediated endocytosis of virus by host cell",0.00813327579580354
"Cbr3","GO:0042363","fat-soluble vitamin catabolic process",0.00813327579580354
"Cbr1","GO:0042363","fat-soluble vitamin catabolic process",0.00813327579580354
"Cav2","GO:0044857","plasma membrane raft organization",0.00813327579580354
"Cav1","GO:0044857","plasma membrane raft organization",0.00813327579580354
"Stat5a","GO:0045136","development of secondary sexual characteristics",0.00813327579580354
"Stat5b","GO:0045136","development of secondary sexual characteristics",0.00813327579580354
"Stat5a","GO:0048537","mucosa-associated lymphoid tissue development",0.00813327579580354
"Stat5b","GO:0048537","mucosa-associated lymphoid tissue development",0.00813327579580354
"Stat5a","GO:0048541","Peyer's patch development",0.00813327579580354
"Stat5b","GO:0048541","Peyer's patch development",0.00813327579580354
"Hspa1a","GO:0070424","regulation of nucleotide-binding domain, leucine rich repeat containing receptor signaling pathway",0.00813327579580354
"Hspa1b","GO:0070424","regulation of nucleotide-binding domain, leucine rich repeat containing receptor signaling pathway",0.00813327579580354
"Drd2","GO:2001223","negative regulation of neuron migration",0.00813327579580354
"Stat3","GO:2001223","negative regulation of neuron migration",0.00813327579580354
"Pten","GO:0007160","cell-matrix adhesion",0.00813327579580354
"Cdh13","GO:0007160","cell-matrix adhesion",0.00813327579580354
"Cdkn2a","GO:0007160","cell-matrix adhesion",0.00813327579580354
"Nf1","GO:0007160","cell-matrix adhesion",0.00813327579580354
"Onecut2","GO:0007160","cell-matrix adhesion",0.00813327579580354
"Daxx","GO:0035264","multicellular organism growth",0.00813327579580354
"Stat5a","GO:0035264","multicellular organism growth",0.00813327579580354
"Drd2","GO:0035264","multicellular organism growth",0.00813327579580354
"Stat3","GO:0035264","multicellular organism growth",0.00813327579580354
"Stat5b","GO:0035264","multicellular organism growth",0.00813327579580354
"Pten","GO:0061041","regulation of wound healing",0.00821179404517272
"Cav1","GO:0061041","regulation of wound healing",0.00821179404517272
"Apoe","GO:0061041","regulation of wound healing",0.00821179404517272
"Tnf","GO:0061041","regulation of wound healing",0.00821179404517272
"Slc15a1","GO:0015833","peptide transport",0.0085894907257716
"Drd2","GO:0015833","peptide transport",0.0085894907257716
"Tnf","GO:0015833","peptide transport",0.0085894907257716
"Nos2","GO:0015833","peptide transport",0.0085894907257716
"Adcy8","GO:0015833","peptide transport",0.0085894907257716
"Mc4r","GO:0015833","peptide transport",0.0085894907257716
"Foxp2","GO:0010463","mesenchymal cell proliferation",0.00861851169199163
"Myc","GO:0010463","mesenchymal cell proliferation",0.00861851169199163
"Wnt2","GO:0010463","mesenchymal cell proliferation",0.00861851169199163
"Pten","GO:0071709","membrane assembly",0.00861851169199163
"Cav2","GO:0071709","membrane assembly",0.00861851169199163
"Cav1","GO:0071709","membrane assembly",0.00861851169199163
"Pten","GO:0007623","circadian rhythm",0.00897799126912659
"Drd2","GO:0007623","circadian rhythm",0.00897799126912659
"Jun","GO:0007623","circadian rhythm",0.00897799126912659
"Nos2","GO:0007623","circadian rhythm",0.00897799126912659
"Ppargc1a","GO:0007623","circadian rhythm",0.00897799126912659
"Cftr","GO:0002696","positive regulation of leukocyte activation",0.00897827279759289
"Stat5a","GO:0002696","positive regulation of leukocyte activation",0.00897827279759289
"Cav1","GO:0002696","positive regulation of leukocyte activation",0.00897827279759289
"Tnf","GO:0002696","positive regulation of leukocyte activation",0.00897827279759289
"Stat5b","GO:0002696","positive regulation of leukocyte activation",0.00897827279759289
"Runx1","GO:0002696","positive regulation of leukocyte activation",0.00897827279759289
"Pten","GO:0070661","leukocyte proliferation",0.00897827279759289
"Myc","GO:0070661","leukocyte proliferation",0.00897827279759289
"Stat5a","GO:0070661","leukocyte proliferation",0.00897827279759289
"Cdkn2a","GO:0070661","leukocyte proliferation",0.00897827279759289
"Nf1","GO:0070661","leukocyte proliferation",0.00897827279759289
"Stat5b","GO:0070661","leukocyte proliferation",0.00897827279759289
"Pten","GO:0031589","cell-substrate adhesion",0.00914431699432917
"Cdh13","GO:0031589","cell-substrate adhesion",0.00914431699432917
"Cdkn2a","GO:0031589","cell-substrate adhesion",0.00914431699432917
"Apoa1","GO:0031589","cell-substrate adhesion",0.00914431699432917
"Nf1","GO:0031589","cell-substrate adhesion",0.00914431699432917
"Onecut2","GO:0031589","cell-substrate adhesion",0.00914431699432917
"Cav2","GO:0001765","membrane raft assembly",0.00914431699432917
"Cav1","GO:0001765","membrane raft assembly",0.00914431699432917
"Nf1","GO:0010624","regulation of Schwann cell proliferation",0.00914431699432917
"Gfap","GO:0010624","regulation of Schwann cell proliferation",0.00914431699432917
"Stat5a","GO:0038110","interleukin-2-mediated signaling pathway",0.00914431699432917
"Stat3","GO:0038110","interleukin-2-mediated signaling pathway",0.00914431699432917
"Stat5a","GO:0071352","cellular response to interleukin-2",0.00914431699432917
"Stat3","GO:0071352","cellular response to interleukin-2",0.00914431699432917
"Apoa1","GO:1904729","regulation of intestinal lipid absorption",0.00914431699432917
"Apoa4","GO:1904729","regulation of intestinal lipid absorption",0.00914431699432917
"Apoe","GO:2001138","regulation of phospholipid transport",0.00914431699432917
"Apoa1","GO:2001138","regulation of phospholipid transport",0.00914431699432917
"Apoe","GO:2001140","positive regulation of phospholipid transport",0.00914431699432917
"Apoa1","GO:2001140","positive regulation of phospholipid transport",0.00914431699432917
"Myc","GO:0009150","purine ribonucleotide metabolic process",0.00917479420455729
"Hspa1a","GO:0009150","purine ribonucleotide metabolic process",0.00917479420455729
"Adcy8","GO:0009150","purine ribonucleotide metabolic process",0.00917479420455729
"Stat3","GO:0009150","purine ribonucleotide metabolic process",0.00917479420455729
"Hspa1b","GO:0009150","purine ribonucleotide metabolic process",0.00917479420455729
"Ppargc1a","GO:0009150","purine ribonucleotide metabolic process",0.00917479420455729
"Stat5a","GO:0022602","ovulation cycle process",0.00920746328321956
"Stat5b","GO:0022602","ovulation cycle process",0.00920746328321956
"Runx1","GO:0022602","ovulation cycle process",0.00920746328321956
"Apoe","GO:0042987","amyloid precursor protein catabolic process",0.00920746328321956
"Apoa1","GO:0042987","amyloid precursor protein catabolic process",0.00920746328321956
"Tnf","GO:0042987","amyloid precursor protein catabolic process",0.00920746328321956
"Pten","GO:0048608","reproductive structure development",0.00936694922337034
"Cftr","GO:0048608","reproductive structure development",0.00936694922337034
"Stat5a","GO:0048608","reproductive structure development",0.00936694922337034
"Bcl2l2","GO:0048608","reproductive structure development",0.00936694922337034
"Stat5b","GO:0048608","reproductive structure development",0.00936694922337034
"Runx1","GO:0048608","reproductive structure development",0.00936694922337034
"Myc","GO:0001763","morphogenesis of a branching structure",0.00948630171019774
"Drd2","GO:0001763","morphogenesis of a branching structure",0.00948630171019774
"Met","GO:0001763","morphogenesis of a branching structure",0.00948630171019774
"Wnt2","GO:0001763","morphogenesis of a branching structure",0.00948630171019774
"Tnf","GO:0001763","morphogenesis of a branching structure",0.00948630171019774
"Drd2","GO:0060047","heart contraction",0.00948630171019774
"Cav1","GO:0060047","heart contraction",0.00948630171019774
"Met","GO:0060047","heart contraction",0.00948630171019774
"Tnf","GO:0060047","heart contraction",0.00948630171019774
"Nedd4l","GO:0060047","heart contraction",0.00948630171019774
"Nf1","GO:0046850","regulation of bone remodeling",0.00956804551005637
"Idua","GO:0046850","regulation of bone remodeling",0.00956804551005637
"Mc4r","GO:0046850","regulation of bone remodeling",0.00956804551005637
"Wfs1","GO:0031401","positive regulation of protein modification process",0.00961444171780287
"Cav1","GO:0031401","positive regulation of protein modification process",0.00961444171780287
"Cdkn2a","GO:0031401","positive regulation of protein modification process",0.00961444171780287
"Tnf","GO:0031401","positive regulation of protein modification process",0.00961444171780287
"Adcy8","GO:0031401","positive regulation of protein modification process",0.00961444171780287
"Myc","GO:0006119","oxidative phosphorylation",0.00989058972520748
"Apoc3","GO:0006119","oxidative phosphorylation",0.00989058972520748
"Tnf","GO:0006119","oxidative phosphorylation",0.00989058972520748
"Cox4i1","GO:0006119","oxidative phosphorylation",0.00989058972520748
"Pten","GO:0061458","reproductive system development",0.00989058972520748
"Cftr","GO:0061458","reproductive system development",0.00989058972520748
"Stat5a","GO:0061458","reproductive system development",0.00989058972520748
"Bcl2l2","GO:0061458","reproductive system development",0.00989058972520748
"Stat5b","GO:0061458","reproductive system development",0.00989058972520748
"Runx1","GO:0061458","reproductive system development",0.00989058972520748
"Apoe","GO:0051056","regulation of small GTPase mediated signal transduction",0.00989465085903052
"Met","GO:0051056","regulation of small GTPase mediated signal transduction",0.00989465085903052
"Apoa1","GO:0051056","regulation of small GTPase mediated signal transduction",0.00989465085903052
"Nf1","GO:0051056","regulation of small GTPase mediated signal transduction",0.00989465085903052
"Apoc3","GO:0051056","regulation of small GTPase mediated signal transduction",0.00989465085903052
"Stat5a","GO:0060443","mammary gland morphogenesis",0.00991511420957783
"Cav1","GO:0060443","mammary gland morphogenesis",0.00991511420957783
"Cdkn2a","GO:0060443","mammary gland morphogenesis",0.00991511420957783
"Myc","GO:0046034","ATP metabolic process",0.0100014518486564
"Hspa1a","GO:0046034","ATP metabolic process",0.0100014518486564
"Stat3","GO:0046034","ATP metabolic process",0.0100014518486564
"Hspa1b","GO:0046034","ATP metabolic process",0.0100014518486564
"Ppargc1a","GO:0046034","ATP metabolic process",0.0100014518486564
"Daxx","GO:0014902","myotube differentiation",0.0100014518486564
"Myc","GO:0014902","myotube differentiation",0.0100014518486564
"Cav2","GO:0014902","myotube differentiation",0.0100014518486564
"Met","GO:0014902","myotube differentiation",0.0100014518486564
"Pten","GO:0050868","negative regulation of T cell activation",0.0100014518486564
"Stat5a","GO:0050868","negative regulation of T cell activation",0.0100014518486564
"Cdkn2a","GO:0050868","negative regulation of T cell activation",0.0100014518486564
"Runx1","GO:0050868","negative regulation of T cell activation",0.0100014518486564
"Wfs1","GO:2001234","negative regulation of apoptotic signaling pathway",0.0100014518486564
"Hspa1a","GO:2001234","negative regulation of apoptotic signaling pathway",0.0100014518486564
"Tnf","GO:2001234","negative regulation of apoptotic signaling pathway",0.0100014518486564
"Bcl2l2","GO:2001234","negative regulation of apoptotic signaling pathway",0.0100014518486564
"Hspa1b","GO:2001234","negative regulation of apoptotic signaling pathway",0.0100014518486564
"Nf1","GO:0014010","Schwann cell proliferation",0.0100014518486564
"Gfap","GO:0014010","Schwann cell proliferation",0.0100014518486564
"Apoe","GO:0032372","negative regulation of sterol transport",0.0100014518486564
"Apoc3","GO:0032372","negative regulation of sterol transport",0.0100014518486564
"Apoe","GO:0032375","negative regulation of cholesterol transport",0.0100014518486564
"Apoc3","GO:0032375","negative regulation of cholesterol transport",0.0100014518486564
"Stat5a","GO:0045586","regulation of gamma-delta T cell differentiation",0.0100014518486564
"Stat5b","GO:0045586","regulation of gamma-delta T cell differentiation",0.0100014518486564
"Stat5a","GO:0046643","regulation of gamma-delta T cell activation",0.0100014518486564
"Stat5b","GO:0046643","regulation of gamma-delta T cell activation",0.0100014518486564
"Apoa1","GO:0070508","cholesterol import",0.0100014518486564
"Apoc3","GO:0070508","cholesterol import",0.0100014518486564
"Cav2","GO:0075509","endocytosis involved in viral entry into host cell",0.0100014518486564
"Cav1","GO:0075509","endocytosis involved in viral entry into host cell",0.0100014518486564
"Hspa1a","GO:1903265","positive regulation of tumor necrosis factor-mediated signaling pathway",0.0100014518486564
"Hspa1b","GO:1903265","positive regulation of tumor necrosis factor-mediated signaling pathway",0.0100014518486564
"Wwox","GO:2001241","positive regulation of extrinsic apoptotic signaling pathway in absence of ligand",0.0100014518486564
"Nf1","GO:2001241","positive regulation of extrinsic apoptotic signaling pathway in absence of ligand",0.0100014518486564
"Pten","GO:0050864","regulation of B cell activation",0.0100619198040157
"Stat5a","GO:0050864","regulation of B cell activation",0.0100619198040157
"Cdkn2a","GO:0050864","regulation of B cell activation",0.0100619198040157
"Stat5b","GO:0050864","regulation of B cell activation",0.0100619198040157
"Pten","GO:0031103","axon regeneration",0.0100619198040157
"Jun","GO:0031103","axon regeneration",0.0100619198040157
"Apoa4","GO:0031103","axon regeneration",0.0100619198040157
"Pten","GO:0021782","glial cell development",0.0102767743705703
"Nf1","GO:0021782","glial cell development",0.0102767743705703
"Gfap","GO:0021782","glial cell development",0.0102767743705703
"Ndrg1","GO:0021782","glial cell development",0.0102767743705703
"Pten","GO:0048167","regulation of synaptic plasticity",0.0104323233973954
"Drd2","GO:0048167","regulation of synaptic plasticity",0.0104323233973954
"Apoe","GO:0048167","regulation of synaptic plasticity",0.0104323233973954
"Nf1","GO:0048167","regulation of synaptic plasticity",0.0104323233973954
"Adcy8","GO:0048167","regulation of synaptic plasticity",0.0104323233973954
"Gfap","GO:0048167","regulation of synaptic plasticity",0.0104323233973954
"Stat5a","GO:0045620","negative regulation of lymphocyte differentiation",0.0104364700254932
"Cdkn2a","GO:0045620","negative regulation of lymphocyte differentiation",0.0104364700254932
"Runx1","GO:0045620","negative regulation of lymphocyte differentiation",0.0104364700254932
"Apoe","GO:0050435","amyloid-beta metabolic process",0.0104364700254932
"Apoa1","GO:0050435","amyloid-beta metabolic process",0.0104364700254932
"Tnf","GO:0050435","amyloid-beta metabolic process",0.0104364700254932
"Drd2","GO:0051224","negative regulation of protein transport",0.0104508336091345
"Apoe","GO:0051224","negative regulation of protein transport",0.0104508336091345
"Nf1","GO:0051224","negative regulation of protein transport",0.0104508336091345
"Idua","GO:0051224","negative regulation of protein transport",0.0104508336091345
"Pten","GO:0050863","regulation of T cell activation",0.0106216848469799
"Stat5a","GO:0050863","regulation of T cell activation",0.0106216848469799
"Cav1","GO:0050863","regulation of T cell activation",0.0106216848469799
"Cdkn2a","GO:0050863","regulation of T cell activation",0.0106216848469799
"Stat5b","GO:0050863","regulation of T cell activation",0.0106216848469799
"Runx1","GO:0050863","regulation of T cell activation",0.0106216848469799
"Drd2","GO:0003015","heart process",0.0106266120679345
"Cav1","GO:0003015","heart process",0.0106266120679345
"Met","GO:0003015","heart process",0.0106266120679345
"Tnf","GO:0003015","heart process",0.0106266120679345
"Nedd4l","GO:0003015","heart process",0.0106266120679345
"Daxx","GO:0035966","response to topologically incorrect protein",0.0106266120679345
"Wfs1","GO:0035966","response to topologically incorrect protein",0.0106266120679345
"Hspa1a","GO:0035966","response to topologically incorrect protein",0.0106266120679345
"Cav1","GO:0035966","response to topologically incorrect protein",0.0106266120679345
"Apoe","GO:0097009","energy homeostasis",0.0106266120679345
"Stat3","GO:0097009","energy homeostasis",0.0106266120679345
"Ppargc1a","GO:0097009","energy homeostasis",0.0106266120679345
"Mc4r","GO:0097009","energy homeostasis",0.0106266120679345
"Myc","GO:0006110","regulation of glycolytic process",0.0106495906683885
"Stat3","GO:0006110","regulation of glycolytic process",0.0106495906683885
"Ppargc1a","GO:0006110","regulation of glycolytic process",0.0106495906683885
"Pten","GO:0010812","negative regulation of cell-substrate adhesion",0.0106495906683885
"Cdkn2a","GO:0010812","negative regulation of cell-substrate adhesion",0.0106495906683885
"Nf1","GO:0010812","negative regulation of cell-substrate adhesion",0.0106495906683885
"Myc","GO:0030811","regulation of nucleotide catabolic process",0.0106495906683885
"Stat3","GO:0030811","regulation of nucleotide catabolic process",0.0106495906683885
"Ppargc1a","GO:0030811","regulation of nucleotide catabolic process",0.0106495906683885
"Myc","GO:0033121","regulation of purine nucleotide catabolic process",0.0106495906683885
"Stat3","GO:0033121","regulation of purine nucleotide catabolic process",0.0106495906683885
"Ppargc1a","GO:0033121","regulation of purine nucleotide catabolic process",0.0106495906683885
"Apoa1","GO:0046470","phosphatidylcholine metabolic process",0.0106495906683885
"Apoa4","GO:0046470","phosphatidylcholine metabolic process",0.0106495906683885
"Pon1","GO:0046470","phosphatidylcholine metabolic process",0.0106495906683885
"Cdh13","GO:0050850","positive regulation of calcium-mediated signaling",0.0106495906683885
"Tnf","GO:0050850","positive regulation of calcium-mediated signaling",0.0106495906683885
"Ncam1","GO:0050850","positive regulation of calcium-mediated signaling",0.0106495906683885
"Met","GO:0060688","regulation of morphogenesis of a branching structure",0.0106495906683885
"Wnt2","GO:0060688","regulation of morphogenesis of a branching structure",0.0106495906683885
"Tnf","GO:0060688","regulation of morphogenesis of a branching structure",0.0106495906683885
"Pten","GO:0071887","leukocyte apoptotic process",0.0107201971176517
"Myc","GO:0071887","leukocyte apoptotic process",0.0107201971176517
"Stat5a","GO:0071887","leukocyte apoptotic process",0.0107201971176517
"Nf1","GO:0071887","leukocyte apoptotic process",0.0107201971176517
"Cbr3","GO:0009111","vitamin catabolic process",0.0109463900591097
"Cbr1","GO:0009111","vitamin catabolic process",0.0109463900591097
"Apoe","GO:0051044","positive regulation of membrane protein ectodomain proteolysis",0.0109463900591097
"Tnf","GO:0051044","positive regulation of membrane protein ectodomain proteolysis",0.0109463900591097
"Stat5a","GO:0032623","interleukin-2 production",0.0109908731837089
"Stat5b","GO:0032623","interleukin-2 production",0.0109908731837089
"Runx1","GO:0032623","interleukin-2 production",0.0109908731837089
"Stat5a","GO:0032663","regulation of interleukin-2 production",0.0109908731837089
"Stat5b","GO:0032663","regulation of interleukin-2 production",0.0109908731837089
"Runx1","GO:0032663","regulation of interleukin-2 production",0.0109908731837089
"Slc1a3","GO:0042220","response to cocaine",0.0109908731837089
"Drd2","GO:0042220","response to cocaine",0.0109908731837089
"Ncam1","GO:0042220","response to cocaine",0.0109908731837089
"Myc","GO:0009259","ribonucleotide metabolic process",0.0110759107424389
"Hspa1a","GO:0009259","ribonucleotide metabolic process",0.0110759107424389
"Adcy8","GO:0009259","ribonucleotide metabolic process",0.0110759107424389
"Stat3","GO:0009259","ribonucleotide metabolic process",0.0110759107424389
"Hspa1b","GO:0009259","ribonucleotide metabolic process",0.0110759107424389
"Ppargc1a","GO:0009259","ribonucleotide metabolic process",0.0110759107424389
"Cftr","GO:0050867","positive regulation of cell activation",0.0110759107424389
"Stat5a","GO:0050867","positive regulation of cell activation",0.0110759107424389
"Cav1","GO:0050867","positive regulation of cell activation",0.0110759107424389
"Tnf","GO:0050867","positive regulation of cell activation",0.0110759107424389
"Stat5b","GO:0050867","positive regulation of cell activation",0.0110759107424389
"Runx1","GO:0050867","positive regulation of cell activation",0.0110759107424389
"Hspa1a","GO:0031109","microtubule polymerization or depolymerization",0.0110789039488038
"Cav1","GO:0031109","microtubule polymerization or depolymerization",0.0110789039488038
"Met","GO:0031109","microtubule polymerization or depolymerization",0.0110789039488038
"Hspa1b","GO:0031109","microtubule polymerization or depolymerization",0.0110789039488038
"Myc","GO:0060562","epithelial tube morphogenesis",0.0111746324704198
"Met","GO:0060562","epithelial tube morphogenesis",0.0111746324704198
"Wnt2","GO:0060562","epithelial tube morphogenesis",0.0111746324704198
"Sufu","GO:0060562","epithelial tube morphogenesis",0.0111746324704198
"Tnf","GO:0060562","epithelial tube morphogenesis",0.0111746324704198
"Mtss1","GO:0060562","epithelial tube morphogenesis",0.0111746324704198
"Met","GO:0098773","skin epidermis development",0.0113037466402572
"Nf1","GO:0098773","skin epidermis development",0.0113037466402572
"Tnf","GO:0098773","skin epidermis development",0.0113037466402572
"Runx1","GO:0098773","skin epidermis development",0.0113037466402572
"Cav1","GO:0006639","acylglycerol metabolic process",0.0115533112654969
"Apoe","GO:0006639","acylglycerol metabolic process",0.0115533112654969
"Apoc3","GO:0006639","acylglycerol metabolic process",0.0115533112654969
"Apoa4","GO:0006639","acylglycerol metabolic process",0.0115533112654969
"Hspa1a","GO:0031397","negative regulation of protein ubiquitination",0.0117542909444062
"Cav1","GO:0031397","negative regulation of protein ubiquitination",0.0117542909444062
"Hspa1b","GO:0031397","negative regulation of protein ubiquitination",0.0117542909444062
"Pten","GO:0044091","membrane biogenesis",0.0117542909444062
"Cav2","GO:0044091","membrane biogenesis",0.0117542909444062
"Cav1","GO:0044091","membrane biogenesis",0.0117542909444062
"Cav2","GO:0044788","host-mediated perturbation of viral process",0.0117542909444062
"Apoe","GO:0044788","host-mediated perturbation of viral process",0.0117542909444062
"Jun","GO:0044788","host-mediated perturbation of viral process",0.0117542909444062
"Cav1","GO:0006638","neutral lipid metabolic process",0.0118563308162588
"Apoe","GO:0006638","neutral lipid metabolic process",0.0118563308162588
"Apoc3","GO:0006638","neutral lipid metabolic process",0.0118563308162588
"Apoa4","GO:0006638","neutral lipid metabolic process",0.0118563308162588
"Apoc3","GO:0010896","regulation of triglyceride catabolic process",0.0118563308162588
"Apoa4","GO:0010896","regulation of triglyceride catabolic process",0.0118563308162588
"Cav2","GO:0014857","regulation of skeletal muscle cell proliferation",0.0118563308162588
"Stat3","GO:0014857","regulation of skeletal muscle cell proliferation",0.0118563308162588
"Apoa1","GO:0030299","intestinal cholesterol absorption",0.0118563308162588
"Apoa4","GO:0030299","intestinal cholesterol absorption",0.0118563308162588
"Daxx","GO:0030575","nuclear body organization",0.0118563308162588
"Cdkn2a","GO:0030575","nuclear body organization",0.0118563308162588
"Myc","GO:0030810","positive regulation of nucleotide biosynthetic process",0.0118563308162588
"Stat3","GO:0030810","positive regulation of nucleotide biosynthetic process",0.0118563308162588
"Cbr3","GO:0042182","ketone catabolic process",0.0118563308162588
"Cbr1","GO:0042182","ketone catabolic process",0.0118563308162588
"Got1","GO:0055089","fatty acid homeostasis",0.0118563308162588
"Apoe","GO:0055089","fatty acid homeostasis",0.0118563308162588
"Apoe","GO:0090209","negative regulation of triglyceride metabolic process",0.0118563308162588
"Apoc3","GO:0090209","negative regulation of triglyceride metabolic process",0.0118563308162588
"Myc","GO:1900373","positive regulation of purine nucleotide biosynthetic process",0.0118563308162588
"Stat3","GO:1900373","positive regulation of purine nucleotide biosynthetic process",0.0118563308162588
"Myc","GO:2001171","positive regulation of ATP biosynthetic process",0.0118563308162588
"Stat3","GO:2001171","positive regulation of ATP biosynthetic process",0.0118563308162588
"Myc","GO:0019693","ribose phosphate metabolic process",0.011910962846456
"Hspa1a","GO:0019693","ribose phosphate metabolic process",0.011910962846456
"Adcy8","GO:0019693","ribose phosphate metabolic process",0.011910962846456
"Stat3","GO:0019693","ribose phosphate metabolic process",0.011910962846456
"Hspa1b","GO:0019693","ribose phosphate metabolic process",0.011910962846456
"Ppargc1a","GO:0019693","ribose phosphate metabolic process",0.011910962846456
"Pten","GO:0050807","regulation of synapse organization",0.011910962846456
"Drd2","GO:0050807","regulation of synapse organization",0.011910962846456
"Apoe","GO:0050807","regulation of synapse organization",0.011910962846456
"Nf1","GO:0050807","regulation of synapse organization",0.011910962846456
"Tnf","GO:0050807","regulation of synapse organization",0.011910962846456
"Nedd4l","GO:0050807","regulation of synapse organization",0.011910962846456
"Stat5a","GO:0007595","lactation",0.011910962846456
"Cav1","GO:0007595","lactation",0.011910962846456
"Stat5b","GO:0007595","lactation",0.011910962846456
"Pten","GO:0060038","cardiac muscle cell proliferation",0.011910962846456
"Wnt2","GO:0060038","cardiac muscle cell proliferation",0.011910962846456
"Ncam1","GO:0060038","cardiac muscle cell proliferation",0.011910962846456
"Pten","GO:0061045","negative regulation of wound healing",0.0123816062939182
"Apoe","GO:0061045","negative regulation of wound healing",0.0123816062939182
"Tnf","GO:0061045","negative regulation of wound healing",0.0123816062939182
"Slc15a1","GO:0042886","amide transport",0.0124545573983685
"Drd2","GO:0042886","amide transport",0.0124545573983685
"Tnf","GO:0042886","amide transport",0.0124545573983685
"Nos2","GO:0042886","amide transport",0.0124545573983685
"Adcy8","GO:0042886","amide transport",0.0124545573983685
"Mc4r","GO:0042886","amide transport",0.0124545573983685
"Cav2","GO:0090101","negative regulation of transmembrane receptor protein serine/threonine kinase signaling pathway",0.0124567639128063
"Hspa1a","GO:0090101","negative regulation of transmembrane receptor protein serine/threonine kinase signaling pathway",0.0124567639128063
"Cav1","GO:0090101","negative regulation of transmembrane receptor protein serine/threonine kinase signaling pathway",0.0124567639128063
"Onecut2","GO:0090101","negative regulation of transmembrane receptor protein serine/threonine kinase signaling pathway",0.0124567639128063
"Pon3","GO:2000377","regulation of reactive oxygen species metabolic process",0.0124567639128063
"Tnf","GO:2000377","regulation of reactive oxygen species metabolic process",0.0124567639128063
"Stat3","GO:2000377","regulation of reactive oxygen species metabolic process",0.0124567639128063
"Cbr1","GO:2000377","regulation of reactive oxygen species metabolic process",0.0124567639128063
"Slc44a4","GO:0008544","epidermis development",0.0126514631266205
"Met","GO:0008544","epidermis development",0.0126514631266205
"Cdkn2a","GO:0008544","epidermis development",0.0126514631266205
"Nf1","GO:0008544","epidermis development",0.0126514631266205
"Tnf","GO:0008544","epidermis development",0.0126514631266205
"Runx1","GO:0008544","epidermis development",0.0126514631266205
"Cav1","GO:0010565","regulation of ketone metabolic process",0.0126514631266205
"Apoc3","GO:0010565","regulation of ketone metabolic process",0.0126514631266205
"Apoa4","GO:0010565","regulation of ketone metabolic process",0.0126514631266205
"Ppargc1a","GO:0010565","regulation of ketone metabolic process",0.0126514631266205
"Pten","GO:1903038","negative regulation of leukocyte cell-cell adhesion",0.0126514631266205
"Stat5a","GO:1903038","negative regulation of leukocyte cell-cell adhesion",0.0126514631266205
"Cdkn2a","GO:1903038","negative regulation of leukocyte cell-cell adhesion",0.0126514631266205
"Runx1","GO:1903038","negative regulation of leukocyte cell-cell adhesion",0.0126514631266205
"Cav2","GO:0140014","mitotic nuclear division",0.0126514631266205
"Hspa1a","GO:0140014","mitotic nuclear division",0.0126514631266205
"Met","GO:0140014","mitotic nuclear division",0.0126514631266205
"Tnf","GO:0140014","mitotic nuclear division",0.0126514631266205
"Hspa1b","GO:0140014","mitotic nuclear division",0.0126514631266205
"Apoc3","GO:0050994","regulation of lipid catabolic process",0.0127004055962265
"Tnf","GO:0050994","regulation of lipid catabolic process",0.0127004055962265
"Apoa4","GO:0050994","regulation of lipid catabolic process",0.0127004055962265
"Myc","GO:0009205","purine ribonucleoside triphosphate metabolic process",0.0127371691386799
"Hspa1a","GO:0009205","purine ribonucleoside triphosphate metabolic process",0.0127371691386799
"Stat3","GO:0009205","purine ribonucleoside triphosphate metabolic process",0.0127371691386799
"Hspa1b","GO:0009205","purine ribonucleoside triphosphate metabolic process",0.0127371691386799
"Ppargc1a","GO:0009205","purine ribonucleoside triphosphate metabolic process",0.0127371691386799
"Pten","GO:0046434","organophosphate catabolic process",0.0127371691386799
"Myc","GO:0046434","organophosphate catabolic process",0.0127371691386799
"Pon1","GO:0046434","organophosphate catabolic process",0.0127371691386799
"Stat3","GO:0046434","organophosphate catabolic process",0.0127371691386799
"Ppargc1a","GO:0046434","organophosphate catabolic process",0.0127371691386799
"Cftr","GO:1901654","response to ketone",0.0127371691386799
"Cav1","GO:1901654","response to ketone",0.0127371691386799
"Jun","GO:1901654","response to ketone",0.0127371691386799
"Adcy8","GO:1901654","response to ketone",0.0127371691386799
"Cbr1","GO:1901654","response to ketone",0.0127371691386799
"Stat5a","GO:1903039","positive regulation of leukocyte cell-cell adhesion",0.0127371691386799
"Cav1","GO:1903039","positive regulation of leukocyte cell-cell adhesion",0.0127371691386799
"Tnf","GO:1903039","positive regulation of leukocyte cell-cell adhesion",0.0127371691386799
"Stat5b","GO:1903039","positive regulation of leukocyte cell-cell adhesion",0.0127371691386799
"Runx1","GO:1903039","positive regulation of leukocyte cell-cell adhesion",0.0127371691386799
"Pten","GO:0043217","myelin maintenance",0.0127706585124871
"Ndrg1","GO:0043217","myelin maintenance",0.0127706585124871
"Myc","GO:0045655","regulation of monocyte differentiation",0.0127706585124871
"Jun","GO:0045655","regulation of monocyte differentiation",0.0127706585124871
"Pten","GO:0048853","forebrain morphogenesis",0.0127706585124871
"Nf1","GO:0048853","forebrain morphogenesis",0.0127706585124871
"Pten","GO:0061000","negative regulation of dendritic spine development",0.0127706585124871
"Apoe","GO:0061000","negative regulation of dendritic spine development",0.0127706585124871
"Slc1a3","GO:0098712","L-glutamate import across plasma membrane",0.0127706585124871
"Tnf","GO:0098712","L-glutamate import across plasma membrane",0.0127706585124871
"Daxx","GO:1900038","negative regulation of cellular response to hypoxia",0.0127706585124871
"Drd2","GO:1900038","negative regulation of cellular response to hypoxia",0.0127706585124871
"Pten","GO:0050803","regulation of synapse structure or activity",0.0128133328297526
"Drd2","GO:0050803","regulation of synapse structure or activity",0.0128133328297526
"Apoe","GO:0050803","regulation of synapse structure or activity",0.0128133328297526
"Nf1","GO:0050803","regulation of synapse structure or activity",0.0128133328297526
"Tnf","GO:0050803","regulation of synapse structure or activity",0.0128133328297526
"Nedd4l","GO:0050803","regulation of synapse structure or activity",0.0128133328297526
"Drd2","GO:0015909","long-chain fatty acid transport",0.0128655870571607
"Apoe","GO:0015909","long-chain fatty acid transport",0.0128655870571607
"Slc2a1","GO:0015909","long-chain fatty acid transport",0.0128655870571607
"Pten","GO:0045806","negative regulation of endocytosis",0.0128655870571607
"Cav1","GO:0045806","negative regulation of endocytosis",0.0128655870571607
"Apoc3","GO:0045806","negative regulation of endocytosis",0.0128655870571607
"Foxp2","GO:0060425","lung morphogenesis",0.0128655870571607
"Wnt2","GO:0060425","lung morphogenesis",0.0128655870571607
"Tnf","GO:0060425","lung morphogenesis",0.0128655870571607
"Drd2","GO:0046879","hormone secretion",0.0128655870571607
"Tnf","GO:0046879","hormone secretion",0.0128655870571607
"Nos2","GO:0046879","hormone secretion",0.0128655870571607
"Adcy8","GO:0046879","hormone secretion",0.0128655870571607
"Mc4r","GO:0046879","hormone secretion",0.0128655870571607
"Runx1","GO:0046879","hormone secretion",0.0128655870571607
"Drd2","GO:0030073","insulin secretion",0.0128655870571607
"Tnf","GO:0030073","insulin secretion",0.0128655870571607
"Nos2","GO:0030073","insulin secretion",0.0128655870571607
"Adcy8","GO:0030073","insulin secretion",0.0128655870571607
"Mc4r","GO:0030073","insulin secretion",0.0128655870571607
"Hspa1a","GO:0031400","negative regulation of protein modification process",0.0131065155591908
"Cav1","GO:0031400","negative regulation of protein modification process",0.0131065155591908
"Cdkn2a","GO:0031400","negative regulation of protein modification process",0.0131065155591908
"Hspa1b","GO:0031400","negative regulation of protein modification process",0.0131065155591908
"Pten","GO:0070663","regulation of leukocyte proliferation",0.0132254493695895
"Stat5a","GO:0070663","regulation of leukocyte proliferation",0.0132254493695895
"Cdkn2a","GO:0070663","regulation of leukocyte proliferation",0.0132254493695895
"Nf1","GO:0070663","regulation of leukocyte proliferation",0.0132254493695895
"Stat5b","GO:0070663","regulation of leukocyte proliferation",0.0132254493695895
"Lta","GO:0043122","regulation of canonical NF-kappaB signal transduction",0.013407951284416
"Cav1","GO:0043122","regulation of canonical NF-kappaB signal transduction",0.013407951284416
"Tnf","GO:0043122","regulation of canonical NF-kappaB signal transduction",0.013407951284416
"Stat3","GO:0043122","regulation of canonical NF-kappaB signal transduction",0.013407951284416
"Ltb","GO:0043122","regulation of canonical NF-kappaB signal transduction",0.013407951284416
"Hspa1a","GO:0070507","regulation of microtubule cytoskeleton organization",0.0136272284610634
"Cav1","GO:0070507","regulation of microtubule cytoskeleton organization",0.0136272284610634
"Met","GO:0070507","regulation of microtubule cytoskeleton organization",0.0136272284610634
"Hspa1b","GO:0070507","regulation of microtubule cytoskeleton organization",0.0136272284610634
"Cftr","GO:0042311","vasodilation",0.0137008303567511
"Apoe","GO:0042311","vasodilation",0.0137008303567511
"Tnf","GO:0042311","vasodilation",0.0137008303567511
"Pten","GO:0051898","negative regulation of phosphatidylinositol 3-kinase/protein kinase B signal transduction",0.0137008303567511
"Drd2","GO:0051898","negative regulation of phosphatidylinositol 3-kinase/protein kinase B signal transduction",0.0137008303567511
"Cdkn2a","GO:0051898","negative regulation of phosphatidylinositol 3-kinase/protein kinase B signal transduction",0.0137008303567511
"Met","GO:1905330","regulation of morphogenesis of an epithelium",0.0137008303567511
"Wnt2","GO:1905330","regulation of morphogenesis of an epithelium",0.0137008303567511
"Tnf","GO:1905330","regulation of morphogenesis of an epithelium",0.0137008303567511
"Hspa1a","GO:0001959","regulation of cytokine-mediated signaling pathway",0.0137506069147605
"Cav1","GO:0001959","regulation of cytokine-mediated signaling pathway",0.0137506069147605
"Apoa1","GO:0001959","regulation of cytokine-mediated signaling pathway",0.0137506069147605
"Hspa1b","GO:0001959","regulation of cytokine-mediated signaling pathway",0.0137506069147605
"Drd2","GO:1904950","negative regulation of establishment of protein localization",0.0137506069147605
"Apoe","GO:1904950","negative regulation of establishment of protein localization",0.0137506069147605
"Nf1","GO:1904950","negative regulation of establishment of protein localization",0.0137506069147605
"Idua","GO:1904950","negative regulation of establishment of protein localization",0.0137506069147605
"Lta","GO:0002923","regulation of humoral immune response mediated by circulating immunoglobulin",0.0137506069147605
"Tnf","GO:0002923","regulation of humoral immune response mediated by circulating immunoglobulin",0.0137506069147605
"Stat5a","GO:0032823","regulation of natural killer cell differentiation",0.0137506069147605
"Stat5b","GO:0032823","regulation of natural killer cell differentiation",0.0137506069147605
"Stat5a","GO:0042492","gamma-delta T cell differentiation",0.0137506069147605
"Stat5b","GO:0042492","gamma-delta T cell differentiation",0.0137506069147605
"Apoe","GO:1900221","regulation of amyloid-beta clearance",0.0137506069147605
"Tnf","GO:1900221","regulation of amyloid-beta clearance",0.0137506069147605
"Myc","GO:0009144","purine nucleoside triphosphate metabolic process",0.0137506069147605
"Hspa1a","GO:0009144","purine nucleoside triphosphate metabolic process",0.0137506069147605
"Stat3","GO:0009144","purine nucleoside triphosphate metabolic process",0.0137506069147605
"Hspa1b","GO:0009144","purine nucleoside triphosphate metabolic process",0.0137506069147605
"Ppargc1a","GO:0009144","purine nucleoside triphosphate metabolic process",0.0137506069147605
"Wfs1","GO:0034976","response to endoplasmic reticulum stress",0.0137506069147605
"Cftr","GO:0034976","response to endoplasmic reticulum stress",0.0137506069147605
"Hspa1a","GO:0034976","response to endoplasmic reticulum stress",0.0137506069147605
"Cav1","GO:0034976","response to endoplasmic reticulum stress",0.0137506069147605
"Jun","GO:0034976","response to endoplasmic reticulum stress",0.0137506069147605
"Slc1a3","GO:1902475","L-alpha-amino acid transmembrane transport",0.0139854208463364
"Tnf","GO:1902475","L-alpha-amino acid transmembrane transport",0.0139854208463364
"Slc7a8","GO:1902475","L-alpha-amino acid transmembrane transport",0.0139854208463364
"Myc","GO:1904035","regulation of epithelial cell apoptotic process",0.0139854208463364
"Wfs1","GO:1904035","regulation of epithelial cell apoptotic process",0.0139854208463364
"Ppargc1a","GO:1904035","regulation of epithelial cell apoptotic process",0.0139854208463364
"Cdh13","GO:0007043","cell-cell junction assembly",0.0141989540654556
"Cav1","GO:0007043","cell-cell junction assembly",0.0141989540654556
"Tnf","GO:0007043","cell-cell junction assembly",0.0141989540654556
"Nedd4l","GO:0007043","cell-cell junction assembly",0.0141989540654556
"Apoe","GO:0042982","amyloid precursor protein metabolic process",0.0144422902964987
"Apoa1","GO:0042982","amyloid precursor protein metabolic process",0.0144422902964987
"Tnf","GO:0042982","amyloid precursor protein metabolic process",0.0144422902964987
"Myc","GO:0048146","positive regulation of fibroblast proliferation",0.0144422902964987
"Jun","GO:0048146","positive regulation of fibroblast proliferation",0.0144422902964987
"Wnt2","GO:0048146","positive regulation of fibroblast proliferation",0.0144422902964987
"Tnf","GO:0002534","cytokine production involved in inflammatory response",0.0147298243819849
"Nos2","GO:0002534","cytokine production involved in inflammatory response",0.0147298243819849
"Stat3","GO:0002534","cytokine production involved in inflammatory response",0.0147298243819849
"Drd2","GO:0008542","visual learning",0.0147298243819849
"Nf1","GO:0008542","visual learning",0.0147298243819849
"Idua","GO:0008542","visual learning",0.0147298243819849
"Pten","GO:0050805","negative regulation of synaptic transmission",0.0147298243819849
"Drd2","GO:0050805","negative regulation of synaptic transmission",0.0147298243819849
"Adcy8","GO:0050805","negative regulation of synaptic transmission",0.0147298243819849
"Tnf","GO:1900015","regulation of cytokine production involved in inflammatory response",0.0147298243819849
"Nos2","GO:1900015","regulation of cytokine production involved in inflammatory response",0.0147298243819849
"Stat3","GO:1900015","regulation of cytokine production involved in inflammatory response",0.0147298243819849
"Myc","GO:0072331","signal transduction by p53 class mediator",0.0147298243819849
"Wwox","GO:0072331","signal transduction by p53 class mediator",0.0147298243819849
"Cdkn2a","GO:0072331","signal transduction by p53 class mediator",0.0147298243819849
"Ndrg1","GO:0072331","signal transduction by p53 class mediator",0.0147298243819849
"Pten","GO:0002431","Fc receptor mediated stimulatory signaling pathway",0.0147298243819849
"Nos2","GO:0002431","Fc receptor mediated stimulatory signaling pathway",0.0147298243819849
"Got1","GO:0009065","glutamine family amino acid catabolic process",0.0147298243819849
"Nos2","GO:0009065","glutamine family amino acid catabolic process",0.0147298243819849
"Foxp2","GO:0021756","striatum development",0.0147298243819849
"Drd2","GO:0021756","striatum development",0.0147298243819849
"Hspa1a","GO:0035795","negative regulation of mitochondrial membrane permeability",0.0147298243819849
"Bcl2l2","GO:0035795","negative regulation of mitochondrial membrane permeability",0.0147298243819849
"Drd2","GO:0043278","response to morphine",0.0147298243819849
"Adcy8","GO:0043278","response to morphine",0.0147298243819849
"Apoa1","GO:0044241","lipid digestion",0.0147298243819849
"Apoa4","GO:0044241","lipid digestion",0.0147298243819849
"Pten","GO:0044320","cellular response to leptin stimulus",0.0147298243819849
"Stat3","GO:0044320","cellular response to leptin stimulus",0.0147298243819849
"Apoe","GO:1902004","positive regulation of amyloid-beta formation",0.0147298243819849
"Tnf","GO:1902004","positive regulation of amyloid-beta formation",0.0147298243819849
"Wfs1","GO:1902236","negative regulation of endoplasmic reticulum stress-induced intrinsic apoptotic signaling pathway",0.0147298243819849
"Hspa1a","GO:1902236","negative regulation of endoplasmic reticulum stress-induced intrinsic apoptotic signaling pathway",0.0147298243819849
"Apoa1","GO:1904478","regulation of intestinal absorption",0.0147298243819849
"Apoa4","GO:1904478","regulation of intestinal absorption",0.0147298243819849
"Cftr","GO:0008406","gonad development",0.0147463247449117
"Stat5a","GO:0008406","gonad development",0.0147463247449117
"Bcl2l2","GO:0008406","gonad development",0.0147463247449117
"Stat5b","GO:0008406","gonad development",0.0147463247449117
"Runx1","GO:0008406","gonad development",0.0147463247449117
"Stat5a","GO:0045089","positive regulation of innate immune response",0.0148764168691842
"Hspa1a","GO:0045089","positive regulation of innate immune response",0.0148764168691842
"Cav1","GO:0045089","positive regulation of innate immune response",0.0148764168691842
"Tnf","GO:0045089","positive regulation of innate immune response",0.0148764168691842
"Hspa1b","GO:0045089","positive regulation of innate immune response",0.0148764168691842
"Stat5b","GO:0045089","positive regulation of innate immune response",0.0148764168691842
"Stat5a","GO:0048872","homeostasis of number of cells",0.0148764168691842
"Hspa1a","GO:0048872","homeostasis of number of cells",0.0148764168691842
"Nf1","GO:0048872","homeostasis of number of cells",0.0148764168691842
"Stat3","GO:0048872","homeostasis of number of cells",0.0148764168691842
"Hspa1b","GO:0048872","homeostasis of number of cells",0.0148764168691842
"Stat5b","GO:0048872","homeostasis of number of cells",0.0148764168691842
"Hspa1a","GO:0051258","protein polymerization",0.0148764168691842
"Cav1","GO:0051258","protein polymerization",0.0148764168691842
"Met","GO:0051258","protein polymerization",0.0148764168691842
"Mtss1","GO:0051258","protein polymerization",0.0148764168691842
"Hspa1b","GO:0051258","protein polymerization",0.0148764168691842
"Lta","GO:0002708","positive regulation of lymphocyte mediated immunity",0.0148764168691842
"Stat5a","GO:0002708","positive regulation of lymphocyte mediated immunity",0.0148764168691842
"Tnf","GO:0002708","positive regulation of lymphocyte mediated immunity",0.0148764168691842
"Stat5b","GO:0002708","positive regulation of lymphocyte mediated immunity",0.0148764168691842
"Cav1","GO:0043409","negative regulation of MAPK cascade",0.0148764168691842
"Apoe","GO:0043409","negative regulation of MAPK cascade",0.0148764168691842
"Nf1","GO:0043409","negative regulation of MAPK cascade",0.0148764168691842
"Trib1","GO:0043409","negative regulation of MAPK cascade",0.0148764168691842
"Cftr","GO:0045137","development of primary sexual characteristics",0.0154210729358429
"Stat5a","GO:0045137","development of primary sexual characteristics",0.0154210729358429
"Bcl2l2","GO:0045137","development of primary sexual characteristics",0.0154210729358429
"Stat5b","GO:0045137","development of primary sexual characteristics",0.0154210729358429
"Runx1","GO:0045137","development of primary sexual characteristics",0.0154210729358429
"Hspa1a","GO:0032436","positive regulation of proteasomal ubiquitin-dependent protein catabolic process",0.0154210729358429
"Hspa1b","GO:0032436","positive regulation of proteasomal ubiquitin-dependent protein catabolic process",0.0154210729358429
"Trib1","GO:0032436","positive regulation of proteasomal ubiquitin-dependent protein catabolic process",0.0154210729358429
"Cav1","GO:0045428","regulation of nitric oxide biosynthetic process",0.0154210729358429
"Apoe","GO:0045428","regulation of nitric oxide biosynthetic process",0.0154210729358429
"Tnf","GO:0045428","regulation of nitric oxide biosynthetic process",0.0154210729358429
"Cav2","GO:0051480","regulation of cytosolic calcium ion concentration",0.0154210729358429
"Cav1","GO:0051480","regulation of cytosolic calcium ion concentration",0.0154210729358429
"Adcy8","GO:0051480","regulation of cytosolic calcium ion concentration",0.0154210729358429
"Stat5a","GO:0061180","mammary gland epithelium development",0.0154210729358429
"Cdkn2a","GO:0061180","mammary gland epithelium development",0.0154210729358429
"Wnt2","GO:0061180","mammary gland epithelium development",0.0154210729358429
"Cav2","GO:0016032","viral process",0.0156196415326503
"Cav1","GO:0016032","viral process",0.0156196415326503
"Apoe","GO:0016032","viral process",0.0156196415326503
"Jun","GO:0016032","viral process",0.0156196415326503
"Tnf","GO:0016032","viral process",0.0156196415326503
"Lta","GO:0002863","positive regulation of inflammatory response to antigenic stimulus",0.0156196415326503
"Tnf","GO:0002863","positive regulation of inflammatory response to antigenic stimulus",0.0156196415326503
"Runx1","GO:0030852","regulation of granulocyte differentiation",0.0156196415326503
"Trib1","GO:0030852","regulation of granulocyte differentiation",0.0156196415326503
"Pten","GO:0030889","negative regulation of B cell proliferation",0.0156196415326503
"Cdkn2a","GO:0030889","negative regulation of B cell proliferation",0.0156196415326503
"Ppargc1a","GO:0042448","progesterone metabolic process",0.0156196415326503
"Stat5b","GO:0042448","progesterone metabolic process",0.0156196415326503
"Stat5a","GO:0045579","positive regulation of B cell differentiation",0.0156196415326503
"Stat5b","GO:0045579","positive regulation of B cell differentiation",0.0156196415326503
"Drd2","GO:0051580","regulation of neurotransmitter uptake",0.0156196415326503
"Gfap","GO:0051580","regulation of neurotransmitter uptake",0.0156196415326503
"Slc15a1","GO:0051956","negative regulation of amino acid transport",0.0156196415326503
"Tnf","GO:0051956","negative regulation of amino acid transport",0.0156196415326503
"Pten","GO:0060134","prepulse inhibition",0.0156196415326503
"Drd2","GO:0060134","prepulse inhibition",0.0156196415326503
"Stat5a","GO:0072540","T-helper 17 cell lineage commitment",0.0156196415326503
"Stat3","GO:0072540","T-helper 17 cell lineage commitment",0.0156196415326503
"Cav1","GO:1901380","negative regulation of potassium ion transmembrane transport",0.0156196415326503
"Nedd4l","GO:1901380","negative regulation of potassium ion transmembrane transport",0.0156196415326503
"Wfs1","GO:1904294","positive regulation of ERAD pathway",0.0156196415326503
"Cav1","GO:1904294","positive regulation of ERAD pathway",0.0156196415326503
"Nf1","GO:0045453","bone resorption",0.0156196415326503
"Idua","GO:0045453","bone resorption",0.0156196415326503
"Mc4r","GO:0045453","bone resorption",0.0156196415326503
"Pten","GO:0051932","synaptic transmission, GABAergic",0.0156196415326503
"Drd2","GO:0051932","synaptic transmission, GABAergic",0.0156196415326503
"Nf1","GO:0051932","synaptic transmission, GABAergic",0.0156196415326503
"Stat5a","GO:0030856","regulation of epithelial cell differentiation",0.0156246302931839
"Cav1","GO:0030856","regulation of epithelial cell differentiation",0.0156246302931839
"Tnf","GO:0030856","regulation of epithelial cell differentiation",0.0156246302931839
"Stat5b","GO:0030856","regulation of epithelial cell differentiation",0.0156246302931839
"Hspa1a","GO:0060759","regulation of response to cytokine stimulus",0.0156246302931839
"Cav1","GO:0060759","regulation of response to cytokine stimulus",0.0156246302931839
"Apoa1","GO:0060759","regulation of response to cytokine stimulus",0.0156246302931839
"Hspa1b","GO:0060759","regulation of response to cytokine stimulus",0.0156246302931839
"Pten","GO:0030522","intracellular receptor signaling pathway",0.015659446453531
"Daxx","GO:0030522","intracellular receptor signaling pathway",0.015659446453531
"Hspa1a","GO:0030522","intracellular receptor signaling pathway",0.015659446453531
"Tnf","GO:0030522","intracellular receptor signaling pathway",0.015659446453531
"Stat3","GO:0030522","intracellular receptor signaling pathway",0.015659446453531
"Hspa1b","GO:0030522","intracellular receptor signaling pathway",0.015659446453531
"Pten","GO:0010001","glial cell differentiation",0.0158407939171241
"Nf1","GO:0010001","glial cell differentiation",0.0158407939171241
"Gfap","GO:0010001","glial cell differentiation",0.0158407939171241
"Stat3","GO:0010001","glial cell differentiation",0.0158407939171241
"Ndrg1","GO:0010001","glial cell differentiation",0.0158407939171241
"Pten","GO:0031348","negative regulation of defense response",0.0160444979049285
"Drd2","GO:0031348","negative regulation of defense response",0.0160444979049285
"Apoe","GO:0031348","negative regulation of defense response",0.0160444979049285
"Apoa1","GO:0031348","negative regulation of defense response",0.0160444979049285
"Stat3","GO:0031348","negative regulation of defense response",0.0160444979049285
"Myc","GO:0009141","nucleoside triphosphate metabolic process",0.0162499839474323
"Hspa1a","GO:0009141","nucleoside triphosphate metabolic process",0.0162499839474323
"Stat3","GO:0009141","nucleoside triphosphate metabolic process",0.0162499839474323
"Hspa1b","GO:0009141","nucleoside triphosphate metabolic process",0.0162499839474323
"Ppargc1a","GO:0009141","nucleoside triphosphate metabolic process",0.0162499839474323
"Lta","GO:0032729","positive regulation of type II interferon production",0.0165553254690373
"Tnf","GO:0032729","positive regulation of type II interferon production",0.0165553254690373
"Runx1","GO:0032729","positive regulation of type II interferon production",0.0165553254690373
"Drd2","GO:0014072","response to isoquinoline alkaloid",0.0168936491386473
"Adcy8","GO:0014072","response to isoquinoline alkaloid",0.0168936491386473
"Hspa1a","GO:1905709","negative regulation of membrane permeability",0.0168936491386473
"Bcl2l2","GO:1905709","negative regulation of membrane permeability",0.0168936491386473
"Drd2","GO:0007632","visual behavior",0.0169592489605526
"Nf1","GO:0007632","visual behavior",0.0169592489605526
"Idua","GO:0007632","visual behavior",0.0169592489605526
"Daxx","GO:0008625","extrinsic apoptotic signaling pathway via death domain receptors",0.0169592489605526
"Nf1","GO:0008625","extrinsic apoptotic signaling pathway via death domain receptors",0.0169592489605526
"Tnf","GO:0008625","extrinsic apoptotic signaling pathway via death domain receptors",0.0169592489605526
"Myc","GO:0043470","regulation of carbohydrate catabolic process",0.0169592489605526
"Stat3","GO:0043470","regulation of carbohydrate catabolic process",0.0169592489605526
"Ppargc1a","GO:0043470","regulation of carbohydrate catabolic process",0.0169592489605526
"Cav1","GO:0080164","regulation of nitric oxide metabolic process",0.0169592489605526
"Apoe","GO:0080164","regulation of nitric oxide metabolic process",0.0169592489605526
"Tnf","GO:0080164","regulation of nitric oxide metabolic process",0.0169592489605526
"Daxx","GO:0009266","response to temperature stimulus",0.0169592489605526
"Hspa1a","GO:0009266","response to temperature stimulus",0.0169592489605526
"Nf1","GO:0009266","response to temperature stimulus",0.0169592489605526
"Hspa1b","GO:0009266","response to temperature stimulus",0.0169592489605526
"Cdh13","GO:0007264","small GTPase-mediated signal transduction",0.0171682446367505
"Apoe","GO:0007264","small GTPase-mediated signal transduction",0.0171682446367505
"Met","GO:0007264","small GTPase-mediated signal transduction",0.0171682446367505
"Apoa1","GO:0007264","small GTPase-mediated signal transduction",0.0171682446367505
"Nf1","GO:0007264","small GTPase-mediated signal transduction",0.0171682446367505
"Apoc3","GO:0007264","small GTPase-mediated signal transduction",0.0171682446367505
"Nf1","GO:0007422","peripheral nervous system development",0.0174103346776217
"Ndrg1","GO:0007422","peripheral nervous system development",0.0174103346776217
"Onecut2","GO:0007422","peripheral nervous system development",0.0174103346776217
"Slc1a3","GO:0015800","acidic amino acid transport",0.0174103346776217
"Nf1","GO:0015800","acidic amino acid transport",0.0174103346776217
"Tnf","GO:0015800","acidic amino acid transport",0.0174103346776217
"Nf1","GO:0034103","regulation of tissue remodeling",0.0174103346776217
"Idua","GO:0034103","regulation of tissue remodeling",0.0174103346776217
"Mc4r","GO:0034103","regulation of tissue remodeling",0.0174103346776217
"Pten","GO:0051250","negative regulation of lymphocyte activation",0.017505927593668
"Stat5a","GO:0051250","negative regulation of lymphocyte activation",0.017505927593668
"Cdkn2a","GO:0051250","negative regulation of lymphocyte activation",0.017505927593668
"Runx1","GO:0051250","negative regulation of lymphocyte activation",0.017505927593668
"Stat5a","GO:0042698","ovulation cycle",0.0179412366213306
"Stat5b","GO:0042698","ovulation cycle",0.0179412366213306
"Runx1","GO:0042698","ovulation cycle",0.0179412366213306
"Slc1a3","GO:0015810","aspartate transmembrane transport",0.0179879382257359
"Gfap","GO:0015810","aspartate transmembrane transport",0.0179879382257359
"Apoa1","GO:0034114","regulation of heterotypic cell-cell adhesion",0.0179879382257359
"Tnf","GO:0034114","regulation of heterotypic cell-cell adhesion",0.0179879382257359
"Myc","GO:0046325","negative regulation of D-glucose import",0.0179879382257359
"Tnf","GO:0046325","negative regulation of D-glucose import",0.0179879382257359
"Stat5a","GO:0046629","gamma-delta T cell activation",0.0179879382257359
"Stat5b","GO:0046629","gamma-delta T cell activation",0.0179879382257359
"Apoe","GO:0150104","transport across blood-brain barrier",0.0179879382257359
"Slc2a1","GO:0150104","transport across blood-brain barrier",0.0179879382257359
"Hspa1a","GO:1901673","regulation of mitotic spindle assembly",0.0179879382257359
"Hspa1b","GO:1901673","regulation of mitotic spindle assembly",0.0179879382257359
"Pten","GO:0000280","nuclear division",0.0179879382257359
"Cav2","GO:0000280","nuclear division",0.0179879382257359
"Hspa1a","GO:0000280","nuclear division",0.0179879382257359
"Met","GO:0000280","nuclear division",0.0179879382257359
"Tnf","GO:0000280","nuclear division",0.0179879382257359
"Hspa1b","GO:0000280","nuclear division",0.0179879382257359
"Myc","GO:0035019","somatic stem cell population maintenance",0.0182844002946771
"Cdkn2a","GO:0035019","somatic stem cell population maintenance",0.0182844002946771
"Stat3","GO:0035019","somatic stem cell population maintenance",0.0182844002946771
"Wfs1","GO:1905897","regulation of response to endoplasmic reticulum stress",0.0182844002946771
"Hspa1a","GO:1905897","regulation of response to endoplasmic reticulum stress",0.0182844002946771
"Cav1","GO:1905897","regulation of response to endoplasmic reticulum stress",0.0182844002946771
"Lta","GO:0007249","canonical NF-kappaB signal transduction",0.0185140331404748
"Cav1","GO:0007249","canonical NF-kappaB signal transduction",0.0185140331404748
"Tnf","GO:0007249","canonical NF-kappaB signal transduction",0.0185140331404748
"Stat3","GO:0007249","canonical NF-kappaB signal transduction",0.0185140331404748
"Ltb","GO:0007249","canonical NF-kappaB signal transduction",0.0185140331404748
"Pten","GO:0055021","regulation of cardiac muscle tissue growth",0.0188278237468615
"Wnt2","GO:0055021","regulation of cardiac muscle tissue growth",0.0188278237468615
"Ncam1","GO:0055021","regulation of cardiac muscle tissue growth",0.0188278237468615
"Pten","GO:0030308","negative regulation of cell growth",0.0189030690058852
"Hspa1a","GO:0030308","negative regulation of cell growth",0.0189030690058852
"Cdkn2a","GO:0030308","negative regulation of cell growth",0.0189030690058852
"Hspa1b","GO:0030308","negative regulation of cell growth",0.0189030690058852
"Drd2","GO:0007625","grooming behavior",0.0192095266520479
"Mc4r","GO:0007625","grooming behavior",0.0192095266520479
"Apoe","GO:0010232","vascular transport",0.0192095266520479
"Slc2a1","GO:0010232","vascular transport",0.0192095266520479
"Stat5a","GO:0033033","negative regulation of myeloid cell apoptotic process",0.0192095266520479
"Stat5b","GO:0033033","negative regulation of myeloid cell apoptotic process",0.0192095266520479
"Apoe","GO:0042953","lipoprotein transport",0.0192095266520479
"Apoc3","GO:0042953","lipoprotein transport",0.0192095266520479
"Hspa1a","GO:0070431","nucleotide-binding oligomerization domain containing 2 signaling pathway",0.0192095266520479
"Hspa1b","GO:0070431","nucleotide-binding oligomerization domain containing 2 signaling pathway",0.0192095266520479
"Apoa1","GO:0098856","intestinal lipid absorption",0.0192095266520479
"Apoa4","GO:0098856","intestinal lipid absorption",0.0192095266520479
"Myc","GO:2001169","regulation of ATP biosynthetic process",0.0192095266520479
"Stat3","GO:2001169","regulation of ATP biosynthetic process",0.0192095266520479
"Pten","GO:0021537","telencephalon development",0.0192535675449175
"Foxp2","GO:0021537","telencephalon development",0.0192535675449175
"Drd2","GO:0021537","telencephalon development",0.0192535675449175
"Slc2a1","GO:0021537","telencephalon development",0.0192535675449175
"Nf1","GO:0021537","telencephalon development",0.0192535675449175
"Pten","GO:0030900","forebrain development",0.0195872668098994
"Foxp2","GO:0030900","forebrain development",0.0195872668098994
"Drd2","GO:0030900","forebrain development",0.0195872668098994
"Slc2a1","GO:0030900","forebrain development",0.0195872668098994
"Nf1","GO:0030900","forebrain development",0.0195872668098994
"Ncam1","GO:0030900","forebrain development",0.0195872668098994
"Daxx","GO:0007254","JNK cascade",0.0197065835886622
"Jun","GO:0007254","JNK cascade",0.0197065835886622
"Tnf","GO:0007254","JNK cascade",0.0197065835886622
"Trib1","GO:0007254","JNK cascade",0.0197065835886622
"Stat5a","GO:0002833","positive regulation of response to biotic stimulus",0.0197347377981533
"Hspa1a","GO:0002833","positive regulation of response to biotic stimulus",0.0197347377981533
"Cav1","GO:0002833","positive regulation of response to biotic stimulus",0.0197347377981533
"Tnf","GO:0002833","positive regulation of response to biotic stimulus",0.0197347377981533
"Hspa1b","GO:0002833","positive regulation of response to biotic stimulus",0.0197347377981533
"Stat5b","GO:0002833","positive regulation of response to biotic stimulus",0.0197347377981533
"Myc","GO:1903578","regulation of ATP metabolic process",0.0202977090117715
"Stat3","GO:1903578","regulation of ATP metabolic process",0.0202977090117715
"Ppargc1a","GO:1903578","regulation of ATP metabolic process",0.0202977090117715
"Pten","GO:0042129","regulation of T cell proliferation",0.0203628731187916
"Stat5a","GO:0042129","regulation of T cell proliferation",0.0203628731187916
"Cdkn2a","GO:0042129","regulation of T cell proliferation",0.0203628731187916
"Stat5b","GO:0042129","regulation of T cell proliferation",0.0203628731187916
"Stat5a","GO:0002295","T-helper cell lineage commitment",0.0203850021767772
"Stat3","GO:0002295","T-helper cell lineage commitment",0.0203850021767772
"Lta","GO:0002922","positive regulation of humoral immune response",0.0203850021767772
"Tnf","GO:0002922","positive regulation of humoral immune response",0.0203850021767772
"Myc","GO:0030808","regulation of nucleotide biosynthetic process",0.0203850021767772
"Stat3","GO:0030808","regulation of nucleotide biosynthetic process",0.0203850021767772
"Pten","GO:0044321","response to leptin",0.0203850021767772
"Stat3","GO:0044321","response to leptin",0.0203850021767772
"Apoe","GO:0044872","lipoprotein localization",0.0203850021767772
"Apoc3","GO:0044872","lipoprotein localization",0.0203850021767772
"Idua","GO:0045780","positive regulation of bone resorption",0.0203850021767772
"Mc4r","GO:0045780","positive regulation of bone resorption",0.0203850021767772
"Got1","GO:0051481","negative regulation of cytosolic calcium ion concentration",0.0203850021767772
"Drd2","GO:0051481","negative regulation of cytosolic calcium ion concentration",0.0203850021767772
"Myc","GO:1900371","regulation of purine nucleotide biosynthetic process",0.0203850021767772
"Stat3","GO:1900371","regulation of purine nucleotide biosynthetic process",0.0203850021767772
"Cdkn2a","GO:2000345","regulation of hepatocyte proliferation",0.0203850021767772
"Tnf","GO:2000345","regulation of hepatocyte proliferation",0.0203850021767772
"Stat5a","GO:0045580","regulation of T cell differentiation",0.0204090076285742
"Cdkn2a","GO:0045580","regulation of T cell differentiation",0.0204090076285742
"Stat5b","GO:0045580","regulation of T cell differentiation",0.0204090076285742
"Runx1","GO:0045580","regulation of T cell differentiation",0.0204090076285742
"Myc","GO:0048754","branching morphogenesis of an epithelial tube",0.0204090076285742
"Met","GO:0048754","branching morphogenesis of an epithelial tube",0.0204090076285742
"Wnt2","GO:0048754","branching morphogenesis of an epithelial tube",0.0204090076285742
"Tnf","GO:0048754","branching morphogenesis of an epithelial tube",0.0204090076285742
"Myc","GO:2001242","regulation of intrinsic apoptotic signaling pathway",0.0207566113499218
"Wfs1","GO:2001242","regulation of intrinsic apoptotic signaling pathway",0.0207566113499218
"Hspa1a","GO:2001242","regulation of intrinsic apoptotic signaling pathway",0.0207566113499218
"Cav1","GO:2001242","regulation of intrinsic apoptotic signaling pathway",0.0207566113499218
"Slc44a4","GO:0048880","sensory system development",0.0211884872080387
"Foxp2","GO:0048880","sensory system development",0.0211884872080387
"Drd2","GO:0048880","sensory system development",0.0211884872080387
"Nf1","GO:0048880","sensory system development",0.0211884872080387
"Jun","GO:0048880","sensory system development",0.0211884872080387
"Stat3","GO:0048880","sensory system development",0.0211884872080387
"Hspa1a","GO:0006839","mitochondrial transport",0.0215398521040076
"Bcl2l2","GO:0006839","mitochondrial transport",0.0215398521040076
"Stat3","GO:0006839","mitochondrial transport",0.0215398521040076
"Drd2","GO:0043266","regulation of potassium ion transport",0.0215398521040076
"Cav1","GO:0043266","regulation of potassium ion transport",0.0215398521040076
"Nedd4l","GO:0043266","regulation of potassium ion transport",0.0215398521040076
"Got1","GO:0051881","regulation of mitochondrial membrane potential",0.0215398521040076
"Myc","GO:0051881","regulation of mitochondrial membrane potential",0.0215398521040076
"Cdkn2a","GO:0051881","regulation of mitochondrial membrane potential",0.0215398521040076
"Lta","GO:0002544","chronic inflammatory response",0.0215398521040076
"Tnf","GO:0002544","chronic inflammatory response",0.0215398521040076
"Foxp2","GO:0021544","subpallium development",0.0215398521040076
"Drd2","GO:0021544","subpallium development",0.0215398521040076
"Stat3","GO:0030812","negative regulation of nucleotide catabolic process",0.0215398521040076
"Ppargc1a","GO:0030812","negative regulation of nucleotide catabolic process",0.0215398521040076
"Stat3","GO:0033122","negative regulation of purine nucleotide catabolic process",0.0215398521040076
"Ppargc1a","GO:0033122","negative regulation of purine nucleotide catabolic process",0.0215398521040076
"Hspa1a","GO:0042026","protein refolding",0.0215398521040076
"Hspa1b","GO:0042026","protein refolding",0.0215398521040076
"Stat3","GO:0045820","negative regulation of glycolytic process",0.0215398521040076
"Ppargc1a","GO:0045820","negative regulation of glycolytic process",0.0215398521040076
"Apoe","GO:0051043","regulation of membrane protein ectodomain proteolysis",0.0215398521040076
"Tnf","GO:0051043","regulation of membrane protein ectodomain proteolysis",0.0215398521040076
"Nf1","GO:0060253","negative regulation of glial cell proliferation",0.0215398521040076
"Cdkn2b","GO:0060253","negative regulation of glial cell proliferation",0.0215398521040076
"Apoe","GO:1902993","positive regulation of amyloid precursor protein catabolic process",0.0215398521040076
"Tnf","GO:1902993","positive regulation of amyloid precursor protein catabolic process",0.0215398521040076
"Pten","GO:0046651","lymphocyte proliferation",0.0218321766526357
"Myc","GO:0046651","lymphocyte proliferation",0.0218321766526357
"Stat5a","GO:0046651","lymphocyte proliferation",0.0218321766526357
"Cdkn2a","GO:0046651","lymphocyte proliferation",0.0218321766526357
"Stat5b","GO:0046651","lymphocyte proliferation",0.0218321766526357
"Lta","GO:0002705","positive regulation of leukocyte mediated immunity",0.0218368574148525
"Stat5a","GO:0002705","positive regulation of leukocyte mediated immunity",0.0218368574148525
"Tnf","GO:0002705","positive regulation of leukocyte mediated immunity",0.0218368574148525
"Stat5b","GO:0002705","positive regulation of leukocyte mediated immunity",0.0218368574148525
"Pten","GO:0060420","regulation of heart growth",0.0219665346285737
"Wnt2","GO:0060420","regulation of heart growth",0.0219665346285737
"Ncam1","GO:0060420","regulation of heart growth",0.0219665346285737
"Pten","GO:0030534","adult behavior",0.0221666843579881
"Drd2","GO:0030534","adult behavior",0.0221666843579881
"Met","GO:0030534","adult behavior",0.0221666843579881
"Idua","GO:0030534","adult behavior",0.0221666843579881
"Stat5a","GO:0022409","positive regulation of cell-cell adhesion",0.0222714576777737
"Cav1","GO:0022409","positive regulation of cell-cell adhesion",0.0222714576777737
"Tnf","GO:0022409","positive regulation of cell-cell adhesion",0.0222714576777737
"Stat5b","GO:0022409","positive regulation of cell-cell adhesion",0.0222714576777737
"Runx1","GO:0022409","positive regulation of cell-cell adhesion",0.0222714576777737
"Drd2","GO:1903531","negative regulation of secretion by cell",0.0224631038695137
"Apoe","GO:1903531","negative regulation of secretion by cell",0.0224631038695137
"Nf1","GO:1903531","negative regulation of secretion by cell",0.0224631038695137
"Idua","GO:1903531","negative regulation of secretion by cell",0.0224631038695137
"Drd2","GO:0030072","peptide hormone secretion",0.0224631038695137
"Tnf","GO:0030072","peptide hormone secretion",0.0224631038695137
"Nos2","GO:0030072","peptide hormone secretion",0.0224631038695137
"Adcy8","GO:0030072","peptide hormone secretion",0.0224631038695137
"Mc4r","GO:0030072","peptide hormone secretion",0.0224631038695137
"Myc","GO:0010827","regulation of D-glucose transmembrane transport",0.0224631038695137
"Met","GO:0010827","regulation of D-glucose transmembrane transport",0.0224631038695137
"Tnf","GO:0010827","regulation of D-glucose transmembrane transport",0.0224631038695137
"Cav2","GO:0014856","skeletal muscle cell proliferation",0.0227976524611874
"Stat3","GO:0014856","skeletal muscle cell proliferation",0.0227976524611874
"Pten","GO:0031645","negative regulation of nervous system process",0.0227976524611874
"Tnf","GO:0031645","negative regulation of nervous system process",0.0227976524611874
"Stat5a","GO:0042104","positive regulation of activated T cell proliferation",0.0227976524611874
"Stat5b","GO:0042104","positive regulation of activated T cell proliferation",0.0227976524611874
"Mpz","GO:0045217","cell-cell junction maintenance",0.0227976524611874
"Mtss1","GO:0045217","cell-cell junction maintenance",0.0227976524611874
"Tnf","GO:2000810","regulation of bicellular tight junction assembly",0.0227976524611874
"Nedd4l","GO:2000810","regulation of bicellular tight junction assembly",0.0227976524611874
"Pten","GO:0032943","mononuclear cell proliferation",0.0234268206693093
"Myc","GO:0032943","mononuclear cell proliferation",0.0234268206693093
"Stat5a","GO:0032943","mononuclear cell proliferation",0.0234268206693093
"Cdkn2a","GO:0032943","mononuclear cell proliferation",0.0234268206693093
"Stat5b","GO:0032943","mononuclear cell proliferation",0.0234268206693093
"Apoa1","GO:0032611","interleukin-1 beta production",0.023470914438371
"Tnf","GO:0032611","interleukin-1 beta production",0.023470914438371
"Stat3","GO:0032611","interleukin-1 beta production",0.023470914438371
"Apoa1","GO:0032651","regulation of interleukin-1 beta production",0.023470914438371
"Tnf","GO:0032651","regulation of interleukin-1 beta production",0.023470914438371
"Stat3","GO:0032651","regulation of interleukin-1 beta production",0.023470914438371
"Daxx","GO:0034620","cellular response to unfolded protein",0.023470914438371
"Wfs1","GO:0034620","cellular response to unfolded protein",0.023470914438371
"Hspa1a","GO:0034620","cellular response to unfolded protein",0.023470914438371
"Drd2","GO:0050709","negative regulation of protein secretion",0.023470914438371
"Apoe","GO:0050709","negative regulation of protein secretion",0.023470914438371
"Idua","GO:0050709","negative regulation of protein secretion",0.023470914438371
"Hspa1a","GO:0032271","regulation of protein polymerization",0.0239361283598883
"Cav1","GO:0032271","regulation of protein polymerization",0.0239361283598883
"Met","GO:0032271","regulation of protein polymerization",0.0239361283598883
"Hspa1b","GO:0032271","regulation of protein polymerization",0.0239361283598883
"Apoe","GO:0050810","regulation of steroid biosynthetic process",0.0239361283598883
"Tnf","GO:0050810","regulation of steroid biosynthetic process",0.0239361283598883
"Ppargc1a","GO:0050810","regulation of steroid biosynthetic process",0.0239361283598883
"Jun","GO:0150076","neuroinflammatory response",0.0239361283598883
"Tnf","GO:0150076","neuroinflammatory response",0.0239361283598883
"Adcy8","GO:0150076","neuroinflammatory response",0.0239361283598883
"Met","GO:2000027","regulation of animal organ morphogenesis",0.0239361283598883
"Wnt2","GO:2000027","regulation of animal organ morphogenesis",0.0239361283598883
"Tnf","GO:2000027","regulation of animal organ morphogenesis",0.0239361283598883
"Apoe","GO:0006706","steroid catabolic process",0.0239361283598883
"Cbr1","GO:0006706","steroid catabolic process",0.0239361283598883
"Apoe","GO:0007263","nitric oxide mediated signal transduction",0.0239361283598883
"Nos2","GO:0007263","nitric oxide mediated signal transduction",0.0239361283598883
"Stat5a","GO:0032816","positive regulation of natural killer cell activation",0.0239361283598883
"Stat5b","GO:0032816","positive regulation of natural killer cell activation",0.0239361283598883
"Hspa1a","GO:0035872","nucleotide-binding domain, leucine rich repeat containing receptor signaling pathway",0.0239361283598883
"Hspa1b","GO:0035872","nucleotide-binding domain, leucine rich repeat containing receptor signaling pathway",0.0239361283598883
"Stat5a","GO:0043373","CD4-positive, alpha-beta T cell lineage commitment",0.0239361283598883
"Stat3","GO:0043373","CD4-positive, alpha-beta T cell lineage commitment",0.0239361283598883
"Met","GO:0060445","branching involved in salivary gland morphogenesis",0.0239361283598883
"Tnf","GO:0060445","branching involved in salivary gland morphogenesis",0.0239361283598883
"Wfs1","GO:1904292","regulation of ERAD pathway",0.0239361283598883
"Cav1","GO:1904292","regulation of ERAD pathway",0.0239361283598883
"Cftr","GO:1904322","cellular response to forskolin",0.0239361283598883
"Adcy8","GO:1904322","cellular response to forskolin",0.0239361283598883
"Drd2","GO:0002790","peptide secretion",0.024330754617216
"Tnf","GO:0002790","peptide secretion",0.024330754617216
"Nos2","GO:0002790","peptide secretion",0.024330754617216
"Adcy8","GO:0002790","peptide secretion",0.024330754617216
"Mc4r","GO:0002790","peptide secretion",0.024330754617216
"Myc","GO:0001656","metanephros development",0.024330754617216
"Nf1","GO:0001656","metanephros development",0.024330754617216
"Mtss1","GO:0001656","metanephros development",0.024330754617216
"Nf1","GO:0048708","astrocyte differentiation",0.024330754617216
"Gfap","GO:0048708","astrocyte differentiation",0.024330754617216
"Stat3","GO:0048708","astrocyte differentiation",0.024330754617216
"Cav2","GO:0030512","negative regulation of transforming growth factor beta receptor signaling pathway",0.0249506970455777
"Hspa1a","GO:0030512","negative regulation of transforming growth factor beta receptor signaling pathway",0.0249506970455777
"Onecut2","GO:0030512","negative regulation of transforming growth factor beta receptor signaling pathway",0.0249506970455777
"Hspa1a","GO:0090559","regulation of membrane permeability",0.0249506970455777
"Bcl2l2","GO:0090559","regulation of membrane permeability",0.0249506970455777
"Stat3","GO:0090559","regulation of membrane permeability",0.0249506970455777
"Apoa1","GO:0008211","glucocorticoid metabolic process",0.025384870992836
"Cbr1","GO:0008211","glucocorticoid metabolic process",0.025384870992836
"Cav2","GO:0031579","membrane raft organization",0.025384870992836
"Cav1","GO:0031579","membrane raft organization",0.025384870992836
"Stat5a","GO:0043371","negative regulation of CD4-positive, alpha-beta T cell differentiation",0.025384870992836
"Runx1","GO:0043371","negative regulation of CD4-positive, alpha-beta T cell differentiation",0.025384870992836
"Pten","GO:0070664","negative regulation of leukocyte proliferation",0.0254636629687258
"Cdkn2a","GO:0070664","negative regulation of leukocyte proliferation",0.0254636629687258
"Nf1","GO:0070664","negative regulation of leukocyte proliferation",0.0254636629687258
"Got1","GO:0071260","cellular response to mechanical stimulus",0.0254636629687258
"Cav1","GO:0071260","cellular response to mechanical stimulus",0.0254636629687258
"Slc2a1","GO:0071260","cellular response to mechanical stimulus",0.0254636629687258
"Drd2","GO:0051651","maintenance of location in cell",0.0254636629687258
"Cav1","GO:0051651","maintenance of location in cell",0.0254636629687258
"Apoe","GO:0051651","maintenance of location in cell",0.0254636629687258
"Sufu","GO:0051651","maintenance of location in cell",0.0254636629687258
"Myc","GO:0009416","response to light stimulus",0.0257538002895101
"Slc1a3","GO:0009416","response to light stimulus",0.0257538002895101
"Drd2","GO:0009416","response to light stimulus",0.0257538002895101
"Nf1","GO:0009416","response to light stimulus",0.0257538002895101
"Idua","GO:0009416","response to light stimulus",0.0257538002895101
"Pten","GO:0002695","negative regulation of leukocyte activation",0.0257538002895101
"Stat5a","GO:0002695","negative regulation of leukocyte activation",0.0257538002895101
"Cdkn2a","GO:0002695","negative regulation of leukocyte activation",0.0257538002895101
"Runx1","GO:0002695","negative regulation of leukocyte activation",0.0257538002895101
"Pten","GO:0021543","pallium development",0.0257538002895101
"Foxp2","GO:0021543","pallium development",0.0257538002895101
"Slc2a1","GO:0021543","pallium development",0.0257538002895101
"Nf1","GO:0021543","pallium development",0.0257538002895101
"Cftr","GO:0046661","male sex differentiation",0.0257538002895101
"Stat5a","GO:0046661","male sex differentiation",0.0257538002895101
"Bcl2l2","GO:0046661","male sex differentiation",0.0257538002895101
"Stat5b","GO:0046661","male sex differentiation",0.0257538002895101
"Mpz","GO:0043954","cellular component maintenance",0.0259696534504771
"Apoe","GO:0043954","cellular component maintenance",0.0259696534504771
"Mtss1","GO:0043954","cellular component maintenance",0.0259696534504771
"Drd2","GO:0046883","regulation of hormone secretion",0.0262644671167875
"Tnf","GO:0046883","regulation of hormone secretion",0.0262644671167875
"Nos2","GO:0046883","regulation of hormone secretion",0.0262644671167875
"Adcy8","GO:0046883","regulation of hormone secretion",0.0262644671167875
"Runx1","GO:0046883","regulation of hormone secretion",0.0262644671167875
"Got1","GO:0071496","cellular response to external stimulus",0.0265728190818157
"Cav1","GO:0071496","cellular response to external stimulus",0.0265728190818157
"Slc2a1","GO:0071496","cellular response to external stimulus",0.0265728190818157
"Myc","GO:0010829","negative regulation of D-glucose transmembrane transport",0.0265728190818157
"Tnf","GO:0010829","negative regulation of D-glucose transmembrane transport",0.0265728190818157
"Slc1a3","GO:0015740","C4-dicarboxylate transport",0.0265728190818157
"Gfap","GO:0015740","C4-dicarboxylate transport",0.0265728190818157
"Apoa1","GO:0030325","adrenal gland development",0.0265728190818157
"Nf1","GO:0030325","adrenal gland development",0.0265728190818157
"Tnf","GO:0043405","regulation of MAP kinase activity",0.0265728190818157
"Trib1","GO:0043405","regulation of MAP kinase activity",0.0265728190818157
"Wfs1","GO:0050891","multicellular organismal-level water homeostasis",0.0265728190818157
"Cftr","GO:0050891","multicellular organismal-level water homeostasis",0.0265728190818157
"Apoc3","GO:0090208","positive regulation of triglyceride metabolic process",0.0265728190818157
"Apoa4","GO:0090208","positive regulation of triglyceride metabolic process",0.0265728190818157
"Stat5a","GO:0030217","T cell differentiation",0.0269343430181051
"Cdkn2a","GO:0030217","T cell differentiation",0.0269343430181051
"Stat3","GO:0030217","T cell differentiation",0.0269343430181051
"Stat5b","GO:0030217","T cell differentiation",0.0269343430181051
"Runx1","GO:0030217","T cell differentiation",0.0269343430181051
"Stat5a","GO:0033077","T cell differentiation in thymus",0.0270055651238142
"Cdkn2a","GO:0033077","T cell differentiation in thymus",0.0270055651238142
"Stat5b","GO:0033077","T cell differentiation in thymus",0.0270055651238142
"Hspa1a","GO:2001237","negative regulation of extrinsic apoptotic signaling pathway",0.0270055651238142
"Tnf","GO:2001237","negative regulation of extrinsic apoptotic signaling pathway",0.0270055651238142
"Hspa1b","GO:2001237","negative regulation of extrinsic apoptotic signaling pathway",0.0270055651238142
"Hspa1a","GO:0071356","cellular response to tumor necrosis factor",0.0274829209757098
"Apoa1","GO:0071356","cellular response to tumor necrosis factor",0.0274829209757098
"Tnf","GO:0071356","cellular response to tumor necrosis factor",0.0274829209757098
"Hspa1b","GO:0071356","cellular response to tumor necrosis factor",0.0274829209757098
"Myc","GO:0046631","alpha-beta T cell activation",0.027895112637514
"Stat5a","GO:0046631","alpha-beta T cell activation",0.027895112637514
"Stat3","GO:0046631","alpha-beta T cell activation",0.027895112637514
"Runx1","GO:0046631","alpha-beta T cell activation",0.027895112637514
"Stat5a","GO:0002363","alpha-beta T cell lineage commitment",0.0280200186679918
"Stat3","GO:0002363","alpha-beta T cell lineage commitment",0.0280200186679918
"Apoc3","GO:0050995","negative regulation of lipid catabolic process",0.0280200186679918
"Tnf","GO:0050995","negative regulation of lipid catabolic process",0.0280200186679918
"Wnt2","GO:0060045","positive regulation of cardiac muscle cell proliferation",0.0280200186679918
"Ncam1","GO:0060045","positive regulation of cardiac muscle cell proliferation",0.0280200186679918
"Drd2","GO:1900273","positive regulation of long-term synaptic potentiation",0.0280200186679918
"Adcy8","GO:1900273","positive regulation of long-term synaptic potentiation",0.0280200186679918
"Cdh13","GO:0050848","regulation of calcium-mediated signaling",0.0295249134201009
"Tnf","GO:0050848","regulation of calcium-mediated signaling",0.0295249134201009
"Ncam1","GO:0050848","regulation of calcium-mediated signaling",0.0295249134201009
"Got1","GO:0030511","positive regulation of transforming growth factor beta receptor signaling pathway",0.0295249134201009
"Cdkn2b","GO:0030511","positive regulation of transforming growth factor beta receptor signaling pathway",0.0295249134201009
"Apoe","GO:0032801","receptor catabolic process",0.0295249134201009
"Nedd4l","GO:0032801","receptor catabolic process",0.0295249134201009
"Stat5a","GO:0043369","CD4-positive or CD8-positive, alpha-beta T cell lineage commitment",0.0295249134201009
"Stat3","GO:0043369","CD4-positive or CD8-positive, alpha-beta T cell lineage commitment",0.0295249134201009
"Got1","GO:0051882","mitochondrial depolarization",0.0295249134201009
"Cdkn2a","GO:0051882","mitochondrial depolarization",0.0295249134201009
"Cav1","GO:0086005","ventricular cardiac muscle cell action potential",0.0295249134201009
"Nedd4l","GO:0086005","ventricular cardiac muscle cell action potential",0.0295249134201009
"Stat3","GO:1903579","negative regulation of ATP metabolic process",0.0295249134201009
"Ppargc1a","GO:1903579","negative regulation of ATP metabolic process",0.0295249134201009
"Got1","GO:1903846","positive regulation of cellular response to transforming growth factor beta stimulus",0.0295249134201009
"Cdkn2b","GO:1903846","positive regulation of cellular response to transforming growth factor beta stimulus",0.0295249134201009
"Cftr","GO:0007548","sex differentiation",0.0296096668877837
"Stat5a","GO:0007548","sex differentiation",0.0296096668877837
"Bcl2l2","GO:0007548","sex differentiation",0.0296096668877837
"Stat5b","GO:0007548","sex differentiation",0.0296096668877837
"Runx1","GO:0007548","sex differentiation",0.0296096668877837
"Nf1","GO:0001942","hair follicle development",0.0300321614563725
"Tnf","GO:0001942","hair follicle development",0.0300321614563725
"Runx1","GO:0001942","hair follicle development",0.0300321614563725
"Nf1","GO:0046849","bone remodeling",0.0300321614563725
"Idua","GO:0046849","bone remodeling",0.0300321614563725
"Mc4r","GO:0046849","bone remodeling",0.0300321614563725
"Cav2","GO:0051851","host-mediated perturbation of symbiont process",0.0300321614563725
"Apoe","GO:0051851","host-mediated perturbation of symbiont process",0.0300321614563725
"Jun","GO:0051851","host-mediated perturbation of symbiont process",0.0300321614563725
"Drd2","GO:0051235","maintenance of location",0.0304912705401636
"Cav1","GO:0051235","maintenance of location",0.0304912705401636
"Apoe","GO:0051235","maintenance of location",0.0304912705401636
"Sufu","GO:0051235","maintenance of location",0.0304912705401636
"Pten","GO:0021954","central nervous system neuron development",0.0306399129806841
"Drd2","GO:0021954","central nervous system neuron development",0.0306399129806841
"Dcc","GO:0021954","central nervous system neuron development",0.0306399129806841
"Drd2","GO:0032526","response to retinoic acid",0.0306399129806841
"Ankk1","GO:0032526","response to retinoic acid",0.0306399129806841
"Runx1","GO:0032526","response to retinoic acid",0.0306399129806841
"Myc","GO:1904019","epithelial cell apoptotic process",0.0306399129806841
"Wfs1","GO:1904019","epithelial cell apoptotic process",0.0306399129806841
"Ppargc1a","GO:1904019","epithelial cell apoptotic process",0.0306399129806841
"Apoa1","GO:0002719","negative regulation of cytokine production involved in immune response",0.03069617543311
"Tnf","GO:0002719","negative regulation of cytokine production involved in immune response",0.03069617543311
"Apoc3","GO:0019433","triglyceride catabolic process",0.03069617543311
"Apoa4","GO:0019433","triglyceride catabolic process",0.03069617543311
"Daxx","GO:0046688","response to copper ion",0.03069617543311
"Sod3","GO:0046688","response to copper ion",0.03069617543311
"Lta","GO:0048535","lymph node development",0.03069617543311
"Ltb","GO:0048535","lymph node development",0.03069617543311
"Cdkn2a","GO:0072574","hepatocyte proliferation",0.03069617543311
"Tnf","GO:0072574","hepatocyte proliferation",0.03069617543311
"Cdkn2a","GO:0072575","epithelial cell proliferation involved in liver morphogenesis",0.03069617543311
"Tnf","GO:0072575","epithelial cell proliferation involved in liver morphogenesis",0.03069617543311
"Hspa1a","GO:0090169","regulation of spindle assembly",0.03069617543311
"Hspa1b","GO:0090169","regulation of spindle assembly",0.03069617543311
"Tnf","GO:0090594","inflammatory response to wounding",0.03069617543311
"Stat3","GO:0090594","inflammatory response to wounding",0.03069617543311
"Wfs1","GO:1902235","regulation of endoplasmic reticulum stress-induced intrinsic apoptotic signaling pathway",0.03069617543311
"Hspa1a","GO:1902235","regulation of endoplasmic reticulum stress-induced intrinsic apoptotic signaling pathway",0.03069617543311
"Pten","GO:0000082","G1/S transition of mitotic cell cycle",0.0314144287528922
"Myc","GO:0000082","G1/S transition of mitotic cell cycle",0.0314144287528922
"Cdkn2a","GO:0000082","G1/S transition of mitotic cell cycle",0.0314144287528922
"Cdkn2b","GO:0000082","G1/S transition of mitotic cell cycle",0.0314144287528922
"Nf1","GO:0022404","molting cycle process",0.0317105698311869
"Tnf","GO:0022404","molting cycle process",0.0317105698311869
"Runx1","GO:0022404","molting cycle process",0.0317105698311869
"Nf1","GO:0022405","hair cycle process",0.0317105698311869
"Tnf","GO:0022405","hair cycle process",0.0317105698311869
"Runx1","GO:0022405","hair cycle process",0.0317105698311869
"Stat5a","GO:0045619","regulation of lymphocyte differentiation",0.031987697028764
"Cdkn2a","GO:0045619","regulation of lymphocyte differentiation",0.031987697028764
"Stat5b","GO:0045619","regulation of lymphocyte differentiation",0.031987697028764
"Runx1","GO:0045619","regulation of lymphocyte differentiation",0.031987697028764
"Pten","GO:0002902","regulation of B cell apoptotic process",0.031987697028764
"Myc","GO:0002902","regulation of B cell apoptotic process",0.031987697028764
"Slc1a3","GO:0015813","L-glutamate transmembrane transport",0.031987697028764
"Tnf","GO:0015813","L-glutamate transmembrane transport",0.031987697028764
"Nf1","GO:0022011","myelination in peripheral nervous system",0.031987697028764
"Ndrg1","GO:0022011","myelination in peripheral nervous system",0.031987697028764
"Nf1","GO:0032292","peripheral nervous system axon ensheathment",0.031987697028764
"Ndrg1","GO:0032292","peripheral nervous system axon ensheathment",0.031987697028764
"Apoe","GO:0034250","positive regulation of amide metabolic process",0.031987697028764
"Tnf","GO:0034250","positive regulation of amide metabolic process",0.031987697028764
"Stat5a","GO:0046639","negative regulation of alpha-beta T cell differentiation",0.031987697028764
"Runx1","GO:0046639","negative regulation of alpha-beta T cell differentiation",0.031987697028764
"Drd2","GO:0048521","negative regulation of behavior",0.031987697028764
"Mc4r","GO:0048521","negative regulation of behavior",0.031987697028764
"Foxp2","GO:0048745","smooth muscle tissue development",0.031987697028764
"Nf1","GO:0048745","smooth muscle tissue development",0.031987697028764
"Tnf","GO:1900017","positive regulation of cytokine production involved in inflammatory response",0.031987697028764
"Stat3","GO:1900017","positive regulation of cytokine production involved in inflammatory response",0.031987697028764
"Pten","GO:1904706","negative regulation of vascular associated smooth muscle cell proliferation",0.031987697028764
"Cav1","GO:1904706","negative regulation of vascular associated smooth muscle cell proliferation",0.031987697028764
"Myc","GO:0008630","intrinsic apoptotic signaling pathway in response to DNA damage",0.0327630559125613
"Tnf","GO:0008630","intrinsic apoptotic signaling pathway in response to DNA damage",0.0327630559125613
"Bcl2l2","GO:0008630","intrinsic apoptotic signaling pathway in response to DNA damage",0.0327630559125613
"Myc","GO:0061138","morphogenesis of a branching epithelium",0.0327630559125613
"Met","GO:0061138","morphogenesis of a branching epithelium",0.0327630559125613
"Wnt2","GO:0061138","morphogenesis of a branching epithelium",0.0327630559125613
"Tnf","GO:0061138","morphogenesis of a branching epithelium",0.0327630559125613
"Drd2","GO:0002027","regulation of heart rate",0.0332435305351934
"Cav1","GO:0002027","regulation of heart rate",0.0332435305351934
"Tnf","GO:0002027","regulation of heart rate",0.0332435305351934
"Met","GO:0032231","regulation of actin filament bundle assembly",0.0332435305351934
"Apoa1","GO:0032231","regulation of actin filament bundle assembly",0.0332435305351934
"Mtss1","GO:0032231","regulation of actin filament bundle assembly",0.0332435305351934
"Slc15a1","GO:0051952","regulation of amine transport",0.0332435305351934
"Drd2","GO:0051952","regulation of amine transport",0.0332435305351934
"Tnf","GO:0051952","regulation of amine transport",0.0332435305351934
"Tnf","GO:0003085","negative regulation of systemic arterial blood pressure",0.0332435305351934
"Nedd4l","GO:0003085","negative regulation of systemic arterial blood pressure",0.0332435305351934
"Cav2","GO:0007212","G protein-coupled dopamine receptor signaling pathway",0.0332435305351934
"Drd2","GO:0007212","G protein-coupled dopamine receptor signaling pathway",0.0332435305351934
"Cav1","GO:0043267","negative regulation of potassium ion transport",0.0332435305351934
"Nedd4l","GO:0043267","negative regulation of potassium ion transport",0.0332435305351934
"Stat3","GO:0045980","negative regulation of nucleotide metabolic process",0.0332435305351934
"Ppargc1a","GO:0045980","negative regulation of nucleotide metabolic process",0.0332435305351934
"Cdh13","GO:0055094","response to lipoprotein particle",0.0332435305351934
"Apoe","GO:0055094","response to lipoprotein particle",0.0332435305351934
"Apoe","GO:0090205","positive regulation of cholesterol metabolic process",0.0332435305351934
"Apoa1","GO:0090205","positive regulation of cholesterol metabolic process",0.0332435305351934
"Stat3","GO:1900543","negative regulation of purine nucleotide metabolic process",0.0332435305351934
"Ppargc1a","GO:1900543","negative regulation of purine nucleotide metabolic process",0.0332435305351934
"Pten","GO:1903859","regulation of dendrite extension",0.0332435305351934
"Nedd4l","GO:1903859","regulation of dendrite extension",0.0332435305351934
"Apoe","GO:1990000","amyloid fibril formation",0.0332435305351934
"Cdkn2a","GO:1990000","amyloid fibril formation",0.0332435305351934
"Myc","GO:2000108","positive regulation of leukocyte apoptotic process",0.0332435305351934
"Nf1","GO:2000108","positive regulation of leukocyte apoptotic process",0.0332435305351934
"Stat5a","GO:0043367","CD4-positive, alpha-beta T cell differentiation",0.0337697250374038
"Stat3","GO:0043367","CD4-positive, alpha-beta T cell differentiation",0.0337697250374038
"Runx1","GO:0043367","CD4-positive, alpha-beta T cell differentiation",0.0337697250374038
"Drd2","GO:0008217","regulation of blood pressure",0.0340997883730366
"Tnf","GO:0008217","regulation of blood pressure",0.0340997883730366
"Nos2","GO:0008217","regulation of blood pressure",0.0340997883730366
"Nedd4l","GO:0008217","regulation of blood pressure",0.0340997883730366
"Drd2","GO:0050796","regulation of insulin secretion",0.0340997883730366
"Tnf","GO:0050796","regulation of insulin secretion",0.0340997883730366
"Nos2","GO:0050796","regulation of insulin secretion",0.0340997883730366
"Adcy8","GO:0050796","regulation of insulin secretion",0.0340997883730366
"Tnf","GO:0002532","production of molecular mediator involved in inflammatory response",0.0343649288359914
"Nos2","GO:0002532","production of molecular mediator involved in inflammatory response",0.0343649288359914
"Stat3","GO:0002532","production of molecular mediator involved in inflammatory response",0.0343649288359914
"Pten","GO:0010660","regulation of muscle cell apoptotic process",0.0343649288359914
"Cftr","GO:0010660","regulation of muscle cell apoptotic process",0.0343649288359914
"Cav1","GO:0010660","regulation of muscle cell apoptotic process",0.0343649288359914
"Daxx","GO:0071346","cellular response to type II interferon",0.0343649288359914
"Tnf","GO:0071346","cellular response to type II interferon",0.0343649288359914
"Nos2","GO:0071346","cellular response to type II interferon",0.0343649288359914
"Stat5a","GO:0001779","natural killer cell differentiation",0.0346691530787842
"Stat5b","GO:0001779","natural killer cell differentiation",0.0346691530787842
"Myc","GO:0030224","monocyte differentiation",0.0346691530787842
"Jun","GO:0030224","monocyte differentiation",0.0346691530787842
"Cav1","GO:0060306","regulation of membrane repolarization",0.0346691530787842
"Nedd4l","GO:0060306","regulation of membrane repolarization",0.0346691530787842
"Cdkn2a","GO:0072576","liver morphogenesis",0.0346691530787842
"Tnf","GO:0072576","liver morphogenesis",0.0346691530787842
"Wfs1","GO:1905898","positive regulation of response to endoplasmic reticulum stress",0.0346691530787842
"Cav1","GO:1905898","positive regulation of response to endoplasmic reticulum stress",0.0346691530787842
"Apoe","GO:0010976","positive regulation of neuron projection development",0.03473662158425
"Met","GO:0010976","positive regulation of neuron projection development",0.03473662158425
"Nf1","GO:0010976","positive regulation of neuron projection development",0.03473662158425
"Dcc","GO:0010976","positive regulation of neuron projection development",0.03473662158425
"Apoa1","GO:0032612","interleukin-1 production",0.0347542669660854
"Tnf","GO:0032612","interleukin-1 production",0.0347542669660854
"Stat3","GO:0032612","interleukin-1 production",0.0347542669660854
"Apoa1","GO:0032652","regulation of interleukin-1 production",0.0347542669660854
"Tnf","GO:0032652","regulation of interleukin-1 production",0.0347542669660854
"Stat3","GO:0032652","regulation of interleukin-1 production",0.0347542669660854
"Apoe","GO:0045833","negative regulation of lipid metabolic process",0.0347542669660854
"Apoc3","GO:0045833","negative regulation of lipid metabolic process",0.0347542669660854
"Tnf","GO:0045833","negative regulation of lipid metabolic process",0.0347542669660854
"Tnf","GO:0045859","regulation of protein kinase activity",0.0347542669660854
"Adcy8","GO:0045859","regulation of protein kinase activity",0.0347542669660854
"Trib1","GO:0045859","regulation of protein kinase activity",0.0347542669660854
"Apoe","GO:0043537","negative regulation of blood vessel endothelial cell migration",0.0361327965187094
"Tnf","GO:0043537","negative regulation of blood vessel endothelial cell migration",0.0361327965187094
"Pten","GO:0050869","negative regulation of B cell activation",0.0361327965187094
"Cdkn2a","GO:0050869","negative regulation of B cell activation",0.0361327965187094
"Cav1","GO:0070266","necroptotic process",0.0361327965187094
"Tnf","GO:0070266","necroptotic process",0.0361327965187094
"Cav2","GO:0007088","regulation of mitotic nuclear division",0.0361327965187094
"Met","GO:0007088","regulation of mitotic nuclear division",0.0361327965187094
"Tnf","GO:0007088","regulation of mitotic nuclear division",0.0361327965187094
"Cav2","GO:0035821","modulation of process of another organism",0.0361327965187094
"Apoe","GO:0035821","modulation of process of another organism",0.0361327965187094
"Jun","GO:0035821","modulation of process of another organism",0.0361327965187094
"Cdkn2a","GO:0042542","response to hydrogen peroxide",0.0361327965187094
"Jun","GO:0042542","response to hydrogen peroxide",0.0361327965187094
"Nqo1","GO:0042542","response to hydrogen peroxide",0.0361327965187094
"Pten","GO:0001649","osteoblast differentiation",0.0363295385697084
"Wwox","GO:0001649","osteoblast differentiation",0.0363295385697084
"Nf1","GO:0001649","osteoblast differentiation",0.0363295385697084
"Tnf","GO:0001649","osteoblast differentiation",0.0363295385697084
"Slc1a3","GO:0006813","potassium ion transport",0.0367008486731174
"Drd2","GO:0006813","potassium ion transport",0.0367008486731174
"Cav1","GO:0006813","potassium ion transport",0.0367008486731174
"Nedd4l","GO:0006813","potassium ion transport",0.0367008486731174
"Pon3","GO:0016054","organic acid catabolic process",0.0367008486731174
"Got1","GO:0016054","organic acid catabolic process",0.0367008486731174
"Nos2","GO:0016054","organic acid catabolic process",0.0367008486731174
"Pon1","GO:0016054","organic acid catabolic process",0.0367008486731174
"Pon3","GO:0046395","carboxylic acid catabolic process",0.0367008486731174
"Got1","GO:0046395","carboxylic acid catabolic process",0.0367008486731174
"Nos2","GO:0046395","carboxylic acid catabolic process",0.0367008486731174
"Pon1","GO:0046395","carboxylic acid catabolic process",0.0367008486731174
"Tnf","GO:0002526","acute inflammatory response",0.0367008486731174
"Stat3","GO:0002526","acute inflammatory response",0.0367008486731174
"Stat5b","GO:0002526","acute inflammatory response",0.0367008486731174
"Myc","GO:0006096","glycolytic process",0.0367008486731174
"Stat3","GO:0006096","glycolytic process",0.0367008486731174
"Ppargc1a","GO:0006096","glycolytic process",0.0367008486731174
"Pten","GO:0045926","negative regulation of growth",0.0371185226092018
"Hspa1a","GO:0045926","negative regulation of growth",0.0371185226092018
"Cdkn2a","GO:0045926","negative regulation of growth",0.0371185226092018
"Hspa1b","GO:0045926","negative regulation of growth",0.0371185226092018
"Pten","GO:0050764","regulation of phagocytosis",0.0374042238903551
"Apoa1","GO:0050764","regulation of phagocytosis",0.0374042238903551
"Stat3","GO:0050764","regulation of phagocytosis",0.0374042238903551
"Pten","GO:0055017","cardiac muscle tissue growth",0.0374042238903551
"Wnt2","GO:0055017","cardiac muscle tissue growth",0.0374042238903551
"Ncam1","GO:0055017","cardiac muscle tissue growth",0.0374042238903551
"Apoe","GO:0032369","negative regulation of lipid transport",0.037506002050465
"Apoc3","GO:0032369","negative regulation of lipid transport",0.037506002050465
"Cav1","GO:0032570","response to progesterone",0.037506002050465
"Cbr1","GO:0032570","response to progesterone",0.037506002050465
"Myc","GO:1901798","positive regulation of signal transduction by p53 class mediator",0.037506002050465
"Cdkn2a","GO:1901798","positive regulation of signal transduction by p53 class mediator",0.037506002050465
"Cav2","GO:0019058","viral life cycle",0.0379165069603958
"Cav1","GO:0019058","viral life cycle",0.0379165069603958
"Apoe","GO:0019058","viral life cycle",0.0379165069603958
"Tnf","GO:0019058","viral life cycle",0.0379165069603958
"Nf1","GO:0021510","spinal cord development",0.0380245366822749
"Sufu","GO:0021510","spinal cord development",0.0380245366822749
"Dcc","GO:0021510","spinal cord development",0.0380245366822749
"Lta","GO:0002706","regulation of lymphocyte mediated immunity",0.0383637922584277
"Stat5a","GO:0002706","regulation of lymphocyte mediated immunity",0.0383637922584277
"Tnf","GO:0002706","regulation of lymphocyte mediated immunity",0.0383637922584277
"Stat5b","GO:0002706","regulation of lymphocyte mediated immunity",0.0383637922584277
"Hspa1a","GO:0008637","apoptotic mitochondrial changes",0.038768714927746
"Jun","GO:0008637","apoptotic mitochondrial changes",0.038768714927746
"Bcl2l2","GO:0008637","apoptotic mitochondrial changes",0.038768714927746
"Got1","GO:0006006","glucose metabolic process",0.038768714927746
"Myc","GO:0006006","glucose metabolic process",0.038768714927746
"Tnf","GO:0006006","glucose metabolic process",0.038768714927746
"Ppargc1a","GO:0006006","glucose metabolic process",0.038768714927746
"Pten","GO:0032869","cellular response to insulin stimulus",0.038768714927746
"Got1","GO:0032869","cellular response to insulin stimulus",0.038768714927746
"Cav2","GO:0032869","cellular response to insulin stimulus",0.038768714927746
"Tnf","GO:0032869","cellular response to insulin stimulus",0.038768714927746
"Hspa1a","GO:0007020","microtubule nucleation",0.0390497034454494
"Hspa1b","GO:0007020","microtubule nucleation",0.0390497034454494
"Drd2","GO:0048169","regulation of long-term neuronal synaptic plasticity",0.0390497034454494
"Nf1","GO:0048169","regulation of long-term neuronal synaptic plasticity",0.0390497034454494
"Wnt2","GO:0060441","epithelial tube branching involved in lung morphogenesis",0.0390497034454494
"Tnf","GO:0060441","epithelial tube branching involved in lung morphogenesis",0.0390497034454494
"Pten","GO:0006909","phagocytosis",0.0391303273358356
"Apoa1","GO:0006909","phagocytosis",0.0391303273358356
"Nos2","GO:0006909","phagocytosis",0.0391303273358356
"Stat3","GO:0006909","phagocytosis",0.0391303273358356
"Drd2","GO:0010563","negative regulation of phosphorus metabolic process",0.0391411647407194
"Stat3","GO:0010563","negative regulation of phosphorus metabolic process",0.0391411647407194
"Ppargc1a","GO:0010563","negative regulation of phosphorus metabolic process",0.0391411647407194
"Lta","GO:0032609","type II interferon production",0.0391411647407194
"Tnf","GO:0032609","type II interferon production",0.0391411647407194
"Runx1","GO:0032609","type II interferon production",0.0391411647407194
"Lta","GO:0032649","regulation of type II interferon production",0.0391411647407194
"Tnf","GO:0032649","regulation of type II interferon production",0.0391411647407194
"Runx1","GO:0032649","regulation of type II interferon production",0.0391411647407194
"Drd2","GO:0045936","negative regulation of phosphate metabolic process",0.0391411647407194
"Stat3","GO:0045936","negative regulation of phosphate metabolic process",0.0391411647407194
"Ppargc1a","GO:0045936","negative regulation of phosphate metabolic process",0.0391411647407194
"Apoe","GO:0060840","artery development",0.0391411647407194
"Nf1","GO:0060840","artery development",0.0391411647407194
"Sufu","GO:0060840","artery development",0.0391411647407194
"Pten","GO:0010657","muscle cell apoptotic process",0.0398638881910759
"Cftr","GO:0010657","muscle cell apoptotic process",0.0398638881910759
"Cav1","GO:0010657","muscle cell apoptotic process",0.0398638881910759
"Stat5a","GO:0045582","positive regulation of T cell differentiation",0.0398638881910759
"Stat5b","GO:0045582","positive regulation of T cell differentiation",0.0398638881910759
"Runx1","GO:0045582","positive regulation of T cell differentiation",0.0398638881910759
"Myc","GO:0046032","ADP catabolic process",0.0398638881910759
"Stat3","GO:0046032","ADP catabolic process",0.0398638881910759
"Ppargc1a","GO:0046032","ADP catabolic process",0.0398638881910759
"Foxp2","GO:0030324","lung development",0.0401898311877295
"Cftr","GO:0030324","lung development",0.0401898311877295
"Wnt2","GO:0030324","lung development",0.0401898311877295
"Tnf","GO:0030324","lung development",0.0401898311877295
"Stat5a","GO:0050870","positive regulation of T cell activation",0.0401898311877295
"Cav1","GO:0050870","positive regulation of T cell activation",0.0401898311877295
"Stat5b","GO:0050870","positive regulation of T cell activation",0.0401898311877295
"Runx1","GO:0050870","positive regulation of T cell activation",0.0401898311877295
"Stat5a","GO:0002360","T cell lineage commitment",0.0401898311877295
"Stat3","GO:0002360","T cell lineage commitment",0.0401898311877295
"Met","GO:0007435","salivary gland morphogenesis",0.0401898311877295
"Tnf","GO:0007435","salivary gland morphogenesis",0.0401898311877295
"Tnf","GO:0010573","vascular endothelial growth factor production",0.0401898311877295
"Stat3","GO:0010573","vascular endothelial growth factor production",0.0401898311877295
"Apoe","GO:0042158","lipoprotein biosynthetic process",0.0401898311877295
"Apoa1","GO:0042158","lipoprotein biosynthetic process",0.0401898311877295
"Stat5a","GO:0045577","regulation of B cell differentiation",0.0401898311877295
"Stat5b","GO:0045577","regulation of B cell differentiation",0.0401898311877295
"Stat5a","GO:0045954","positive regulation of natural killer cell mediated cytotoxicity",0.0401898311877295
"Stat5b","GO:0045954","positive regulation of natural killer cell mediated cytotoxicity",0.0401898311877295
"Apoe","GO:1902003","regulation of amyloid-beta formation",0.0401898311877295
"Tnf","GO:1902003","regulation of amyloid-beta formation",0.0401898311877295
"Pten","GO:0046620","regulation of organ growth",0.0402692645877946
"Wnt2","GO:0046620","regulation of organ growth",0.0402692645877946
"Ncam1","GO:0046620","regulation of organ growth",0.0402692645877946
"Pten","GO:0050670","regulation of lymphocyte proliferation",0.0410106695574708
"Stat5a","GO:0050670","regulation of lymphocyte proliferation",0.0410106695574708
"Cdkn2a","GO:0050670","regulation of lymphocyte proliferation",0.0410106695574708
"Stat5b","GO:0050670","regulation of lymphocyte proliferation",0.0410106695574708
"Hspa1a","GO:0010821","regulation of mitochondrion organization",0.0410463871685536
"Bcl2l2","GO:0010821","regulation of mitochondrion organization",0.0410463871685536
"Ppargc1a","GO:0010821","regulation of mitochondrion organization",0.0410463871685536
"Foxp2","GO:0030323","respiratory tube development",0.0414766897705994
"Cftr","GO:0030323","respiratory tube development",0.0414766897705994
"Wnt2","GO:0030323","respiratory tube development",0.0414766897705994
"Tnf","GO:0030323","respiratory tube development",0.0414766897705994
"Daxx","GO:0006986","response to unfolded protein",0.0415131752063922
"Wfs1","GO:0006986","response to unfolded protein",0.0415131752063922
"Hspa1a","GO:0006986","response to unfolded protein",0.0415131752063922
"Myc","GO:0009137","purine nucleoside diphosphate catabolic process",0.0415131752063922
"Stat3","GO:0009137","purine nucleoside diphosphate catabolic process",0.0415131752063922
"Ppargc1a","GO:0009137","purine nucleoside diphosphate catabolic process",0.0415131752063922
"Myc","GO:0009181","purine ribonucleoside diphosphate catabolic process",0.0415131752063922
"Stat3","GO:0009181","purine ribonucleoside diphosphate catabolic process",0.0415131752063922
"Ppargc1a","GO:0009181","purine ribonucleoside diphosphate catabolic process",0.0415131752063922
"Tnf","GO:0043549","regulation of kinase activity",0.0415131752063922
"Adcy8","GO:0043549","regulation of kinase activity",0.0415131752063922
"Trib1","GO:0043549","regulation of kinase activity",0.0415131752063922
"Stat5a","GO:0046006","regulation of activated T cell proliferation",0.0415131752063922
"Stat5b","GO:0046006","regulation of activated T cell proliferation",0.0415131752063922
"Stat5a","GO:0070670","response to interleukin-4",0.0415131752063922
"Stat5b","GO:0070670","response to interleukin-4",0.0415131752063922
"Slc1a3","GO:0071312","cellular response to alkaloid",0.0415131752063922
"Adcy8","GO:0071312","cellular response to alkaloid",0.0415131752063922
"Stat5a","GO:0072539","T-helper 17 cell differentiation",0.0415131752063922
"Stat3","GO:0072539","T-helper 17 cell differentiation",0.0415131752063922
"Apoe","GO:0097242","amyloid-beta clearance",0.0415131752063922
"Tnf","GO:0097242","amyloid-beta clearance",0.0415131752063922
"Stat5a","GO:2000515","negative regulation of CD4-positive, alpha-beta T cell activation",0.0415131752063922
"Runx1","GO:2000515","negative regulation of CD4-positive, alpha-beta T cell activation",0.0415131752063922
"Pten","GO:0044843","cell cycle G1/S phase transition",0.0415224585706341
"Myc","GO:0044843","cell cycle G1/S phase transition",0.0415224585706341
"Cdkn2a","GO:0044843","cell cycle G1/S phase transition",0.0415224585706341
"Cdkn2b","GO:0044843","cell cycle G1/S phase transition",0.0415224585706341
"Wfs1","GO:1903322","positive regulation of protein modification by small protein conjugation or removal",0.042194079107704
"Cav1","GO:1903322","positive regulation of protein modification by small protein conjugation or removal",0.042194079107704
"Cdkn2a","GO:1903322","positive regulation of protein modification by small protein conjugation or removal",0.042194079107704
"Stat5a","GO:0007589","body fluid secretion",0.0428857797807709
"Cav1","GO:0007589","body fluid secretion",0.0428857797807709
"Stat5b","GO:0007589","body fluid secretion",0.0428857797807709
"Myc","GO:0019364","pyridine nucleotide catabolic process",0.0428857797807709
"Stat3","GO:0019364","pyridine nucleotide catabolic process",0.0428857797807709
"Ppargc1a","GO:0019364","pyridine nucleotide catabolic process",0.0428857797807709
"Myc","GO:0046031","ADP metabolic process",0.0428857797807709
"Stat3","GO:0046031","ADP metabolic process",0.0428857797807709
"Ppargc1a","GO:0046031","ADP metabolic process",0.0428857797807709
"Wfs1","GO:1901875","positive regulation of post-translational protein modification",0.0428857797807709
"Cav1","GO:1901875","positive regulation of post-translational protein modification",0.0428857797807709
"Cdkn2a","GO:1901875","positive regulation of post-translational protein modification",0.0428857797807709
"Pten","GO:0032944","regulation of mononuclear cell proliferation",0.0428857797807709
"Stat5a","GO:0032944","regulation of mononuclear cell proliferation",0.0428857797807709
"Cdkn2a","GO:0032944","regulation of mononuclear cell proliferation",0.0428857797807709
"Stat5b","GO:0032944","regulation of mononuclear cell proliferation",0.0428857797807709
"Pten","GO:0001964","startle response",0.0428857797807709
"Drd2","GO:0001964","startle response",0.0428857797807709
"Lta","GO:0002861","regulation of inflammatory response to antigenic stimulus",0.0428857797807709
"Tnf","GO:0002861","regulation of inflammatory response to antigenic stimulus",0.0428857797807709
"Nf1","GO:0014002","astrocyte development",0.0428857797807709
"Gfap","GO:0014002","astrocyte development",0.0428857797807709
"Apoe","GO:0019934","cGMP-mediated signaling",0.0428857797807709
"Nos2","GO:0019934","cGMP-mediated signaling",0.0428857797807709
"Pten","GO:0046164","alcohol catabolic process",0.0428857797807709
"Apoe","GO:0046164","alcohol catabolic process",0.0428857797807709
"Pten","GO:1901889","negative regulation of cell junction assembly",0.0428857797807709
"Tnf","GO:1901889","negative regulation of cell junction assembly",0.0428857797807709
"Pten","GO:0042060","wound healing",0.0429884764493984
"Cav1","GO:0042060","wound healing",0.0429884764493984
"Apoe","GO:0042060","wound healing",0.0429884764493984
"Nf1","GO:0042060","wound healing",0.0429884764493984
"Tnf","GO:0042060","wound healing",0.0429884764493984
"Cftr","GO:0002064","epithelial cell development",0.0436989735318297
"Met","GO:0002064","epithelial cell development",0.0436989735318297
"Tnf","GO:0002064","epithelial cell development",0.0436989735318297
"Onecut2","GO:0002064","epithelial cell development",0.0436989735318297
"Foxp2","GO:0043010","camera-type eye development",0.0441539127673995
"Drd2","GO:0043010","camera-type eye development",0.0441539127673995
"Nf1","GO:0043010","camera-type eye development",0.0441539127673995
"Jun","GO:0043010","camera-type eye development",0.0441539127673995
"Stat3","GO:0043010","camera-type eye development",0.0441539127673995
"Pten","GO:0060419","heart growth",0.0441539127673995
"Wnt2","GO:0060419","heart growth",0.0441539127673995
"Ncam1","GO:0060419","heart growth",0.0441539127673995
"Stat5a","GO:0002717","positive regulation of natural killer cell mediated immunity",0.0445529950362774
"Stat5b","GO:0002717","positive regulation of natural killer cell mediated immunity",0.0445529950362774
"Hspa1a","GO:0060236","regulation of mitotic spindle organization",0.0445529950362774
"Hspa1b","GO:0060236","regulation of mitotic spindle organization",0.0445529950362774
"Cav2","GO:0071711","basement membrane organization",0.0445529950362774
"Cav1","GO:0071711","basement membrane organization",0.0445529950362774
"Pon3","GO:0006814","sodium ion transport",0.0445664235818063
"Cftr","GO:0006814","sodium ion transport",0.0445664235818063
"Drd2","GO:0006814","sodium ion transport",0.0445664235818063
"Nedd4l","GO:0006814","sodium ion transport",0.0445664235818063
"Hspa1a","GO:0032434","regulation of proteasomal ubiquitin-dependent protein catabolic process",0.0448148424464
"Hspa1b","GO:0032434","regulation of proteasomal ubiquitin-dependent protein catabolic process",0.0448148424464
"Trib1","GO:0032434","regulation of proteasomal ubiquitin-dependent protein catabolic process",0.0448148424464
"Myc","GO:0009134","nucleoside diphosphate catabolic process",0.0455291477740851
"Stat3","GO:0009134","nucleoside diphosphate catabolic process",0.0455291477740851
"Ppargc1a","GO:0009134","nucleoside diphosphate catabolic process",0.0455291477740851
"Myc","GO:0009191","ribonucleoside diphosphate catabolic process",0.0455291477740851
"Stat3","GO:0009191","ribonucleoside diphosphate catabolic process",0.0455291477740851
"Ppargc1a","GO:0009191","ribonucleoside diphosphate catabolic process",0.0455291477740851
"Pten","GO:0051225","spindle assembly",0.0455291477740851
"Hspa1a","GO:0051225","spindle assembly",0.0455291477740851
"Hspa1b","GO:0051225","spindle assembly",0.0455291477740851
"Myc","GO:0072526","pyridine-containing compound catabolic process",0.0455291477740851
"Stat3","GO:0072526","pyridine-containing compound catabolic process",0.0455291477740851
"Ppargc1a","GO:0072526","pyridine-containing compound catabolic process",0.0455291477740851
"Pten","GO:0021955","central nervous system neuron axonogenesis",0.0460359216478604
"Dcc","GO:0021955","central nervous system neuron axonogenesis",0.0460359216478604
"Slc1a3","GO:0055078","sodium ion homeostasis",0.0460359216478604
"Drd2","GO:0055078","sodium ion homeostasis",0.0460359216478604
"Cav1","GO:0086002","cardiac muscle cell action potential involved in contraction",0.0460359216478604
"Nedd4l","GO:0086002","cardiac muscle cell action potential involved in contraction",0.0460359216478604
"Apoe","GO:1904646","cellular response to amyloid-beta",0.0460359216478604
"Apoa1","GO:1904646","cellular response to amyloid-beta",0.0460359216478604
"Tnf","GO:2000008","regulation of protein localization to cell surface",0.0460359216478604
"Nedd4l","GO:2000008","regulation of protein localization to cell surface",0.0460359216478604
"Pten","GO:0021761","limbic system development",0.0461480130378672
"Drd2","GO:0021761","limbic system development",0.0461480130378672
"Nf1","GO:0021761","limbic system development",0.0461480130378672
"Stat5a","GO:0008585","female gonad development",0.0469720480248463
"Stat5b","GO:0008585","female gonad development",0.0469720480248463
"Runx1","GO:0008585","female gonad development",0.0469720480248463
"Drd2","GO:0051588","regulation of neurotransmitter transport",0.0469720480248463
"Nf1","GO:0051588","regulation of neurotransmitter transport",0.0469720480248463
"Gfap","GO:0051588","regulation of neurotransmitter transport",0.0469720480248463
"Drd2","GO:0008306","associative learning",0.0473723820922444
"Nf1","GO:0008306","associative learning",0.0473723820922444
"Idua","GO:0008306","associative learning",0.0473723820922444
"Myc","GO:0009135","purine nucleoside diphosphate metabolic process",0.0473723820922444
"Stat3","GO:0009135","purine nucleoside diphosphate metabolic process",0.0473723820922444
"Ppargc1a","GO:0009135","purine nucleoside diphosphate metabolic process",0.0473723820922444
"Myc","GO:0009179","purine ribonucleoside diphosphate metabolic process",0.0473723820922444
"Stat3","GO:0009179","purine ribonucleoside diphosphate metabolic process",0.0473723820922444
"Ppargc1a","GO:0009179","purine ribonucleoside diphosphate metabolic process",0.0473723820922444
"Foxp2","GO:0021987","cerebral cortex development",0.0473723820922444
"Slc2a1","GO:0021987","cerebral cortex development",0.0473723820922444
"Nf1","GO:0021987","cerebral cortex development",0.0473723820922444
"Drd2","GO:0001504","neurotransmitter uptake",0.0473723820922444
"Gfap","GO:0001504","neurotransmitter uptake",0.0473723820922444
"Pten","GO:0001783","B cell apoptotic process",0.0473723820922444
"Myc","GO:0001783","B cell apoptotic process",0.0473723820922444
"Apoa1","GO:0002701","negative regulation of production of molecular mediator of immune response",0.0473723820922444
"Tnf","GO:0002701","negative regulation of production of molecular mediator of immune response",0.0473723820922444
"Tnf","GO:0010893","positive regulation of steroid biosynthetic process",0.0473723820922444
"Ppargc1a","GO:0010893","positive regulation of steroid biosynthetic process",0.0473723820922444
"Apoc3","GO:0046461","neutral lipid catabolic process",0.0473723820922444
"Apoa4","GO:0046461","neutral lipid catabolic process",0.0473723820922444
"Apoc3","GO:0046464","acylglycerol catabolic process",0.0473723820922444
"Apoa4","GO:0046464","acylglycerol catabolic process",0.0473723820922444
"Myc","GO:1904036","negative regulation of epithelial cell apoptotic process",0.0473723820922444
"Wfs1","GO:1904036","negative regulation of epithelial cell apoptotic process",0.0473723820922444
"Drd2","GO:0003073","regulation of systemic arterial blood pressure",0.0482270482181563
"Tnf","GO:0003073","regulation of systemic arterial blood pressure",0.0482270482181563
"Nedd4l","GO:0003073","regulation of systemic arterial blood pressure",0.0482270482181563
"Stat5a","GO:0046545","development of primary female sexual characteristics",0.0491192692505862
"Stat5b","GO:0046545","development of primary female sexual characteristics",0.0491192692505862
"Runx1","GO:0046545","development of primary female sexual characteristics",0.0491192692505862
"Met","GO:0007431","salivary gland development",0.0491229828828027
"Tnf","GO:0007431","salivary gland development",0.0491229828828027
"Pten","GO:0060292","long-term synaptic depression",0.0491229828828027
"Adcy8","GO:0060292","long-term synaptic depression",0.0491229828828027
"Pten","GO:0097484","dendrite extension",0.0491229828828027
"Nedd4l","GO:0097484","dendrite extension",0.0491229828828027
"Drd2","GO:0099170","postsynaptic modulation of chemical synaptic transmission",0.0491229828828027
"Dcc","GO:0099170","postsynaptic modulation of chemical synaptic transmission",0.0491229828828027
