"gene_symbol","go_id","go_description","p_adjusted"
"Cyp1b1","GO:0006805","xenobiotic metabolic process",6.09342862195536e-113
"Cyp2c67","GO:0006805","xenobiotic metabolic process",6.09342862195536e-113
"Cyp3a44","GO:0006805","xenobiotic metabolic process",6.09342862195536e-113
"Sult2a8","GO:0006805","xenobiotic metabolic process",6.09342862195536e-113
"Aox3","GO:0006805","xenobiotic metabolic process",6.09342862195536e-113
"Gsto1","GO:0006805","xenobiotic metabolic process",6.09342862195536e-113
"Cyp2c39","GO:0006805","xenobiotic metabolic process",6.09342862195536e-113
"Gsta5","GO:0006805","xenobiotic metabolic process",6.09342862195536e-113
"Ugt1a6a","GO:0006805","xenobiotic metabolic process",6.09342862195536e-113
"Aox2","GO:0006805","xenobiotic metabolic process",6.09342862195536e-113
"Fmo4","GO:0006805","xenobiotic metabolic process",6.09342862195536e-113
"Ugt2a2","GO:0006805","xenobiotic metabolic process",6.09342862195536e-113
"Gstm1","GO:0006805","xenobiotic metabolic process",6.09342862195536e-113
"Tpmt","GO:0006805","xenobiotic metabolic process",6.09342862195536e-113
"Cyp2c50","GO:0006805","xenobiotic metabolic process",6.09342862195536e-113
"Ugt2a3","GO:0006805","xenobiotic metabolic process",6.09342862195536e-113
"Fmo6","GO:0006805","xenobiotic metabolic process",6.09342862195536e-113
"Gstm4","GO:0006805","xenobiotic metabolic process",6.09342862195536e-113
"Sult2a7","GO:0006805","xenobiotic metabolic process",6.09342862195536e-113
"Cbr1","GO:0006805","xenobiotic metabolic process",6.09342862195536e-113
"Cyp3a41a","GO:0006805","xenobiotic metabolic process",6.09342862195536e-113
"Ugt2a1","GO:0006805","xenobiotic metabolic process",6.09342862195536e-113
"Fmo3","GO:0006805","xenobiotic metabolic process",6.09342862195536e-113
"Gstm5","GO:0006805","xenobiotic metabolic process",6.09342862195536e-113
"Cyp1a1","GO:0006805","xenobiotic metabolic process",6.09342862195536e-113
"Ugt2b34","GO:0006805","xenobiotic metabolic process",6.09342862195536e-113
"Cyp2c70","GO:0006805","xenobiotic metabolic process",6.09342862195536e-113
"Aldh2","GO:0006805","xenobiotic metabolic process",6.09342862195536e-113
"Aox4","GO:0006805","xenobiotic metabolic process",6.09342862195536e-113
"Ugt1a6b","GO:0006805","xenobiotic metabolic process",6.09342862195536e-113
"Gsta2","GO:0006805","xenobiotic metabolic process",6.09342862195536e-113
"Cyp2c38","GO:0006805","xenobiotic metabolic process",6.09342862195536e-113
"Cyp3a16","GO:0006805","xenobiotic metabolic process",6.09342862195536e-113
"Cyp2c37","GO:0006805","xenobiotic metabolic process",6.09342862195536e-113
"Ugt2b1","GO:0006805","xenobiotic metabolic process",6.09342862195536e-113
"Cyp2c54","GO:0006805","xenobiotic metabolic process",6.09342862195536e-113
"Gstp2","GO:0006805","xenobiotic metabolic process",6.09342862195536e-113
"Cyp3a41b","GO:0006805","xenobiotic metabolic process",6.09342862195536e-113
"Gstp3","GO:0006805","xenobiotic metabolic process",6.09342862195536e-113
"Cyp2c68","GO:0006805","xenobiotic metabolic process",6.09342862195536e-113
"Cyp2e1","GO:0006805","xenobiotic metabolic process",6.09342862195536e-113
"Cyp2c23","GO:0006805","xenobiotic metabolic process",6.09342862195536e-113
"Cyp1a2","GO:0006805","xenobiotic metabolic process",6.09342862195536e-113
"Aox1","GO:0006805","xenobiotic metabolic process",6.09342862195536e-113
"Cyp2c40","GO:0006805","xenobiotic metabolic process",6.09342862195536e-113
"Gstm7","GO:0006805","xenobiotic metabolic process",6.09342862195536e-113
"Gsta3","GO:0006805","xenobiotic metabolic process",6.09342862195536e-113
"Sult2a6","GO:0006805","xenobiotic metabolic process",6.09342862195536e-113
"Sult2a4","GO:0006805","xenobiotic metabolic process",6.09342862195536e-113
"Gstm2","GO:0006805","xenobiotic metabolic process",6.09342862195536e-113
"Fmo5","GO:0006805","xenobiotic metabolic process",6.09342862195536e-113
"Fmo2","GO:0006805","xenobiotic metabolic process",6.09342862195536e-113
"Fmo1","GO:0006805","xenobiotic metabolic process",6.09342862195536e-113
"Gsta4","GO:0006805","xenobiotic metabolic process",6.09342862195536e-113
"Ugt1a1","GO:0006805","xenobiotic metabolic process",6.09342862195536e-113
"Cyp2c66","GO:0006805","xenobiotic metabolic process",6.09342862195536e-113
"Gstp1","GO:0006805","xenobiotic metabolic process",6.09342862195536e-113
"Cyp2c65","GO:0006805","xenobiotic metabolic process",6.09342862195536e-113
"Gsta13","GO:0006805","xenobiotic metabolic process",6.09342862195536e-113
"Cyp2c69","GO:0006805","xenobiotic metabolic process",6.09342862195536e-113
"Cyp2f2","GO:0006805","xenobiotic metabolic process",6.09342862195536e-113
"Cyp2s1","GO:0006805","xenobiotic metabolic process",6.09342862195536e-113
"Gstt1","GO:0006805","xenobiotic metabolic process",6.09342862195536e-113
"Sult2a1","GO:0006805","xenobiotic metabolic process",6.09342862195536e-113
"Cyp2c29","GO:0006805","xenobiotic metabolic process",6.09342862195536e-113
"Gsto2","GO:0006805","xenobiotic metabolic process",6.09342862195536e-113
"Gsta1","GO:0006805","xenobiotic metabolic process",6.09342862195536e-113
"Cyp2c55","GO:0006805","xenobiotic metabolic process",6.09342862195536e-113
"Sult2a5","GO:0006805","xenobiotic metabolic process",6.09342862195536e-113
"Sult2a3","GO:0006805","xenobiotic metabolic process",6.09342862195536e-113
"Sult1a1","GO:0006805","xenobiotic metabolic process",6.09342862195536e-113
"Cyp3a11","GO:0006805","xenobiotic metabolic process",6.09342862195536e-113
"Cyp1b1","GO:0071466","cellular response to xenobiotic stimulus",5.74982284009526e-98
"Cyp2c67","GO:0071466","cellular response to xenobiotic stimulus",5.74982284009526e-98
"Cyp3a44","GO:0071466","cellular response to xenobiotic stimulus",5.74982284009526e-98
"Gstm3","GO:0071466","cellular response to xenobiotic stimulus",5.74982284009526e-98
"Sult2a8","GO:0071466","cellular response to xenobiotic stimulus",5.74982284009526e-98
"Aox3","GO:0071466","cellular response to xenobiotic stimulus",5.74982284009526e-98
"Gsto1","GO:0071466","cellular response to xenobiotic stimulus",5.74982284009526e-98
"Cyp2c39","GO:0071466","cellular response to xenobiotic stimulus",5.74982284009526e-98
"Gsta5","GO:0071466","cellular response to xenobiotic stimulus",5.74982284009526e-98
"Ugt1a6a","GO:0071466","cellular response to xenobiotic stimulus",5.74982284009526e-98
"Aox2","GO:0071466","cellular response to xenobiotic stimulus",5.74982284009526e-98
"Fmo4","GO:0071466","cellular response to xenobiotic stimulus",5.74982284009526e-98
"Ugt2a2","GO:0071466","cellular response to xenobiotic stimulus",5.74982284009526e-98
"Gstm1","GO:0071466","cellular response to xenobiotic stimulus",5.74982284009526e-98
"Tpmt","GO:0071466","cellular response to xenobiotic stimulus",5.74982284009526e-98
"Cyp2c50","GO:0071466","cellular response to xenobiotic stimulus",5.74982284009526e-98
"Ugt2a3","GO:0071466","cellular response to xenobiotic stimulus",5.74982284009526e-98
"Fmo6","GO:0071466","cellular response to xenobiotic stimulus",5.74982284009526e-98
"Gstm4","GO:0071466","cellular response to xenobiotic stimulus",5.74982284009526e-98
"Sult2a7","GO:0071466","cellular response to xenobiotic stimulus",5.74982284009526e-98
"Cbr1","GO:0071466","cellular response to xenobiotic stimulus",5.74982284009526e-98
"Cyp3a41a","GO:0071466","cellular response to xenobiotic stimulus",5.74982284009526e-98
"Ugt2a1","GO:0071466","cellular response to xenobiotic stimulus",5.74982284009526e-98
"Fmo3","GO:0071466","cellular response to xenobiotic stimulus",5.74982284009526e-98
"Gstm5","GO:0071466","cellular response to xenobiotic stimulus",5.74982284009526e-98
"Cyp1a1","GO:0071466","cellular response to xenobiotic stimulus",5.74982284009526e-98
"Ugt2b34","GO:0071466","cellular response to xenobiotic stimulus",5.74982284009526e-98
"Cyp2c70","GO:0071466","cellular response to xenobiotic stimulus",5.74982284009526e-98
"Aldh2","GO:0071466","cellular response to xenobiotic stimulus",5.74982284009526e-98
"Aox4","GO:0071466","cellular response to xenobiotic stimulus",5.74982284009526e-98
"Ugt1a6b","GO:0071466","cellular response to xenobiotic stimulus",5.74982284009526e-98
"Gsta2","GO:0071466","cellular response to xenobiotic stimulus",5.74982284009526e-98
"Cyp2c38","GO:0071466","cellular response to xenobiotic stimulus",5.74982284009526e-98
"Cyp3a16","GO:0071466","cellular response to xenobiotic stimulus",5.74982284009526e-98
"Cyp2c37","GO:0071466","cellular response to xenobiotic stimulus",5.74982284009526e-98
"Ugt2b1","GO:0071466","cellular response to xenobiotic stimulus",5.74982284009526e-98
"Cyp2c54","GO:0071466","cellular response to xenobiotic stimulus",5.74982284009526e-98
"Gstp2","GO:0071466","cellular response to xenobiotic stimulus",5.74982284009526e-98
"Cyp3a41b","GO:0071466","cellular response to xenobiotic stimulus",5.74982284009526e-98
"Gstp3","GO:0071466","cellular response to xenobiotic stimulus",5.74982284009526e-98
"Cyp2c68","GO:0071466","cellular response to xenobiotic stimulus",5.74982284009526e-98
"Cyp2e1","GO:0071466","cellular response to xenobiotic stimulus",5.74982284009526e-98
"Cyp2c23","GO:0071466","cellular response to xenobiotic stimulus",5.74982284009526e-98
"Cyp1a2","GO:0071466","cellular response to xenobiotic stimulus",5.74982284009526e-98
"Aox1","GO:0071466","cellular response to xenobiotic stimulus",5.74982284009526e-98
"Cyp2c40","GO:0071466","cellular response to xenobiotic stimulus",5.74982284009526e-98
"Gstm7","GO:0071466","cellular response to xenobiotic stimulus",5.74982284009526e-98
"Gsta3","GO:0071466","cellular response to xenobiotic stimulus",5.74982284009526e-98
"Sult2a6","GO:0071466","cellular response to xenobiotic stimulus",5.74982284009526e-98
"Sult2a4","GO:0071466","cellular response to xenobiotic stimulus",5.74982284009526e-98
"Gstm2","GO:0071466","cellular response to xenobiotic stimulus",5.74982284009526e-98
"Fmo5","GO:0071466","cellular response to xenobiotic stimulus",5.74982284009526e-98
"Fmo2","GO:0071466","cellular response to xenobiotic stimulus",5.74982284009526e-98
"Fmo1","GO:0071466","cellular response to xenobiotic stimulus",5.74982284009526e-98
"Gsta4","GO:0071466","cellular response to xenobiotic stimulus",5.74982284009526e-98
"Ugt1a1","GO:0071466","cellular response to xenobiotic stimulus",5.74982284009526e-98
"Cyp2c66","GO:0071466","cellular response to xenobiotic stimulus",5.74982284009526e-98
"Gstp1","GO:0071466","cellular response to xenobiotic stimulus",5.74982284009526e-98
"Cyp2c65","GO:0071466","cellular response to xenobiotic stimulus",5.74982284009526e-98
"Gsta13","GO:0071466","cellular response to xenobiotic stimulus",5.74982284009526e-98
"Cyp2c69","GO:0071466","cellular response to xenobiotic stimulus",5.74982284009526e-98
"Cyp2f2","GO:0071466","cellular response to xenobiotic stimulus",5.74982284009526e-98
"Cyp2s1","GO:0071466","cellular response to xenobiotic stimulus",5.74982284009526e-98
"Gstt1","GO:0071466","cellular response to xenobiotic stimulus",5.74982284009526e-98
"Sult2a1","GO:0071466","cellular response to xenobiotic stimulus",5.74982284009526e-98
"Cyp2c29","GO:0071466","cellular response to xenobiotic stimulus",5.74982284009526e-98
"Gsto2","GO:0071466","cellular response to xenobiotic stimulus",5.74982284009526e-98
"Gsta1","GO:0071466","cellular response to xenobiotic stimulus",5.74982284009526e-98
"Cyp2c55","GO:0071466","cellular response to xenobiotic stimulus",5.74982284009526e-98
"Sult2a5","GO:0071466","cellular response to xenobiotic stimulus",5.74982284009526e-98
"Sult2a3","GO:0071466","cellular response to xenobiotic stimulus",5.74982284009526e-98
"Sult1a1","GO:0071466","cellular response to xenobiotic stimulus",5.74982284009526e-98
"Cyp3a11","GO:0071466","cellular response to xenobiotic stimulus",5.74982284009526e-98
"Cyp1b1","GO:0009410","response to xenobiotic stimulus",4.53476937547428e-82
"Cyp2c67","GO:0009410","response to xenobiotic stimulus",4.53476937547428e-82
"Cyp3a44","GO:0009410","response to xenobiotic stimulus",4.53476937547428e-82
"Gstm3","GO:0009410","response to xenobiotic stimulus",4.53476937547428e-82
"Sult2a8","GO:0009410","response to xenobiotic stimulus",4.53476937547428e-82
"Aox3","GO:0009410","response to xenobiotic stimulus",4.53476937547428e-82
"Gsto1","GO:0009410","response to xenobiotic stimulus",4.53476937547428e-82
"Cyp2c39","GO:0009410","response to xenobiotic stimulus",4.53476937547428e-82
"Gsta5","GO:0009410","response to xenobiotic stimulus",4.53476937547428e-82
"Ugt1a6a","GO:0009410","response to xenobiotic stimulus",4.53476937547428e-82
"Aox2","GO:0009410","response to xenobiotic stimulus",4.53476937547428e-82
"Fmo4","GO:0009410","response to xenobiotic stimulus",4.53476937547428e-82
"Ugt2a2","GO:0009410","response to xenobiotic stimulus",4.53476937547428e-82
"Gstm1","GO:0009410","response to xenobiotic stimulus",4.53476937547428e-82
"Tpmt","GO:0009410","response to xenobiotic stimulus",4.53476937547428e-82
"Cyp2c50","GO:0009410","response to xenobiotic stimulus",4.53476937547428e-82
"Ugt2a3","GO:0009410","response to xenobiotic stimulus",4.53476937547428e-82
"Fmo6","GO:0009410","response to xenobiotic stimulus",4.53476937547428e-82
"Gstm4","GO:0009410","response to xenobiotic stimulus",4.53476937547428e-82
"Fech","GO:0009410","response to xenobiotic stimulus",4.53476937547428e-82
"Sult2a7","GO:0009410","response to xenobiotic stimulus",4.53476937547428e-82
"Cbr1","GO:0009410","response to xenobiotic stimulus",4.53476937547428e-82
"Cyp3a41a","GO:0009410","response to xenobiotic stimulus",4.53476937547428e-82
"Ugt2a1","GO:0009410","response to xenobiotic stimulus",4.53476937547428e-82
"Fmo3","GO:0009410","response to xenobiotic stimulus",4.53476937547428e-82
"Gstm5","GO:0009410","response to xenobiotic stimulus",4.53476937547428e-82
"Cyp1a1","GO:0009410","response to xenobiotic stimulus",4.53476937547428e-82
"Ugt2b34","GO:0009410","response to xenobiotic stimulus",4.53476937547428e-82
"Cyp2c70","GO:0009410","response to xenobiotic stimulus",4.53476937547428e-82
"Aldh2","GO:0009410","response to xenobiotic stimulus",4.53476937547428e-82
"Aox4","GO:0009410","response to xenobiotic stimulus",4.53476937547428e-82
"Ugt1a6b","GO:0009410","response to xenobiotic stimulus",4.53476937547428e-82
"Gsta2","GO:0009410","response to xenobiotic stimulus",4.53476937547428e-82
"Cyp2c38","GO:0009410","response to xenobiotic stimulus",4.53476937547428e-82
"Cyp3a16","GO:0009410","response to xenobiotic stimulus",4.53476937547428e-82
"Cyp2c37","GO:0009410","response to xenobiotic stimulus",4.53476937547428e-82
"Ugt2b1","GO:0009410","response to xenobiotic stimulus",4.53476937547428e-82
"Cyp2c54","GO:0009410","response to xenobiotic stimulus",4.53476937547428e-82
"Gstp2","GO:0009410","response to xenobiotic stimulus",4.53476937547428e-82
"Cyp3a41b","GO:0009410","response to xenobiotic stimulus",4.53476937547428e-82
"Alas1","GO:0009410","response to xenobiotic stimulus",4.53476937547428e-82
"Gstp3","GO:0009410","response to xenobiotic stimulus",4.53476937547428e-82
"Cyp2c68","GO:0009410","response to xenobiotic stimulus",4.53476937547428e-82
"Cyp2e1","GO:0009410","response to xenobiotic stimulus",4.53476937547428e-82
"Aldh3a1","GO:0009410","response to xenobiotic stimulus",4.53476937547428e-82
"Cyp2c23","GO:0009410","response to xenobiotic stimulus",4.53476937547428e-82
"Cyp1a2","GO:0009410","response to xenobiotic stimulus",4.53476937547428e-82
"Aox1","GO:0009410","response to xenobiotic stimulus",4.53476937547428e-82
"Cyp2c40","GO:0009410","response to xenobiotic stimulus",4.53476937547428e-82
"Gstm7","GO:0009410","response to xenobiotic stimulus",4.53476937547428e-82
"Gsta3","GO:0009410","response to xenobiotic stimulus",4.53476937547428e-82
"Sult2a6","GO:0009410","response to xenobiotic stimulus",4.53476937547428e-82
"Mgst1","GO:0009410","response to xenobiotic stimulus",4.53476937547428e-82
"Dpyd","GO:0009410","response to xenobiotic stimulus",4.53476937547428e-82
"Sult2a4","GO:0009410","response to xenobiotic stimulus",4.53476937547428e-82
"Gstm2","GO:0009410","response to xenobiotic stimulus",4.53476937547428e-82
"Fmo5","GO:0009410","response to xenobiotic stimulus",4.53476937547428e-82
"Fmo2","GO:0009410","response to xenobiotic stimulus",4.53476937547428e-82
"Fmo1","GO:0009410","response to xenobiotic stimulus",4.53476937547428e-82
"Hmbs","GO:0009410","response to xenobiotic stimulus",4.53476937547428e-82
"Gsta4","GO:0009410","response to xenobiotic stimulus",4.53476937547428e-82
"Ugt1a1","GO:0009410","response to xenobiotic stimulus",4.53476937547428e-82
"Cyp2c66","GO:0009410","response to xenobiotic stimulus",4.53476937547428e-82
"Gstp1","GO:0009410","response to xenobiotic stimulus",4.53476937547428e-82
"Cyp2c65","GO:0009410","response to xenobiotic stimulus",4.53476937547428e-82
"Gsta13","GO:0009410","response to xenobiotic stimulus",4.53476937547428e-82
"Cyp2c69","GO:0009410","response to xenobiotic stimulus",4.53476937547428e-82
"Cyp2f2","GO:0009410","response to xenobiotic stimulus",4.53476937547428e-82
"Alad","GO:0009410","response to xenobiotic stimulus",4.53476937547428e-82
"Cyp2s1","GO:0009410","response to xenobiotic stimulus",4.53476937547428e-82
"Gstt1","GO:0009410","response to xenobiotic stimulus",4.53476937547428e-82
"Sult2a1","GO:0009410","response to xenobiotic stimulus",4.53476937547428e-82
"Cyp2c29","GO:0009410","response to xenobiotic stimulus",4.53476937547428e-82
"Gsto2","GO:0009410","response to xenobiotic stimulus",4.53476937547428e-82
"Gsta1","GO:0009410","response to xenobiotic stimulus",4.53476937547428e-82
"Ppox","GO:0009410","response to xenobiotic stimulus",4.53476937547428e-82
"Cyp2c55","GO:0009410","response to xenobiotic stimulus",4.53476937547428e-82
"Sult2a5","GO:0009410","response to xenobiotic stimulus",4.53476937547428e-82
"Sult2a3","GO:0009410","response to xenobiotic stimulus",4.53476937547428e-82
"Sult1a1","GO:0009410","response to xenobiotic stimulus",4.53476937547428e-82
"Cyp3a11","GO:0009410","response to xenobiotic stimulus",4.53476937547428e-82
"Cyp1b1","GO:0042178","xenobiotic catabolic process",5.10528038410537e-54
"Cyp2c67","GO:0042178","xenobiotic catabolic process",5.10528038410537e-54
"Cyp3a44","GO:0042178","xenobiotic catabolic process",5.10528038410537e-54
"Gsto1","GO:0042178","xenobiotic catabolic process",5.10528038410537e-54
"Cyp2c39","GO:0042178","xenobiotic catabolic process",5.10528038410537e-54
"Fmo4","GO:0042178","xenobiotic catabolic process",5.10528038410537e-54
"Gstm1","GO:0042178","xenobiotic catabolic process",5.10528038410537e-54
"Cyp2c50","GO:0042178","xenobiotic catabolic process",5.10528038410537e-54
"Gstm4","GO:0042178","xenobiotic catabolic process",5.10528038410537e-54
"Cyp3a41a","GO:0042178","xenobiotic catabolic process",5.10528038410537e-54
"Gstm5","GO:0042178","xenobiotic catabolic process",5.10528038410537e-54
"Cyp1a1","GO:0042178","xenobiotic catabolic process",5.10528038410537e-54
"Cyp2c70","GO:0042178","xenobiotic catabolic process",5.10528038410537e-54
"Cyp2c38","GO:0042178","xenobiotic catabolic process",5.10528038410537e-54
"Cyp3a16","GO:0042178","xenobiotic catabolic process",5.10528038410537e-54
"Cyp2c37","GO:0042178","xenobiotic catabolic process",5.10528038410537e-54
"Ugt2b1","GO:0042178","xenobiotic catabolic process",5.10528038410537e-54
"Cyp2c54","GO:0042178","xenobiotic catabolic process",5.10528038410537e-54
"Cyp3a41b","GO:0042178","xenobiotic catabolic process",5.10528038410537e-54
"Cyp2c68","GO:0042178","xenobiotic catabolic process",5.10528038410537e-54
"Cyp2c23","GO:0042178","xenobiotic catabolic process",5.10528038410537e-54
"Cyp1a2","GO:0042178","xenobiotic catabolic process",5.10528038410537e-54
"Cyp2c40","GO:0042178","xenobiotic catabolic process",5.10528038410537e-54
"Gstm7","GO:0042178","xenobiotic catabolic process",5.10528038410537e-54
"Gstm2","GO:0042178","xenobiotic catabolic process",5.10528038410537e-54
"Ugt1a1","GO:0042178","xenobiotic catabolic process",5.10528038410537e-54
"Cyp2c66","GO:0042178","xenobiotic catabolic process",5.10528038410537e-54
"Cyp2c65","GO:0042178","xenobiotic catabolic process",5.10528038410537e-54
"Cyp2c69","GO:0042178","xenobiotic catabolic process",5.10528038410537e-54
"Cyp2c29","GO:0042178","xenobiotic catabolic process",5.10528038410537e-54
"Cyp2c55","GO:0042178","xenobiotic catabolic process",5.10528038410537e-54
"Cyp3a11","GO:0042178","xenobiotic catabolic process",5.10528038410537e-54
"Akr1c21","GO:0006631","fatty acid metabolic process",4.11962894504762e-48
"Cyp1b1","GO:0006631","fatty acid metabolic process",4.11962894504762e-48
"Cyp2c67","GO:0006631","fatty acid metabolic process",4.11962894504762e-48
"Aldh3a2","GO:0006631","fatty acid metabolic process",4.11962894504762e-48
"Akr1b1","GO:0006631","fatty acid metabolic process",4.11962894504762e-48
"Cyp2c39","GO:0006631","fatty acid metabolic process",4.11962894504762e-48
"Nme2","GO:0006631","fatty acid metabolic process",4.11962894504762e-48
"Ces1e","GO:0006631","fatty acid metabolic process",4.11962894504762e-48
"Cp","GO:0006631","fatty acid metabolic process",4.11962894504762e-48
"Fmo4","GO:0006631","fatty acid metabolic process",4.11962894504762e-48
"Gstm1","GO:0006631","fatty acid metabolic process",4.11962894504762e-48
"Akr1b7","GO:0006631","fatty acid metabolic process",4.11962894504762e-48
"Cyp2c50","GO:0006631","fatty acid metabolic process",4.11962894504762e-48
"Gstm4","GO:0006631","fatty acid metabolic process",4.11962894504762e-48
"Ces2h","GO:0006631","fatty acid metabolic process",4.11962894504762e-48
"Ces2g","GO:0006631","fatty acid metabolic process",4.11962894504762e-48
"Cyp1a1","GO:0006631","fatty acid metabolic process",4.11962894504762e-48
"Cyp2c70","GO:0006631","fatty acid metabolic process",4.11962894504762e-48
"Cryl1","GO:0006631","fatty acid metabolic process",4.11962894504762e-48
"Adh5","GO:0006631","fatty acid metabolic process",4.11962894504762e-48
"Adh7","GO:0006631","fatty acid metabolic process",4.11962894504762e-48
"Cyp2c38","GO:0006631","fatty acid metabolic process",4.11962894504762e-48
"Ces1f","GO:0006631","fatty acid metabolic process",4.11962894504762e-48
"Cyp2c37","GO:0006631","fatty acid metabolic process",4.11962894504762e-48
"Adh4","GO:0006631","fatty acid metabolic process",4.11962894504762e-48
"Cyp2c54","GO:0006631","fatty acid metabolic process",4.11962894504762e-48
"Gstp2","GO:0006631","fatty acid metabolic process",4.11962894504762e-48
"Gstp3","GO:0006631","fatty acid metabolic process",4.11962894504762e-48
"Cyp2c68","GO:0006631","fatty acid metabolic process",4.11962894504762e-48
"Ephx1","GO:0006631","fatty acid metabolic process",4.11962894504762e-48
"Cyp2e1","GO:0006631","fatty acid metabolic process",4.11962894504762e-48
"Cyp2c23","GO:0006631","fatty acid metabolic process",4.11962894504762e-48
"Cyp1a2","GO:0006631","fatty acid metabolic process",4.11962894504762e-48
"Cyp2c40","GO:0006631","fatty acid metabolic process",4.11962894504762e-48
"Nme1","GO:0006631","fatty acid metabolic process",4.11962894504762e-48
"Gstm7","GO:0006631","fatty acid metabolic process",4.11962894504762e-48
"Hpgds","GO:0006631","fatty acid metabolic process",4.11962894504762e-48
"Ptgs2","GO:0006631","fatty acid metabolic process",4.11962894504762e-48
"Blvra","GO:0006631","fatty acid metabolic process",4.11962894504762e-48
"Gstm2","GO:0006631","fatty acid metabolic process",4.11962894504762e-48
"Fmo2","GO:0006631","fatty acid metabolic process",4.11962894504762e-48
"Ces2c","GO:0006631","fatty acid metabolic process",4.11962894504762e-48
"Fmo1","GO:0006631","fatty acid metabolic process",4.11962894504762e-48
"Ces2b","GO:0006631","fatty acid metabolic process",4.11962894504762e-48
"Cyp2c66","GO:0006631","fatty acid metabolic process",4.11962894504762e-48
"Gstp1","GO:0006631","fatty acid metabolic process",4.11962894504762e-48
"Cyp2c65","GO:0006631","fatty acid metabolic process",4.11962894504762e-48
"Mgst3","GO:0006631","fatty acid metabolic process",4.11962894504762e-48
"Cyp2c69","GO:0006631","fatty acid metabolic process",4.11962894504762e-48
"Cyp2f2","GO:0006631","fatty acid metabolic process",4.11962894504762e-48
"Cyp2s1","GO:0006631","fatty acid metabolic process",4.11962894504762e-48
"Rgn","GO:0006631","fatty acid metabolic process",4.11962894504762e-48
"Cyp2c29","GO:0006631","fatty acid metabolic process",4.11962894504762e-48
"Gsta1","GO:0006631","fatty acid metabolic process",4.11962894504762e-48
"Ces1d","GO:0006631","fatty acid metabolic process",4.11962894504762e-48
"Ces2e","GO:0006631","fatty acid metabolic process",4.11962894504762e-48
"Ces1a","GO:0006631","fatty acid metabolic process",4.11962894504762e-48
"Cyp2c55","GO:0006631","fatty acid metabolic process",4.11962894504762e-48
"Akr1c21","GO:0006690","icosanoid metabolic process",2.92890745114701e-42
"Cyp1b1","GO:0006690","icosanoid metabolic process",2.92890745114701e-42
"Cyp2c67","GO:0006690","icosanoid metabolic process",2.92890745114701e-42
"Akr1b1","GO:0006690","icosanoid metabolic process",2.92890745114701e-42
"Cyp2c39","GO:0006690","icosanoid metabolic process",2.92890745114701e-42
"Gstm1","GO:0006690","icosanoid metabolic process",2.92890745114701e-42
"Akr1b7","GO:0006690","icosanoid metabolic process",2.92890745114701e-42
"Cyp2c50","GO:0006690","icosanoid metabolic process",2.92890745114701e-42
"Ces2h","GO:0006690","icosanoid metabolic process",2.92890745114701e-42
"Ces2g","GO:0006690","icosanoid metabolic process",2.92890745114701e-42
"Cyp2c70","GO:0006690","icosanoid metabolic process",2.92890745114701e-42
"Cyp2c38","GO:0006690","icosanoid metabolic process",2.92890745114701e-42
"Cyp2c37","GO:0006690","icosanoid metabolic process",2.92890745114701e-42
"Cyp2c54","GO:0006690","icosanoid metabolic process",2.92890745114701e-42
"Gstp2","GO:0006690","icosanoid metabolic process",2.92890745114701e-42
"Gstp3","GO:0006690","icosanoid metabolic process",2.92890745114701e-42
"Cyp2c68","GO:0006690","icosanoid metabolic process",2.92890745114701e-42
"Ephx1","GO:0006690","icosanoid metabolic process",2.92890745114701e-42
"Cyp2e1","GO:0006690","icosanoid metabolic process",2.92890745114701e-42
"Cyp2c23","GO:0006690","icosanoid metabolic process",2.92890745114701e-42
"Cyp1a2","GO:0006690","icosanoid metabolic process",2.92890745114701e-42
"Cyp2c40","GO:0006690","icosanoid metabolic process",2.92890745114701e-42
"Hpgds","GO:0006690","icosanoid metabolic process",2.92890745114701e-42
"Ptgs2","GO:0006690","icosanoid metabolic process",2.92890745114701e-42
"Ces2c","GO:0006690","icosanoid metabolic process",2.92890745114701e-42
"Ces2b","GO:0006690","icosanoid metabolic process",2.92890745114701e-42
"Cyp2c66","GO:0006690","icosanoid metabolic process",2.92890745114701e-42
"Gstp1","GO:0006690","icosanoid metabolic process",2.92890745114701e-42
"Mgst2","GO:0006690","icosanoid metabolic process",2.92890745114701e-42
"Cyp2c65","GO:0006690","icosanoid metabolic process",2.92890745114701e-42
"Mgst3","GO:0006690","icosanoid metabolic process",2.92890745114701e-42
"Cyp2c69","GO:0006690","icosanoid metabolic process",2.92890745114701e-42
"Cyp2f2","GO:0006690","icosanoid metabolic process",2.92890745114701e-42
"Cyp2s1","GO:0006690","icosanoid metabolic process",2.92890745114701e-42
"Cyp2c29","GO:0006690","icosanoid metabolic process",2.92890745114701e-42
"Gsta1","GO:0006690","icosanoid metabolic process",2.92890745114701e-42
"Ces2e","GO:0006690","icosanoid metabolic process",2.92890745114701e-42
"Cyp2c55","GO:0006690","icosanoid metabolic process",2.92890745114701e-42
"Akr1c21","GO:0120254","olefinic compound metabolic process",1.5326100782644e-41
"Cyp1b1","GO:0120254","olefinic compound metabolic process",1.5326100782644e-41
"Cyp2c67","GO:0120254","olefinic compound metabolic process",1.5326100782644e-41
"Akr1b1","GO:0120254","olefinic compound metabolic process",1.5326100782644e-41
"Cyp2c39","GO:0120254","olefinic compound metabolic process",1.5326100782644e-41
"Ces1e","GO:0120254","olefinic compound metabolic process",1.5326100782644e-41
"Cyp2c50","GO:0120254","olefinic compound metabolic process",1.5326100782644e-41
"Cyp1a1","GO:0120254","olefinic compound metabolic process",1.5326100782644e-41
"Cyp2c70","GO:0120254","olefinic compound metabolic process",1.5326100782644e-41
"Akr1b10","GO:0120254","olefinic compound metabolic process",1.5326100782644e-41
"Adh7","GO:0120254","olefinic compound metabolic process",1.5326100782644e-41
"Cyp2c38","GO:0120254","olefinic compound metabolic process",1.5326100782644e-41
"Ces1f","GO:0120254","olefinic compound metabolic process",1.5326100782644e-41
"Cyp2c37","GO:0120254","olefinic compound metabolic process",1.5326100782644e-41
"Adh4","GO:0120254","olefinic compound metabolic process",1.5326100782644e-41
"Cyp2c54","GO:0120254","olefinic compound metabolic process",1.5326100782644e-41
"Gstp2","GO:0120254","olefinic compound metabolic process",1.5326100782644e-41
"Gstp3","GO:0120254","olefinic compound metabolic process",1.5326100782644e-41
"Cyp2c68","GO:0120254","olefinic compound metabolic process",1.5326100782644e-41
"Ephx1","GO:0120254","olefinic compound metabolic process",1.5326100782644e-41
"Cyp2e1","GO:0120254","olefinic compound metabolic process",1.5326100782644e-41
"Cyp2c23","GO:0120254","olefinic compound metabolic process",1.5326100782644e-41
"Cyp1a2","GO:0120254","olefinic compound metabolic process",1.5326100782644e-41
"Cyp2c40","GO:0120254","olefinic compound metabolic process",1.5326100782644e-41
"Gstm7","GO:0120254","olefinic compound metabolic process",1.5326100782644e-41
"Hpgds","GO:0120254","olefinic compound metabolic process",1.5326100782644e-41
"Ptgs2","GO:0120254","olefinic compound metabolic process",1.5326100782644e-41
"Ces2c","GO:0120254","olefinic compound metabolic process",1.5326100782644e-41
"Akr1b8","GO:0120254","olefinic compound metabolic process",1.5326100782644e-41
"Cyp2c66","GO:0120254","olefinic compound metabolic process",1.5326100782644e-41
"Gstp1","GO:0120254","olefinic compound metabolic process",1.5326100782644e-41
"Cyp2c65","GO:0120254","olefinic compound metabolic process",1.5326100782644e-41
"Mgst3","GO:0120254","olefinic compound metabolic process",1.5326100782644e-41
"Cyp2c69","GO:0120254","olefinic compound metabolic process",1.5326100782644e-41
"Cyp2f2","GO:0120254","olefinic compound metabolic process",1.5326100782644e-41
"Cyp2s1","GO:0120254","olefinic compound metabolic process",1.5326100782644e-41
"Cyp2c29","GO:0120254","olefinic compound metabolic process",1.5326100782644e-41
"Adh1","GO:0120254","olefinic compound metabolic process",1.5326100782644e-41
"Ces1d","GO:0120254","olefinic compound metabolic process",1.5326100782644e-41
"Ces2e","GO:0120254","olefinic compound metabolic process",1.5326100782644e-41
"Cyp2c55","GO:0120254","olefinic compound metabolic process",1.5326100782644e-41
"Akr1c21","GO:0033559","unsaturated fatty acid metabolic process",1.65974906876515e-41
"Cyp1b1","GO:0033559","unsaturated fatty acid metabolic process",1.65974906876515e-41
"Cyp2c67","GO:0033559","unsaturated fatty acid metabolic process",1.65974906876515e-41
"Akr1b1","GO:0033559","unsaturated fatty acid metabolic process",1.65974906876515e-41
"Cyp2c39","GO:0033559","unsaturated fatty acid metabolic process",1.65974906876515e-41
"Gstm1","GO:0033559","unsaturated fatty acid metabolic process",1.65974906876515e-41
"Akr1b7","GO:0033559","unsaturated fatty acid metabolic process",1.65974906876515e-41
"Cyp2c50","GO:0033559","unsaturated fatty acid metabolic process",1.65974906876515e-41
"Ces2h","GO:0033559","unsaturated fatty acid metabolic process",1.65974906876515e-41
"Ces2g","GO:0033559","unsaturated fatty acid metabolic process",1.65974906876515e-41
"Cyp2c70","GO:0033559","unsaturated fatty acid metabolic process",1.65974906876515e-41
"Cyp2c38","GO:0033559","unsaturated fatty acid metabolic process",1.65974906876515e-41
"Cyp2c37","GO:0033559","unsaturated fatty acid metabolic process",1.65974906876515e-41
"Cyp2c54","GO:0033559","unsaturated fatty acid metabolic process",1.65974906876515e-41
"Gstp2","GO:0033559","unsaturated fatty acid metabolic process",1.65974906876515e-41
"Gstp3","GO:0033559","unsaturated fatty acid metabolic process",1.65974906876515e-41
"Cyp2c68","GO:0033559","unsaturated fatty acid metabolic process",1.65974906876515e-41
"Ephx1","GO:0033559","unsaturated fatty acid metabolic process",1.65974906876515e-41
"Cyp2e1","GO:0033559","unsaturated fatty acid metabolic process",1.65974906876515e-41
"Cyp2c23","GO:0033559","unsaturated fatty acid metabolic process",1.65974906876515e-41
"Cyp1a2","GO:0033559","unsaturated fatty acid metabolic process",1.65974906876515e-41
"Cyp2c40","GO:0033559","unsaturated fatty acid metabolic process",1.65974906876515e-41
"Gstm7","GO:0033559","unsaturated fatty acid metabolic process",1.65974906876515e-41
"Hpgds","GO:0033559","unsaturated fatty acid metabolic process",1.65974906876515e-41
"Ptgs2","GO:0033559","unsaturated fatty acid metabolic process",1.65974906876515e-41
"Ces2c","GO:0033559","unsaturated fatty acid metabolic process",1.65974906876515e-41
"Ces2b","GO:0033559","unsaturated fatty acid metabolic process",1.65974906876515e-41
"Cyp2c66","GO:0033559","unsaturated fatty acid metabolic process",1.65974906876515e-41
"Gstp1","GO:0033559","unsaturated fatty acid metabolic process",1.65974906876515e-41
"Cyp2c65","GO:0033559","unsaturated fatty acid metabolic process",1.65974906876515e-41
"Mgst3","GO:0033559","unsaturated fatty acid metabolic process",1.65974906876515e-41
"Cyp2c69","GO:0033559","unsaturated fatty acid metabolic process",1.65974906876515e-41
"Cyp2f2","GO:0033559","unsaturated fatty acid metabolic process",1.65974906876515e-41
"Cyp2s1","GO:0033559","unsaturated fatty acid metabolic process",1.65974906876515e-41
"Cyp2c29","GO:0033559","unsaturated fatty acid metabolic process",1.65974906876515e-41
"Gsta1","GO:0033559","unsaturated fatty acid metabolic process",1.65974906876515e-41
"Ces2e","GO:0033559","unsaturated fatty acid metabolic process",1.65974906876515e-41
"Cyp2c55","GO:0033559","unsaturated fatty acid metabolic process",1.65974906876515e-41
"Cyp1b1","GO:0006720","isoprenoid metabolic process",7.17374776068567e-40
"Cyp2c67","GO:0006720","isoprenoid metabolic process",7.17374776068567e-40
"Cyp3a44","GO:0006720","isoprenoid metabolic process",7.17374776068567e-40
"Aldh3a2","GO:0006720","isoprenoid metabolic process",7.17374776068567e-40
"Akr1b1","GO:0006720","isoprenoid metabolic process",7.17374776068567e-40
"Ces1e","GO:0006720","isoprenoid metabolic process",7.17374776068567e-40
"Cyp3a41a","GO:0006720","isoprenoid metabolic process",7.17374776068567e-40
"Crppa","GO:0006720","isoprenoid metabolic process",7.17374776068567e-40
"Cyp1a1","GO:0006720","isoprenoid metabolic process",7.17374776068567e-40
"Akr1b10","GO:0006720","isoprenoid metabolic process",7.17374776068567e-40
"Adh5","GO:0006720","isoprenoid metabolic process",7.17374776068567e-40
"Adh7","GO:0006720","isoprenoid metabolic process",7.17374776068567e-40
"Ces1f","GO:0006720","isoprenoid metabolic process",7.17374776068567e-40
"Cyp3a16","GO:0006720","isoprenoid metabolic process",7.17374776068567e-40
"Adh4","GO:0006720","isoprenoid metabolic process",7.17374776068567e-40
"Cyp2c54","GO:0006720","isoprenoid metabolic process",7.17374776068567e-40
"Cyp3a41b","GO:0006720","isoprenoid metabolic process",7.17374776068567e-40
"Cyp2c68","GO:0006720","isoprenoid metabolic process",7.17374776068567e-40
"Cyp2e1","GO:0006720","isoprenoid metabolic process",7.17374776068567e-40
"Cyp1a2","GO:0006720","isoprenoid metabolic process",7.17374776068567e-40
"Cyp2c40","GO:0006720","isoprenoid metabolic process",7.17374776068567e-40
"Nme1","GO:0006720","isoprenoid metabolic process",7.17374776068567e-40
"Gusb","GO:0006720","isoprenoid metabolic process",7.17374776068567e-40
"Ces2c","GO:0006720","isoprenoid metabolic process",7.17374776068567e-40
"Akr1b8","GO:0006720","isoprenoid metabolic process",7.17374776068567e-40
"Cyp2c66","GO:0006720","isoprenoid metabolic process",7.17374776068567e-40
"Cyp2c65","GO:0006720","isoprenoid metabolic process",7.17374776068567e-40
"Cyp2c69","GO:0006720","isoprenoid metabolic process",7.17374776068567e-40
"Cyp2s1","GO:0006720","isoprenoid metabolic process",7.17374776068567e-40
"Adh1","GO:0006720","isoprenoid metabolic process",7.17374776068567e-40
"Ces1d","GO:0006720","isoprenoid metabolic process",7.17374776068567e-40
"Ces2e","GO:0006720","isoprenoid metabolic process",7.17374776068567e-40
"Cyp2c55","GO:0006720","isoprenoid metabolic process",7.17374776068567e-40
"Cyp3a11","GO:0006720","isoprenoid metabolic process",7.17374776068567e-40
"Akr1c21","GO:0042445","hormone metabolic process",1.06636895863546e-39
"Cyp1b1","GO:0042445","hormone metabolic process",1.06636895863546e-39
"Cyp2c67","GO:0042445","hormone metabolic process",1.06636895863546e-39
"Cyp3a44","GO:0042445","hormone metabolic process",1.06636895863546e-39
"Sult2a8","GO:0042445","hormone metabolic process",1.06636895863546e-39
"Akr1b1","GO:0042445","hormone metabolic process",1.06636895863546e-39
"Ugt2b5","GO:0042445","hormone metabolic process",1.06636895863546e-39
"Ces1e","GO:0042445","hormone metabolic process",1.06636895863546e-39
"Sult2a7","GO:0042445","hormone metabolic process",1.06636895863546e-39
"Cyp3a41a","GO:0042445","hormone metabolic process",1.06636895863546e-39
"Cyp1a1","GO:0042445","hormone metabolic process",1.06636895863546e-39
"Ugt2b34","GO:0042445","hormone metabolic process",1.06636895863546e-39
"Akr1b10","GO:0042445","hormone metabolic process",1.06636895863546e-39
"Adh7","GO:0042445","hormone metabolic process",1.06636895863546e-39
"Ces1f","GO:0042445","hormone metabolic process",1.06636895863546e-39
"Cyp3a16","GO:0042445","hormone metabolic process",1.06636895863546e-39
"Ugt2b1","GO:0042445","hormone metabolic process",1.06636895863546e-39
"Adh4","GO:0042445","hormone metabolic process",1.06636895863546e-39
"Cyp2c54","GO:0042445","hormone metabolic process",1.06636895863546e-39
"Cyp3a41b","GO:0042445","hormone metabolic process",1.06636895863546e-39
"Cyp2c68","GO:0042445","hormone metabolic process",1.06636895863546e-39
"Cyp1a2","GO:0042445","hormone metabolic process",1.06636895863546e-39
"Ugt1a7c","GO:0042445","hormone metabolic process",1.06636895863546e-39
"Cyp2c40","GO:0042445","hormone metabolic process",1.06636895863546e-39
"Sult2a6","GO:0042445","hormone metabolic process",1.06636895863546e-39
"Sult2a4","GO:0042445","hormone metabolic process",1.06636895863546e-39
"Ces2c","GO:0042445","hormone metabolic process",1.06636895863546e-39
"Akr1b8","GO:0042445","hormone metabolic process",1.06636895863546e-39
"Ugt1a1","GO:0042445","hormone metabolic process",1.06636895863546e-39
"Cyp2c66","GO:0042445","hormone metabolic process",1.06636895863546e-39
"Cyp2c65","GO:0042445","hormone metabolic process",1.06636895863546e-39
"Cyp2c69","GO:0042445","hormone metabolic process",1.06636895863546e-39
"Cyp2s1","GO:0042445","hormone metabolic process",1.06636895863546e-39
"Sult2a1","GO:0042445","hormone metabolic process",1.06636895863546e-39
"Adh1","GO:0042445","hormone metabolic process",1.06636895863546e-39
"Ces1d","GO:0042445","hormone metabolic process",1.06636895863546e-39
"Ces2e","GO:0042445","hormone metabolic process",1.06636895863546e-39
"Cyp2c55","GO:0042445","hormone metabolic process",1.06636895863546e-39
"Sult2a5","GO:0042445","hormone metabolic process",1.06636895863546e-39
"Sult2a3","GO:0042445","hormone metabolic process",1.06636895863546e-39
"Sult1a1","GO:0042445","hormone metabolic process",1.06636895863546e-39
"Cyp3a11","GO:0042445","hormone metabolic process",1.06636895863546e-39
"Hsd11b1","GO:0042445","hormone metabolic process",1.06636895863546e-39
"Cyp1b1","GO:0016101","diterpenoid metabolic process",5.64294121041729e-39
"Cyp2c67","GO:0016101","diterpenoid metabolic process",5.64294121041729e-39
"Cyp3a44","GO:0016101","diterpenoid metabolic process",5.64294121041729e-39
"Aldh3a2","GO:0016101","diterpenoid metabolic process",5.64294121041729e-39
"Akr1b1","GO:0016101","diterpenoid metabolic process",5.64294121041729e-39
"Ces1e","GO:0016101","diterpenoid metabolic process",5.64294121041729e-39
"Cyp3a41a","GO:0016101","diterpenoid metabolic process",5.64294121041729e-39
"Cyp1a1","GO:0016101","diterpenoid metabolic process",5.64294121041729e-39
"Akr1b10","GO:0016101","diterpenoid metabolic process",5.64294121041729e-39
"Adh5","GO:0016101","diterpenoid metabolic process",5.64294121041729e-39
"Adh7","GO:0016101","diterpenoid metabolic process",5.64294121041729e-39
"Ces1f","GO:0016101","diterpenoid metabolic process",5.64294121041729e-39
"Cyp3a16","GO:0016101","diterpenoid metabolic process",5.64294121041729e-39
"Adh4","GO:0016101","diterpenoid metabolic process",5.64294121041729e-39
"Cyp2c54","GO:0016101","diterpenoid metabolic process",5.64294121041729e-39
"Cyp3a41b","GO:0016101","diterpenoid metabolic process",5.64294121041729e-39
"Cyp2c68","GO:0016101","diterpenoid metabolic process",5.64294121041729e-39
"Cyp1a2","GO:0016101","diterpenoid metabolic process",5.64294121041729e-39
"Cyp2c40","GO:0016101","diterpenoid metabolic process",5.64294121041729e-39
"Gusb","GO:0016101","diterpenoid metabolic process",5.64294121041729e-39
"Ces2c","GO:0016101","diterpenoid metabolic process",5.64294121041729e-39
"Akr1b8","GO:0016101","diterpenoid metabolic process",5.64294121041729e-39
"Cyp2c66","GO:0016101","diterpenoid metabolic process",5.64294121041729e-39
"Cyp2c65","GO:0016101","diterpenoid metabolic process",5.64294121041729e-39
"Cyp2c69","GO:0016101","diterpenoid metabolic process",5.64294121041729e-39
"Cyp2s1","GO:0016101","diterpenoid metabolic process",5.64294121041729e-39
"Adh1","GO:0016101","diterpenoid metabolic process",5.64294121041729e-39
"Ces1d","GO:0016101","diterpenoid metabolic process",5.64294121041729e-39
"Ces2e","GO:0016101","diterpenoid metabolic process",5.64294121041729e-39
"Cyp2c55","GO:0016101","diterpenoid metabolic process",5.64294121041729e-39
"Cyp3a11","GO:0016101","diterpenoid metabolic process",5.64294121041729e-39
"Cyp1b1","GO:0006721","terpenoid metabolic process",8.00238250853539e-39
"Cyp2c67","GO:0006721","terpenoid metabolic process",8.00238250853539e-39
"Cyp3a44","GO:0006721","terpenoid metabolic process",8.00238250853539e-39
"Aldh3a2","GO:0006721","terpenoid metabolic process",8.00238250853539e-39
"Akr1b1","GO:0006721","terpenoid metabolic process",8.00238250853539e-39
"Ces1e","GO:0006721","terpenoid metabolic process",8.00238250853539e-39
"Cyp3a41a","GO:0006721","terpenoid metabolic process",8.00238250853539e-39
"Cyp1a1","GO:0006721","terpenoid metabolic process",8.00238250853539e-39
"Akr1b10","GO:0006721","terpenoid metabolic process",8.00238250853539e-39
"Adh5","GO:0006721","terpenoid metabolic process",8.00238250853539e-39
"Adh7","GO:0006721","terpenoid metabolic process",8.00238250853539e-39
"Ces1f","GO:0006721","terpenoid metabolic process",8.00238250853539e-39
"Cyp3a16","GO:0006721","terpenoid metabolic process",8.00238250853539e-39
"Adh4","GO:0006721","terpenoid metabolic process",8.00238250853539e-39
"Cyp2c54","GO:0006721","terpenoid metabolic process",8.00238250853539e-39
"Cyp3a41b","GO:0006721","terpenoid metabolic process",8.00238250853539e-39
"Cyp2c68","GO:0006721","terpenoid metabolic process",8.00238250853539e-39
"Cyp2e1","GO:0006721","terpenoid metabolic process",8.00238250853539e-39
"Cyp1a2","GO:0006721","terpenoid metabolic process",8.00238250853539e-39
"Cyp2c40","GO:0006721","terpenoid metabolic process",8.00238250853539e-39
"Gusb","GO:0006721","terpenoid metabolic process",8.00238250853539e-39
"Ces2c","GO:0006721","terpenoid metabolic process",8.00238250853539e-39
"Akr1b8","GO:0006721","terpenoid metabolic process",8.00238250853539e-39
"Cyp2c66","GO:0006721","terpenoid metabolic process",8.00238250853539e-39
"Cyp2c65","GO:0006721","terpenoid metabolic process",8.00238250853539e-39
"Cyp2c69","GO:0006721","terpenoid metabolic process",8.00238250853539e-39
"Cyp2s1","GO:0006721","terpenoid metabolic process",8.00238250853539e-39
"Adh1","GO:0006721","terpenoid metabolic process",8.00238250853539e-39
"Ces1d","GO:0006721","terpenoid metabolic process",8.00238250853539e-39
"Ces2e","GO:0006721","terpenoid metabolic process",8.00238250853539e-39
"Cyp2c55","GO:0006721","terpenoid metabolic process",8.00238250853539e-39
"Cyp3a11","GO:0006721","terpenoid metabolic process",8.00238250853539e-39
"Cyp1b1","GO:0001523","retinoid metabolic process",7.34756855719105e-38
"Cyp2c67","GO:0001523","retinoid metabolic process",7.34756855719105e-38
"Cyp3a44","GO:0001523","retinoid metabolic process",7.34756855719105e-38
"Akr1b1","GO:0001523","retinoid metabolic process",7.34756855719105e-38
"Ces1e","GO:0001523","retinoid metabolic process",7.34756855719105e-38
"Cyp3a41a","GO:0001523","retinoid metabolic process",7.34756855719105e-38
"Cyp1a1","GO:0001523","retinoid metabolic process",7.34756855719105e-38
"Akr1b10","GO:0001523","retinoid metabolic process",7.34756855719105e-38
"Adh5","GO:0001523","retinoid metabolic process",7.34756855719105e-38
"Adh7","GO:0001523","retinoid metabolic process",7.34756855719105e-38
"Ces1f","GO:0001523","retinoid metabolic process",7.34756855719105e-38
"Cyp3a16","GO:0001523","retinoid metabolic process",7.34756855719105e-38
"Adh4","GO:0001523","retinoid metabolic process",7.34756855719105e-38
"Cyp2c54","GO:0001523","retinoid metabolic process",7.34756855719105e-38
"Cyp3a41b","GO:0001523","retinoid metabolic process",7.34756855719105e-38
"Cyp2c68","GO:0001523","retinoid metabolic process",7.34756855719105e-38
"Cyp1a2","GO:0001523","retinoid metabolic process",7.34756855719105e-38
"Cyp2c40","GO:0001523","retinoid metabolic process",7.34756855719105e-38
"Gusb","GO:0001523","retinoid metabolic process",7.34756855719105e-38
"Ces2c","GO:0001523","retinoid metabolic process",7.34756855719105e-38
"Akr1b8","GO:0001523","retinoid metabolic process",7.34756855719105e-38
"Cyp2c66","GO:0001523","retinoid metabolic process",7.34756855719105e-38
"Cyp2c65","GO:0001523","retinoid metabolic process",7.34756855719105e-38
"Cyp2c69","GO:0001523","retinoid metabolic process",7.34756855719105e-38
"Cyp2s1","GO:0001523","retinoid metabolic process",7.34756855719105e-38
"Adh1","GO:0001523","retinoid metabolic process",7.34756855719105e-38
"Ces1d","GO:0001523","retinoid metabolic process",7.34756855719105e-38
"Ces2e","GO:0001523","retinoid metabolic process",7.34756855719105e-38
"Cyp2c55","GO:0001523","retinoid metabolic process",7.34756855719105e-38
"Cyp3a11","GO:0001523","retinoid metabolic process",7.34756855719105e-38
"Akr1c21","GO:0008202","steroid metabolic process",1.1644682309313e-36
"Cyp1b1","GO:0008202","steroid metabolic process",1.1644682309313e-36
"Cyp2c67","GO:0008202","steroid metabolic process",1.1644682309313e-36
"Cyp3a44","GO:0008202","steroid metabolic process",1.1644682309313e-36
"Sult2a8","GO:0008202","steroid metabolic process",1.1644682309313e-36
"Cyp3a59","GO:0008202","steroid metabolic process",1.1644682309313e-36
"Ugt2b5","GO:0008202","steroid metabolic process",1.1644682309313e-36
"Ces1e","GO:0008202","steroid metabolic process",1.1644682309313e-36
"Cyp3a57","GO:0008202","steroid metabolic process",1.1644682309313e-36
"Ugt2a2","GO:0008202","steroid metabolic process",1.1644682309313e-36
"Fech","GO:0008202","steroid metabolic process",1.1644682309313e-36
"Sult2a7","GO:0008202","steroid metabolic process",1.1644682309313e-36
"Cyp3a13","GO:0008202","steroid metabolic process",1.1644682309313e-36
"Hsd17b14","GO:0008202","steroid metabolic process",1.1644682309313e-36
"Cbr1","GO:0008202","steroid metabolic process",1.1644682309313e-36
"Cyp3a41a","GO:0008202","steroid metabolic process",1.1644682309313e-36
"Ugt2a1","GO:0008202","steroid metabolic process",1.1644682309313e-36
"Cyp1a1","GO:0008202","steroid metabolic process",1.1644682309313e-36
"Ugt2b34","GO:0008202","steroid metabolic process",1.1644682309313e-36
"Ces1g","GO:0008202","steroid metabolic process",1.1644682309313e-36
"Ces1f","GO:0008202","steroid metabolic process",1.1644682309313e-36
"Cyp3a16","GO:0008202","steroid metabolic process",1.1644682309313e-36
"Ugt2b1","GO:0008202","steroid metabolic process",1.1644682309313e-36
"Cyp2c54","GO:0008202","steroid metabolic process",1.1644682309313e-36
"Cyp3a41b","GO:0008202","steroid metabolic process",1.1644682309313e-36
"Cyp3a25","GO:0008202","steroid metabolic process",1.1644682309313e-36
"Cyp2c68","GO:0008202","steroid metabolic process",1.1644682309313e-36
"Cyp2e1","GO:0008202","steroid metabolic process",1.1644682309313e-36
"Cyp1a2","GO:0008202","steroid metabolic process",1.1644682309313e-36
"Ugt1a7c","GO:0008202","steroid metabolic process",1.1644682309313e-36
"Cyp2c40","GO:0008202","steroid metabolic process",1.1644682309313e-36
"Sult2a6","GO:0008202","steroid metabolic process",1.1644682309313e-36
"Sult2a4","GO:0008202","steroid metabolic process",1.1644682309313e-36
"Fmo5","GO:0008202","steroid metabolic process",1.1644682309313e-36
"Ugt1a1","GO:0008202","steroid metabolic process",1.1644682309313e-36
"Cyp2c66","GO:0008202","steroid metabolic process",1.1644682309313e-36
"Cyp2c65","GO:0008202","steroid metabolic process",1.1644682309313e-36
"Cyp2c69","GO:0008202","steroid metabolic process",1.1644682309313e-36
"Sult2a1","GO:0008202","steroid metabolic process",1.1644682309313e-36
"Ces1a","GO:0008202","steroid metabolic process",1.1644682309313e-36
"Sult2a5","GO:0008202","steroid metabolic process",1.1644682309313e-36
"Sult2a3","GO:0008202","steroid metabolic process",1.1644682309313e-36
"Sult1a1","GO:0008202","steroid metabolic process",1.1644682309313e-36
"Cyp3a11","GO:0008202","steroid metabolic process",1.1644682309313e-36
"Hsd11b1","GO:0008202","steroid metabolic process",1.1644682309313e-36
"Gstm3","GO:0006575","modified amino acid metabolic process",8.74004959560262e-36
"Aldh9a1","GO:0006575","modified amino acid metabolic process",8.74004959560262e-36
"Sult2a8","GO:0006575","modified amino acid metabolic process",8.74004959560262e-36
"Gsto1","GO:0006575","modified amino acid metabolic process",8.74004959560262e-36
"Gstk1","GO:0006575","modified amino acid metabolic process",8.74004959560262e-36
"Gsta5","GO:0006575","modified amino acid metabolic process",8.74004959560262e-36
"Gstm1","GO:0006575","modified amino acid metabolic process",8.74004959560262e-36
"Gstm4","GO:0006575","modified amino acid metabolic process",8.74004959560262e-36
"Sult2a7","GO:0006575","modified amino acid metabolic process",8.74004959560262e-36
"Gstm5","GO:0006575","modified amino acid metabolic process",8.74004959560262e-36
"Gsta2","GO:0006575","modified amino acid metabolic process",8.74004959560262e-36
"Gstp2","GO:0006575","modified amino acid metabolic process",8.74004959560262e-36
"Gstp3","GO:0006575","modified amino acid metabolic process",8.74004959560262e-36
"Gstm6","GO:0006575","modified amino acid metabolic process",8.74004959560262e-36
"Gstm7","GO:0006575","modified amino acid metabolic process",8.74004959560262e-36
"Gsta3","GO:0006575","modified amino acid metabolic process",8.74004959560262e-36
"Hpgds","GO:0006575","modified amino acid metabolic process",8.74004959560262e-36
"Sult2a6","GO:0006575","modified amino acid metabolic process",8.74004959560262e-36
"Mgst1","GO:0006575","modified amino acid metabolic process",8.74004959560262e-36
"Sult2a4","GO:0006575","modified amino acid metabolic process",8.74004959560262e-36
"Gstm2","GO:0006575","modified amino acid metabolic process",8.74004959560262e-36
"Gstt3","GO:0006575","modified amino acid metabolic process",8.74004959560262e-36
"Gsta4","GO:0006575","modified amino acid metabolic process",8.74004959560262e-36
"Aldh7a1","GO:0006575","modified amino acid metabolic process",8.74004959560262e-36
"Gstt2","GO:0006575","modified amino acid metabolic process",8.74004959560262e-36
"Gstp1","GO:0006575","modified amino acid metabolic process",8.74004959560262e-36
"Mgst2","GO:0006575","modified amino acid metabolic process",8.74004959560262e-36
"Gsta13","GO:0006575","modified amino acid metabolic process",8.74004959560262e-36
"Gstt1","GO:0006575","modified amino acid metabolic process",8.74004959560262e-36
"Sult2a1","GO:0006575","modified amino acid metabolic process",8.74004959560262e-36
"Gstt4","GO:0006575","modified amino acid metabolic process",8.74004959560262e-36
"Gsto2","GO:0006575","modified amino acid metabolic process",8.74004959560262e-36
"Gsta1","GO:0006575","modified amino acid metabolic process",8.74004959560262e-36
"Sult2a5","GO:0006575","modified amino acid metabolic process",8.74004959560262e-36
"Sult2a3","GO:0006575","modified amino acid metabolic process",8.74004959560262e-36
"Sult1a1","GO:0006575","modified amino acid metabolic process",8.74004959560262e-36
"Gstm3","GO:0006749","glutathione metabolic process",2.40986573134655e-34
"Gsto1","GO:0006749","glutathione metabolic process",2.40986573134655e-34
"Gstk1","GO:0006749","glutathione metabolic process",2.40986573134655e-34
"Gsta5","GO:0006749","glutathione metabolic process",2.40986573134655e-34
"Gstm1","GO:0006749","glutathione metabolic process",2.40986573134655e-34
"Gstm4","GO:0006749","glutathione metabolic process",2.40986573134655e-34
"Gstm5","GO:0006749","glutathione metabolic process",2.40986573134655e-34
"Gsta2","GO:0006749","glutathione metabolic process",2.40986573134655e-34
"Gstp2","GO:0006749","glutathione metabolic process",2.40986573134655e-34
"Gstp3","GO:0006749","glutathione metabolic process",2.40986573134655e-34
"Gstm6","GO:0006749","glutathione metabolic process",2.40986573134655e-34
"Gstm7","GO:0006749","glutathione metabolic process",2.40986573134655e-34
"Gsta3","GO:0006749","glutathione metabolic process",2.40986573134655e-34
"Hpgds","GO:0006749","glutathione metabolic process",2.40986573134655e-34
"Mgst1","GO:0006749","glutathione metabolic process",2.40986573134655e-34
"Gstm2","GO:0006749","glutathione metabolic process",2.40986573134655e-34
"Gstt3","GO:0006749","glutathione metabolic process",2.40986573134655e-34
"Gsta4","GO:0006749","glutathione metabolic process",2.40986573134655e-34
"Gstt2","GO:0006749","glutathione metabolic process",2.40986573134655e-34
"Gstp1","GO:0006749","glutathione metabolic process",2.40986573134655e-34
"Mgst2","GO:0006749","glutathione metabolic process",2.40986573134655e-34
"Gsta13","GO:0006749","glutathione metabolic process",2.40986573134655e-34
"Gstt1","GO:0006749","glutathione metabolic process",2.40986573134655e-34
"Gstt4","GO:0006749","glutathione metabolic process",2.40986573134655e-34
"Gsto2","GO:0006749","glutathione metabolic process",2.40986573134655e-34
"Gsta1","GO:0006749","glutathione metabolic process",2.40986573134655e-34
"Cyp1b1","GO:0001676","long-chain fatty acid metabolic process",1.47931998655576e-33
"Cyp2c67","GO:0001676","long-chain fatty acid metabolic process",1.47931998655576e-33
"Cyp2c39","GO:0001676","long-chain fatty acid metabolic process",1.47931998655576e-33
"Gstm1","GO:0001676","long-chain fatty acid metabolic process",1.47931998655576e-33
"Cyp2c50","GO:0001676","long-chain fatty acid metabolic process",1.47931998655576e-33
"Gstm4","GO:0001676","long-chain fatty acid metabolic process",1.47931998655576e-33
"Cyp1a1","GO:0001676","long-chain fatty acid metabolic process",1.47931998655576e-33
"Cyp2c70","GO:0001676","long-chain fatty acid metabolic process",1.47931998655576e-33
"Cyp2c38","GO:0001676","long-chain fatty acid metabolic process",1.47931998655576e-33
"Cyp2c37","GO:0001676","long-chain fatty acid metabolic process",1.47931998655576e-33
"Cyp2c54","GO:0001676","long-chain fatty acid metabolic process",1.47931998655576e-33
"Gstp2","GO:0001676","long-chain fatty acid metabolic process",1.47931998655576e-33
"Gstp3","GO:0001676","long-chain fatty acid metabolic process",1.47931998655576e-33
"Cyp2c68","GO:0001676","long-chain fatty acid metabolic process",1.47931998655576e-33
"Ephx1","GO:0001676","long-chain fatty acid metabolic process",1.47931998655576e-33
"Cyp2e1","GO:0001676","long-chain fatty acid metabolic process",1.47931998655576e-33
"Cyp2c23","GO:0001676","long-chain fatty acid metabolic process",1.47931998655576e-33
"Cyp1a2","GO:0001676","long-chain fatty acid metabolic process",1.47931998655576e-33
"Cyp2c40","GO:0001676","long-chain fatty acid metabolic process",1.47931998655576e-33
"Gstm7","GO:0001676","long-chain fatty acid metabolic process",1.47931998655576e-33
"Hpgds","GO:0001676","long-chain fatty acid metabolic process",1.47931998655576e-33
"Ptgs2","GO:0001676","long-chain fatty acid metabolic process",1.47931998655576e-33
"Gstm2","GO:0001676","long-chain fatty acid metabolic process",1.47931998655576e-33
"Cyp2c66","GO:0001676","long-chain fatty acid metabolic process",1.47931998655576e-33
"Gstp1","GO:0001676","long-chain fatty acid metabolic process",1.47931998655576e-33
"Cyp2c65","GO:0001676","long-chain fatty acid metabolic process",1.47931998655576e-33
"Mgst3","GO:0001676","long-chain fatty acid metabolic process",1.47931998655576e-33
"Cyp2c69","GO:0001676","long-chain fatty acid metabolic process",1.47931998655576e-33
"Cyp2f2","GO:0001676","long-chain fatty acid metabolic process",1.47931998655576e-33
"Cyp2s1","GO:0001676","long-chain fatty acid metabolic process",1.47931998655576e-33
"Cyp2c29","GO:0001676","long-chain fatty acid metabolic process",1.47931998655576e-33
"Cyp2c55","GO:0001676","long-chain fatty acid metabolic process",1.47931998655576e-33
"Akr1c21","GO:0034308","primary alcohol metabolic process",3.1218542297638e-33
"Cyp1b1","GO:0034308","primary alcohol metabolic process",3.1218542297638e-33
"Aldh3a2","GO:0034308","primary alcohol metabolic process",3.1218542297638e-33
"Sult2a8","GO:0034308","primary alcohol metabolic process",3.1218542297638e-33
"Akr1b1","GO:0034308","primary alcohol metabolic process",3.1218542297638e-33
"Ces1e","GO:0034308","primary alcohol metabolic process",3.1218542297638e-33
"Aldh3b1","GO:0034308","primary alcohol metabolic process",3.1218542297638e-33
"Aldh3b2","GO:0034308","primary alcohol metabolic process",3.1218542297638e-33
"Sult2a7","GO:0034308","primary alcohol metabolic process",3.1218542297638e-33
"Cyp1a1","GO:0034308","primary alcohol metabolic process",3.1218542297638e-33
"Aldh2","GO:0034308","primary alcohol metabolic process",3.1218542297638e-33
"Akr1b10","GO:0034308","primary alcohol metabolic process",3.1218542297638e-33
"Adh5","GO:0034308","primary alcohol metabolic process",3.1218542297638e-33
"Adh7","GO:0034308","primary alcohol metabolic process",3.1218542297638e-33
"Ces1f","GO:0034308","primary alcohol metabolic process",3.1218542297638e-33
"Adh4","GO:0034308","primary alcohol metabolic process",3.1218542297638e-33
"Cyp1a2","GO:0034308","primary alcohol metabolic process",3.1218542297638e-33
"Sult2a6","GO:0034308","primary alcohol metabolic process",3.1218542297638e-33
"Sult2a4","GO:0034308","primary alcohol metabolic process",3.1218542297638e-33
"Aldh1b1","GO:0034308","primary alcohol metabolic process",3.1218542297638e-33
"Ces2c","GO:0034308","primary alcohol metabolic process",3.1218542297638e-33
"Akr1b8","GO:0034308","primary alcohol metabolic process",3.1218542297638e-33
"Sult2a1","GO:0034308","primary alcohol metabolic process",3.1218542297638e-33
"Adh1","GO:0034308","primary alcohol metabolic process",3.1218542297638e-33
"Ces1d","GO:0034308","primary alcohol metabolic process",3.1218542297638e-33
"Ces2e","GO:0034308","primary alcohol metabolic process",3.1218542297638e-33
"Sult2a5","GO:0034308","primary alcohol metabolic process",3.1218542297638e-33
"Sult2a3","GO:0034308","primary alcohol metabolic process",3.1218542297638e-33
"Akr1a1","GO:0034308","primary alcohol metabolic process",3.1218542297638e-33
"Gstm3","GO:0006790","sulfur compound metabolic process",3.16072887543583e-33
"Sult2a8","GO:0006790","sulfur compound metabolic process",3.16072887543583e-33
"Gsto1","GO:0006790","sulfur compound metabolic process",3.16072887543583e-33
"Gstk1","GO:0006790","sulfur compound metabolic process",3.16072887543583e-33
"Gsta5","GO:0006790","sulfur compound metabolic process",3.16072887543583e-33
"Gstm1","GO:0006790","sulfur compound metabolic process",3.16072887543583e-33
"Fmo6","GO:0006790","sulfur compound metabolic process",3.16072887543583e-33
"Gstm4","GO:0006790","sulfur compound metabolic process",3.16072887543583e-33
"Sult2a7","GO:0006790","sulfur compound metabolic process",3.16072887543583e-33
"Fmo3","GO:0006790","sulfur compound metabolic process",3.16072887543583e-33
"Gstm5","GO:0006790","sulfur compound metabolic process",3.16072887543583e-33
"Gsta2","GO:0006790","sulfur compound metabolic process",3.16072887543583e-33
"Gstp2","GO:0006790","sulfur compound metabolic process",3.16072887543583e-33
"Gstp3","GO:0006790","sulfur compound metabolic process",3.16072887543583e-33
"Gstm6","GO:0006790","sulfur compound metabolic process",3.16072887543583e-33
"Nme1","GO:0006790","sulfur compound metabolic process",3.16072887543583e-33
"Gstm7","GO:0006790","sulfur compound metabolic process",3.16072887543583e-33
"Gsta3","GO:0006790","sulfur compound metabolic process",3.16072887543583e-33
"Hpgds","GO:0006790","sulfur compound metabolic process",3.16072887543583e-33
"Sult2a6","GO:0006790","sulfur compound metabolic process",3.16072887543583e-33
"Mgst1","GO:0006790","sulfur compound metabolic process",3.16072887543583e-33
"Sult2a4","GO:0006790","sulfur compound metabolic process",3.16072887543583e-33
"Gstm2","GO:0006790","sulfur compound metabolic process",3.16072887543583e-33
"Gstt3","GO:0006790","sulfur compound metabolic process",3.16072887543583e-33
"Fmo1","GO:0006790","sulfur compound metabolic process",3.16072887543583e-33
"Gsta4","GO:0006790","sulfur compound metabolic process",3.16072887543583e-33
"Gstt2","GO:0006790","sulfur compound metabolic process",3.16072887543583e-33
"Gstp1","GO:0006790","sulfur compound metabolic process",3.16072887543583e-33
"Mgst2","GO:0006790","sulfur compound metabolic process",3.16072887543583e-33
"Gsta13","GO:0006790","sulfur compound metabolic process",3.16072887543583e-33
"Gstt1","GO:0006790","sulfur compound metabolic process",3.16072887543583e-33
"Sult2a1","GO:0006790","sulfur compound metabolic process",3.16072887543583e-33
"Gstt4","GO:0006790","sulfur compound metabolic process",3.16072887543583e-33
"Gsto2","GO:0006790","sulfur compound metabolic process",3.16072887543583e-33
"Gsta1","GO:0006790","sulfur compound metabolic process",3.16072887543583e-33
"Ces1d","GO:0006790","sulfur compound metabolic process",3.16072887543583e-33
"Sult2a5","GO:0006790","sulfur compound metabolic process",3.16072887543583e-33
"Sult2a3","GO:0006790","sulfur compound metabolic process",3.16072887543583e-33
"Sult1a1","GO:0006790","sulfur compound metabolic process",3.16072887543583e-33
"Cyp2c67","GO:0016053","organic acid biosynthetic process",3.06609340708982e-31
"Akr1b1","GO:0016053","organic acid biosynthetic process",3.06609340708982e-31
"Gsto1","GO:0016053","organic acid biosynthetic process",3.06609340708982e-31
"Ugt1a6a","GO:0016053","organic acid biosynthetic process",3.06609340708982e-31
"Nme2","GO:0016053","organic acid biosynthetic process",3.06609340708982e-31
"Ces1e","GO:0016053","organic acid biosynthetic process",3.06609340708982e-31
"Gstm1","GO:0016053","organic acid biosynthetic process",3.06609340708982e-31
"Fmo6","GO:0016053","organic acid biosynthetic process",3.06609340708982e-31
"Gstm4","GO:0016053","organic acid biosynthetic process",3.06609340708982e-31
"Fmo3","GO:0016053","organic acid biosynthetic process",3.06609340708982e-31
"Cyp1a1","GO:0016053","organic acid biosynthetic process",3.06609340708982e-31
"Ces1g","GO:0016053","organic acid biosynthetic process",3.06609340708982e-31
"Upb1","GO:0016053","organic acid biosynthetic process",3.06609340708982e-31
"Gulo","GO:0016053","organic acid biosynthetic process",3.06609340708982e-31
"Ces1f","GO:0016053","organic acid biosynthetic process",3.06609340708982e-31
"Cyp2c54","GO:0016053","organic acid biosynthetic process",3.06609340708982e-31
"Gstp2","GO:0016053","organic acid biosynthetic process",3.06609340708982e-31
"Gstp3","GO:0016053","organic acid biosynthetic process",3.06609340708982e-31
"Cyp2c68","GO:0016053","organic acid biosynthetic process",3.06609340708982e-31
"Cyp2c23","GO:0016053","organic acid biosynthetic process",3.06609340708982e-31
"Ugp2","GO:0016053","organic acid biosynthetic process",3.06609340708982e-31
"Cyp2c40","GO:0016053","organic acid biosynthetic process",3.06609340708982e-31
"Nme1","GO:0016053","organic acid biosynthetic process",3.06609340708982e-31
"Gstm7","GO:0016053","organic acid biosynthetic process",3.06609340708982e-31
"Hpgds","GO:0016053","organic acid biosynthetic process",3.06609340708982e-31
"Dpyd","GO:0016053","organic acid biosynthetic process",3.06609340708982e-31
"Ptgs2","GO:0016053","organic acid biosynthetic process",3.06609340708982e-31
"Gstm2","GO:0016053","organic acid biosynthetic process",3.06609340708982e-31
"Fmo1","GO:0016053","organic acid biosynthetic process",3.06609340708982e-31
"Cyp2c66","GO:0016053","organic acid biosynthetic process",3.06609340708982e-31
"Gstp1","GO:0016053","organic acid biosynthetic process",3.06609340708982e-31
"Mgst2","GO:0016053","organic acid biosynthetic process",3.06609340708982e-31
"Cyp2c65","GO:0016053","organic acid biosynthetic process",3.06609340708982e-31
"Mgst3","GO:0016053","organic acid biosynthetic process",3.06609340708982e-31
"Cyp2c69","GO:0016053","organic acid biosynthetic process",3.06609340708982e-31
"Rgn","GO:0016053","organic acid biosynthetic process",3.06609340708982e-31
"Uros","GO:0016053","organic acid biosynthetic process",3.06609340708982e-31
"Ces1a","GO:0016053","organic acid biosynthetic process",3.06609340708982e-31
"Ugdh","GO:0016053","organic acid biosynthetic process",3.06609340708982e-31
"Akr1a1","GO:0016053","organic acid biosynthetic process",3.06609340708982e-31
"Cyp1b1","GO:0008210","estrogen metabolic process",3.79516418489115e-31
"Cyp2c67","GO:0008210","estrogen metabolic process",3.79516418489115e-31
"Cyp3a44","GO:0008210","estrogen metabolic process",3.79516418489115e-31
"Ugt2b5","GO:0008210","estrogen metabolic process",3.79516418489115e-31
"Cyp3a41a","GO:0008210","estrogen metabolic process",3.79516418489115e-31
"Cyp1a1","GO:0008210","estrogen metabolic process",3.79516418489115e-31
"Ugt2b34","GO:0008210","estrogen metabolic process",3.79516418489115e-31
"Cyp3a16","GO:0008210","estrogen metabolic process",3.79516418489115e-31
"Ugt2b1","GO:0008210","estrogen metabolic process",3.79516418489115e-31
"Cyp2c54","GO:0008210","estrogen metabolic process",3.79516418489115e-31
"Cyp3a41b","GO:0008210","estrogen metabolic process",3.79516418489115e-31
"Cyp2c68","GO:0008210","estrogen metabolic process",3.79516418489115e-31
"Cyp1a2","GO:0008210","estrogen metabolic process",3.79516418489115e-31
"Ugt1a7c","GO:0008210","estrogen metabolic process",3.79516418489115e-31
"Cyp2c40","GO:0008210","estrogen metabolic process",3.79516418489115e-31
"Ugt1a1","GO:0008210","estrogen metabolic process",3.79516418489115e-31
"Cyp2c66","GO:0008210","estrogen metabolic process",3.79516418489115e-31
"Cyp2c65","GO:0008210","estrogen metabolic process",3.79516418489115e-31
"Cyp2c69","GO:0008210","estrogen metabolic process",3.79516418489115e-31
"Sult1a1","GO:0008210","estrogen metabolic process",3.79516418489115e-31
"Cyp3a11","GO:0008210","estrogen metabolic process",3.79516418489115e-31
"Cyp2c67","GO:0070989","oxidative demethylation",1.66911700037185e-30
"Cyp3a44","GO:0070989","oxidative demethylation",1.66911700037185e-30
"Cyp3a59","GO:0070989","oxidative demethylation",1.66911700037185e-30
"Cyp3a57","GO:0070989","oxidative demethylation",1.66911700037185e-30
"Cyp3a13","GO:0070989","oxidative demethylation",1.66911700037185e-30
"Cyp3a41a","GO:0070989","oxidative demethylation",1.66911700037185e-30
"Cyp3a16","GO:0070989","oxidative demethylation",1.66911700037185e-30
"Cyp2c54","GO:0070989","oxidative demethylation",1.66911700037185e-30
"Cyp3a41b","GO:0070989","oxidative demethylation",1.66911700037185e-30
"Cyp3a25","GO:0070989","oxidative demethylation",1.66911700037185e-30
"Cyp2c68","GO:0070989","oxidative demethylation",1.66911700037185e-30
"Cyp1a2","GO:0070989","oxidative demethylation",1.66911700037185e-30
"Cyp2c40","GO:0070989","oxidative demethylation",1.66911700037185e-30
"Cyp2c66","GO:0070989","oxidative demethylation",1.66911700037185e-30
"Cyp2c65","GO:0070989","oxidative demethylation",1.66911700037185e-30
"Cyp2c69","GO:0070989","oxidative demethylation",1.66911700037185e-30
"Cyp3a11","GO:0070989","oxidative demethylation",1.66911700037185e-30
"Cmpk1","GO:0072527","pyrimidine-containing compound metabolic process",2.11001765957713e-28
"Rrm1","GO:0072527","pyrimidine-containing compound metabolic process",2.11001765957713e-28
"Nme2","GO:0072527","pyrimidine-containing compound metabolic process",2.11001765957713e-28
"Umps","GO:0072527","pyrimidine-containing compound metabolic process",2.11001765957713e-28
"Tymp","GO:0072527","pyrimidine-containing compound metabolic process",2.11001765957713e-28
"Upp1","GO:0072527","pyrimidine-containing compound metabolic process",2.11001765957713e-28
"Dpys","GO:0072527","pyrimidine-containing compound metabolic process",2.11001765957713e-28
"Nme3","GO:0072527","pyrimidine-containing compound metabolic process",2.11001765957713e-28
"Nme7","GO:0072527","pyrimidine-containing compound metabolic process",2.11001765957713e-28
"Upb1","GO:0072527","pyrimidine-containing compound metabolic process",2.11001765957713e-28
"Tk1","GO:0072527","pyrimidine-containing compound metabolic process",2.11001765957713e-28
"Tk2","GO:0072527","pyrimidine-containing compound metabolic process",2.11001765957713e-28
"Nme6","GO:0072527","pyrimidine-containing compound metabolic process",2.11001765957713e-28
"Nme1","GO:0072527","pyrimidine-containing compound metabolic process",2.11001765957713e-28
"Dpyd","GO:0072527","pyrimidine-containing compound metabolic process",2.11001765957713e-28
"Cda","GO:0072527","pyrimidine-containing compound metabolic process",2.11001765957713e-28
"Dut","GO:0072527","pyrimidine-containing compound metabolic process",2.11001765957713e-28
"Uck2","GO:0072527","pyrimidine-containing compound metabolic process",2.11001765957713e-28
"Uck1","GO:0072527","pyrimidine-containing compound metabolic process",2.11001765957713e-28
"Uckl1","GO:0072527","pyrimidine-containing compound metabolic process",2.11001765957713e-28
"Upp2","GO:0072527","pyrimidine-containing compound metabolic process",2.11001765957713e-28
"Nme4","GO:0072527","pyrimidine-containing compound metabolic process",2.11001765957713e-28
"Cyp2c67","GO:0070988","demethylation",2.68977915458015e-28
"Cyp3a44","GO:0070988","demethylation",2.68977915458015e-28
"Cyp3a59","GO:0070988","demethylation",2.68977915458015e-28
"Cyp3a57","GO:0070988","demethylation",2.68977915458015e-28
"Cyp3a13","GO:0070988","demethylation",2.68977915458015e-28
"Cyp3a41a","GO:0070988","demethylation",2.68977915458015e-28
"Cyp3a16","GO:0070988","demethylation",2.68977915458015e-28
"Cyp2c54","GO:0070988","demethylation",2.68977915458015e-28
"Cyp3a41b","GO:0070988","demethylation",2.68977915458015e-28
"Cyp3a25","GO:0070988","demethylation",2.68977915458015e-28
"Cyp2c68","GO:0070988","demethylation",2.68977915458015e-28
"Cyp1a2","GO:0070988","demethylation",2.68977915458015e-28
"Cyp2c40","GO:0070988","demethylation",2.68977915458015e-28
"Cyp2c66","GO:0070988","demethylation",2.68977915458015e-28
"Cyp2c65","GO:0070988","demethylation",2.68977915458015e-28
"Cyp2c69","GO:0070988","demethylation",2.68977915458015e-28
"Cyp3a11","GO:0070988","demethylation",2.68977915458015e-28
"Cyp2c67","GO:0002933","lipid hydroxylation",6.35425986458884e-28
"Cyp3a44","GO:0002933","lipid hydroxylation",6.35425986458884e-28
"Cyp3a41a","GO:0002933","lipid hydroxylation",6.35425986458884e-28
"Cyp1a1","GO:0002933","lipid hydroxylation",6.35425986458884e-28
"Cyp3a16","GO:0002933","lipid hydroxylation",6.35425986458884e-28
"Cyp2c54","GO:0002933","lipid hydroxylation",6.35425986458884e-28
"Cyp3a41b","GO:0002933","lipid hydroxylation",6.35425986458884e-28
"Cyp2c68","GO:0002933","lipid hydroxylation",6.35425986458884e-28
"Cyp2e1","GO:0002933","lipid hydroxylation",6.35425986458884e-28
"Cyp2c40","GO:0002933","lipid hydroxylation",6.35425986458884e-28
"Cyp2c66","GO:0002933","lipid hydroxylation",6.35425986458884e-28
"Cyp2c65","GO:0002933","lipid hydroxylation",6.35425986458884e-28
"Cyp2c69","GO:0002933","lipid hydroxylation",6.35425986458884e-28
"Cyp3a11","GO:0002933","lipid hydroxylation",6.35425986458884e-28
"Cyp2c67","GO:0046394","carboxylic acid biosynthetic process",8.42395492476807e-28
"Akr1b1","GO:0046394","carboxylic acid biosynthetic process",8.42395492476807e-28
"Gsto1","GO:0046394","carboxylic acid biosynthetic process",8.42395492476807e-28
"Ugt1a6a","GO:0046394","carboxylic acid biosynthetic process",8.42395492476807e-28
"Nme2","GO:0046394","carboxylic acid biosynthetic process",8.42395492476807e-28
"Ces1e","GO:0046394","carboxylic acid biosynthetic process",8.42395492476807e-28
"Gstm1","GO:0046394","carboxylic acid biosynthetic process",8.42395492476807e-28
"Gstm4","GO:0046394","carboxylic acid biosynthetic process",8.42395492476807e-28
"Cyp1a1","GO:0046394","carboxylic acid biosynthetic process",8.42395492476807e-28
"Ces1g","GO:0046394","carboxylic acid biosynthetic process",8.42395492476807e-28
"Upb1","GO:0046394","carboxylic acid biosynthetic process",8.42395492476807e-28
"Gulo","GO:0046394","carboxylic acid biosynthetic process",8.42395492476807e-28
"Ces1f","GO:0046394","carboxylic acid biosynthetic process",8.42395492476807e-28
"Cyp2c54","GO:0046394","carboxylic acid biosynthetic process",8.42395492476807e-28
"Gstp2","GO:0046394","carboxylic acid biosynthetic process",8.42395492476807e-28
"Gstp3","GO:0046394","carboxylic acid biosynthetic process",8.42395492476807e-28
"Cyp2c68","GO:0046394","carboxylic acid biosynthetic process",8.42395492476807e-28
"Cyp2c23","GO:0046394","carboxylic acid biosynthetic process",8.42395492476807e-28
"Ugp2","GO:0046394","carboxylic acid biosynthetic process",8.42395492476807e-28
"Cyp2c40","GO:0046394","carboxylic acid biosynthetic process",8.42395492476807e-28
"Nme1","GO:0046394","carboxylic acid biosynthetic process",8.42395492476807e-28
"Gstm7","GO:0046394","carboxylic acid biosynthetic process",8.42395492476807e-28
"Hpgds","GO:0046394","carboxylic acid biosynthetic process",8.42395492476807e-28
"Dpyd","GO:0046394","carboxylic acid biosynthetic process",8.42395492476807e-28
"Ptgs2","GO:0046394","carboxylic acid biosynthetic process",8.42395492476807e-28
"Gstm2","GO:0046394","carboxylic acid biosynthetic process",8.42395492476807e-28
"Cyp2c66","GO:0046394","carboxylic acid biosynthetic process",8.42395492476807e-28
"Gstp1","GO:0046394","carboxylic acid biosynthetic process",8.42395492476807e-28
"Mgst2","GO:0046394","carboxylic acid biosynthetic process",8.42395492476807e-28
"Cyp2c65","GO:0046394","carboxylic acid biosynthetic process",8.42395492476807e-28
"Mgst3","GO:0046394","carboxylic acid biosynthetic process",8.42395492476807e-28
"Cyp2c69","GO:0046394","carboxylic acid biosynthetic process",8.42395492476807e-28
"Rgn","GO:0046394","carboxylic acid biosynthetic process",8.42395492476807e-28
"Uros","GO:0046394","carboxylic acid biosynthetic process",8.42395492476807e-28
"Ces1a","GO:0046394","carboxylic acid biosynthetic process",8.42395492476807e-28
"Ugdh","GO:0046394","carboxylic acid biosynthetic process",8.42395492476807e-28
"Akr1a1","GO:0046394","carboxylic acid biosynthetic process",8.42395492476807e-28
"Cyp1b1","GO:0019369","arachidonate metabolic process",1.53539388111108e-27
"Cyp2c67","GO:0019369","arachidonate metabolic process",1.53539388111108e-27
"Cyp2c39","GO:0019369","arachidonate metabolic process",1.53539388111108e-27
"Cyp2c50","GO:0019369","arachidonate metabolic process",1.53539388111108e-27
"Cyp2c70","GO:0019369","arachidonate metabolic process",1.53539388111108e-27
"Cyp2c38","GO:0019369","arachidonate metabolic process",1.53539388111108e-27
"Cyp2c37","GO:0019369","arachidonate metabolic process",1.53539388111108e-27
"Cyp2c54","GO:0019369","arachidonate metabolic process",1.53539388111108e-27
"Cyp2c68","GO:0019369","arachidonate metabolic process",1.53539388111108e-27
"Ephx1","GO:0019369","arachidonate metabolic process",1.53539388111108e-27
"Cyp2e1","GO:0019369","arachidonate metabolic process",1.53539388111108e-27
"Cyp2c23","GO:0019369","arachidonate metabolic process",1.53539388111108e-27
"Cyp1a2","GO:0019369","arachidonate metabolic process",1.53539388111108e-27
"Cyp2c40","GO:0019369","arachidonate metabolic process",1.53539388111108e-27
"Hpgds","GO:0019369","arachidonate metabolic process",1.53539388111108e-27
"Ptgs2","GO:0019369","arachidonate metabolic process",1.53539388111108e-27
"Cyp2c66","GO:0019369","arachidonate metabolic process",1.53539388111108e-27
"Cyp2c65","GO:0019369","arachidonate metabolic process",1.53539388111108e-27
"Mgst3","GO:0019369","arachidonate metabolic process",1.53539388111108e-27
"Cyp2c69","GO:0019369","arachidonate metabolic process",1.53539388111108e-27
"Cyp2f2","GO:0019369","arachidonate metabolic process",1.53539388111108e-27
"Cyp2s1","GO:0019369","arachidonate metabolic process",1.53539388111108e-27
"Cyp2c29","GO:0019369","arachidonate metabolic process",1.53539388111108e-27
"Cyp2c55","GO:0019369","arachidonate metabolic process",1.53539388111108e-27
"Cmpk1","GO:0009123","nucleoside monophosphate metabolic process",1.28067980642032e-26
"Nme2","GO:0009123","nucleoside monophosphate metabolic process",1.28067980642032e-26
"Umps","GO:0009123","nucleoside monophosphate metabolic process",1.28067980642032e-26
"Tymp","GO:0009123","nucleoside monophosphate metabolic process",1.28067980642032e-26
"Upp1","GO:0009123","nucleoside monophosphate metabolic process",1.28067980642032e-26
"Hprt1","GO:0009123","nucleoside monophosphate metabolic process",1.28067980642032e-26
"Dpys","GO:0009123","nucleoside monophosphate metabolic process",1.28067980642032e-26
"Nme3","GO:0009123","nucleoside monophosphate metabolic process",1.28067980642032e-26
"Upb1","GO:0009123","nucleoside monophosphate metabolic process",1.28067980642032e-26
"Tk1","GO:0009123","nucleoside monophosphate metabolic process",1.28067980642032e-26
"Tk2","GO:0009123","nucleoside monophosphate metabolic process",1.28067980642032e-26
"Impdh1","GO:0009123","nucleoside monophosphate metabolic process",1.28067980642032e-26
"Nme1","GO:0009123","nucleoside monophosphate metabolic process",1.28067980642032e-26
"Impdh2","GO:0009123","nucleoside monophosphate metabolic process",1.28067980642032e-26
"Dpyd","GO:0009123","nucleoside monophosphate metabolic process",1.28067980642032e-26
"Cda","GO:0009123","nucleoside monophosphate metabolic process",1.28067980642032e-26
"Dut","GO:0009123","nucleoside monophosphate metabolic process",1.28067980642032e-26
"Uck2","GO:0009123","nucleoside monophosphate metabolic process",1.28067980642032e-26
"Uck1","GO:0009123","nucleoside monophosphate metabolic process",1.28067980642032e-26
"Uckl1","GO:0009123","nucleoside monophosphate metabolic process",1.28067980642032e-26
"Xdh","GO:0009123","nucleoside monophosphate metabolic process",1.28067980642032e-26
"Upp2","GO:0009123","nucleoside monophosphate metabolic process",1.28067980642032e-26
"Gmps","GO:0009123","nucleoside monophosphate metabolic process",1.28067980642032e-26
"Sult2a8","GO:0006067","ethanol metabolic process",1.52591178456526e-26
"Aldh3b1","GO:0006067","ethanol metabolic process",1.52591178456526e-26
"Aldh3b2","GO:0006067","ethanol metabolic process",1.52591178456526e-26
"Sult2a7","GO:0006067","ethanol metabolic process",1.52591178456526e-26
"Aldh2","GO:0006067","ethanol metabolic process",1.52591178456526e-26
"Adh5","GO:0006067","ethanol metabolic process",1.52591178456526e-26
"Adh7","GO:0006067","ethanol metabolic process",1.52591178456526e-26
"Adh4","GO:0006067","ethanol metabolic process",1.52591178456526e-26
"Sult2a6","GO:0006067","ethanol metabolic process",1.52591178456526e-26
"Sult2a4","GO:0006067","ethanol metabolic process",1.52591178456526e-26
"Aldh1b1","GO:0006067","ethanol metabolic process",1.52591178456526e-26
"Sult2a1","GO:0006067","ethanol metabolic process",1.52591178456526e-26
"Adh1","GO:0006067","ethanol metabolic process",1.52591178456526e-26
"Sult2a5","GO:0006067","ethanol metabolic process",1.52591178456526e-26
"Sult2a3","GO:0006067","ethanol metabolic process",1.52591178456526e-26
"Cyp2c67","GO:0019373","epoxygenase P450 pathway",2.37101107667962e-26
"Cyp2c39","GO:0019373","epoxygenase P450 pathway",2.37101107667962e-26
"Cyp2c50","GO:0019373","epoxygenase P450 pathway",2.37101107667962e-26
"Cyp2c70","GO:0019373","epoxygenase P450 pathway",2.37101107667962e-26
"Cyp2c38","GO:0019373","epoxygenase P450 pathway",2.37101107667962e-26
"Cyp2c37","GO:0019373","epoxygenase P450 pathway",2.37101107667962e-26
"Cyp2c54","GO:0019373","epoxygenase P450 pathway",2.37101107667962e-26
"Cyp2c68","GO:0019373","epoxygenase P450 pathway",2.37101107667962e-26
"Cyp2e1","GO:0019373","epoxygenase P450 pathway",2.37101107667962e-26
"Cyp2c23","GO:0019373","epoxygenase P450 pathway",2.37101107667962e-26
"Cyp2c40","GO:0019373","epoxygenase P450 pathway",2.37101107667962e-26
"Cyp2c66","GO:0019373","epoxygenase P450 pathway",2.37101107667962e-26
"Cyp2c65","GO:0019373","epoxygenase P450 pathway",2.37101107667962e-26
"Cyp2c69","GO:0019373","epoxygenase P450 pathway",2.37101107667962e-26
"Cyp2f2","GO:0019373","epoxygenase P450 pathway",2.37101107667962e-26
"Cyp2s1","GO:0019373","epoxygenase P450 pathway",2.37101107667962e-26
"Cyp2c29","GO:0019373","epoxygenase P450 pathway",2.37101107667962e-26
"Cyp2c55","GO:0019373","epoxygenase P450 pathway",2.37101107667962e-26
"Cmpk1","GO:0006220","pyrimidine nucleotide metabolic process",3.69458326682532e-26
"Nme2","GO:0006220","pyrimidine nucleotide metabolic process",3.69458326682532e-26
"Umps","GO:0006220","pyrimidine nucleotide metabolic process",3.69458326682532e-26
"Tymp","GO:0006220","pyrimidine nucleotide metabolic process",3.69458326682532e-26
"Upp1","GO:0006220","pyrimidine nucleotide metabolic process",3.69458326682532e-26
"Dpys","GO:0006220","pyrimidine nucleotide metabolic process",3.69458326682532e-26
"Nme3","GO:0006220","pyrimidine nucleotide metabolic process",3.69458326682532e-26
"Nme7","GO:0006220","pyrimidine nucleotide metabolic process",3.69458326682532e-26
"Upb1","GO:0006220","pyrimidine nucleotide metabolic process",3.69458326682532e-26
"Nme6","GO:0006220","pyrimidine nucleotide metabolic process",3.69458326682532e-26
"Nme1","GO:0006220","pyrimidine nucleotide metabolic process",3.69458326682532e-26
"Dpyd","GO:0006220","pyrimidine nucleotide metabolic process",3.69458326682532e-26
"Cda","GO:0006220","pyrimidine nucleotide metabolic process",3.69458326682532e-26
"Dut","GO:0006220","pyrimidine nucleotide metabolic process",3.69458326682532e-26
"Uck2","GO:0006220","pyrimidine nucleotide metabolic process",3.69458326682532e-26
"Uck1","GO:0006220","pyrimidine nucleotide metabolic process",3.69458326682532e-26
"Uckl1","GO:0006220","pyrimidine nucleotide metabolic process",3.69458326682532e-26
"Upp2","GO:0006220","pyrimidine nucleotide metabolic process",3.69458326682532e-26
"Nme4","GO:0006220","pyrimidine nucleotide metabolic process",3.69458326682532e-26
"Akr1c21","GO:0006066","alcohol metabolic process",7.20997409318548e-26
"Cyp1b1","GO:0006066","alcohol metabolic process",7.20997409318548e-26
"Aldh3a2","GO:0006066","alcohol metabolic process",7.20997409318548e-26
"Sult2a8","GO:0006066","alcohol metabolic process",7.20997409318548e-26
"Akr1b1","GO:0006066","alcohol metabolic process",7.20997409318548e-26
"Ces1e","GO:0006066","alcohol metabolic process",7.20997409318548e-26
"Aldh3b1","GO:0006066","alcohol metabolic process",7.20997409318548e-26
"Aldh3b2","GO:0006066","alcohol metabolic process",7.20997409318548e-26
"Fech","GO:0006066","alcohol metabolic process",7.20997409318548e-26
"Sult2a7","GO:0006066","alcohol metabolic process",7.20997409318548e-26
"Sord","GO:0006066","alcohol metabolic process",7.20997409318548e-26
"Cyp1a1","GO:0006066","alcohol metabolic process",7.20997409318548e-26
"Ces1g","GO:0006066","alcohol metabolic process",7.20997409318548e-26
"Aldh2","GO:0006066","alcohol metabolic process",7.20997409318548e-26
"Miox","GO:0006066","alcohol metabolic process",7.20997409318548e-26
"Akr1b10","GO:0006066","alcohol metabolic process",7.20997409318548e-26
"Adh5","GO:0006066","alcohol metabolic process",7.20997409318548e-26
"Adh7","GO:0006066","alcohol metabolic process",7.20997409318548e-26
"Ces1f","GO:0006066","alcohol metabolic process",7.20997409318548e-26
"Adh4","GO:0006066","alcohol metabolic process",7.20997409318548e-26
"Ephx1","GO:0006066","alcohol metabolic process",7.20997409318548e-26
"Cyp1a2","GO:0006066","alcohol metabolic process",7.20997409318548e-26
"Sult2a6","GO:0006066","alcohol metabolic process",7.20997409318548e-26
"Sult2a4","GO:0006066","alcohol metabolic process",7.20997409318548e-26
"Aldh1b1","GO:0006066","alcohol metabolic process",7.20997409318548e-26
"Fmo5","GO:0006066","alcohol metabolic process",7.20997409318548e-26
"Ces2c","GO:0006066","alcohol metabolic process",7.20997409318548e-26
"Akr1b8","GO:0006066","alcohol metabolic process",7.20997409318548e-26
"Sult2a1","GO:0006066","alcohol metabolic process",7.20997409318548e-26
"Adh1","GO:0006066","alcohol metabolic process",7.20997409318548e-26
"Ces1d","GO:0006066","alcohol metabolic process",7.20997409318548e-26
"Ces2e","GO:0006066","alcohol metabolic process",7.20997409318548e-26
"Ces1a","GO:0006066","alcohol metabolic process",7.20997409318548e-26
"Sult2a5","GO:0006066","alcohol metabolic process",7.20997409318548e-26
"Sult2a3","GO:0006066","alcohol metabolic process",7.20997409318548e-26
"Akr1a1","GO:0006066","alcohol metabolic process",7.20997409318548e-26
"Cmpk1","GO:0009218","pyrimidine ribonucleotide metabolic process",9.74999728417326e-26
"Nme2","GO:0009218","pyrimidine ribonucleotide metabolic process",9.74999728417326e-26
"Umps","GO:0009218","pyrimidine ribonucleotide metabolic process",9.74999728417326e-26
"Upp1","GO:0009218","pyrimidine ribonucleotide metabolic process",9.74999728417326e-26
"Dpys","GO:0009218","pyrimidine ribonucleotide metabolic process",9.74999728417326e-26
"Nme3","GO:0009218","pyrimidine ribonucleotide metabolic process",9.74999728417326e-26
"Nme7","GO:0009218","pyrimidine ribonucleotide metabolic process",9.74999728417326e-26
"Upb1","GO:0009218","pyrimidine ribonucleotide metabolic process",9.74999728417326e-26
"Nme6","GO:0009218","pyrimidine ribonucleotide metabolic process",9.74999728417326e-26
"Nme1","GO:0009218","pyrimidine ribonucleotide metabolic process",9.74999728417326e-26
"Dpyd","GO:0009218","pyrimidine ribonucleotide metabolic process",9.74999728417326e-26
"Cda","GO:0009218","pyrimidine ribonucleotide metabolic process",9.74999728417326e-26
"Uck2","GO:0009218","pyrimidine ribonucleotide metabolic process",9.74999728417326e-26
"Uck1","GO:0009218","pyrimidine ribonucleotide metabolic process",9.74999728417326e-26
"Uckl1","GO:0009218","pyrimidine ribonucleotide metabolic process",9.74999728417326e-26
"Upp2","GO:0009218","pyrimidine ribonucleotide metabolic process",9.74999728417326e-26
"Nme4","GO:0009218","pyrimidine ribonucleotide metabolic process",9.74999728417326e-26
"Fxn","GO:0006778","porphyrin-containing compound metabolic process",1.45980770723929e-25
"Cox10","GO:0006778","porphyrin-containing compound metabolic process",1.45980770723929e-25
"Blvrb","GO:0006778","porphyrin-containing compound metabolic process",1.45980770723929e-25
"Alas2","GO:0006778","porphyrin-containing compound metabolic process",1.45980770723929e-25
"Hmox2","GO:0006778","porphyrin-containing compound metabolic process",1.45980770723929e-25
"Fech","GO:0006778","porphyrin-containing compound metabolic process",1.45980770723929e-25
"Cox15","GO:0006778","porphyrin-containing compound metabolic process",1.45980770723929e-25
"Cyp1a1","GO:0006778","porphyrin-containing compound metabolic process",1.45980770723929e-25
"Alas1","GO:0006778","porphyrin-containing compound metabolic process",1.45980770723929e-25
"Hmox1","GO:0006778","porphyrin-containing compound metabolic process",1.45980770723929e-25
"Cyp1a2","GO:0006778","porphyrin-containing compound metabolic process",1.45980770723929e-25
"Cpox","GO:0006778","porphyrin-containing compound metabolic process",1.45980770723929e-25
"Blvra","GO:0006778","porphyrin-containing compound metabolic process",1.45980770723929e-25
"Hmbs","GO:0006778","porphyrin-containing compound metabolic process",1.45980770723929e-25
"Ugt1a1","GO:0006778","porphyrin-containing compound metabolic process",1.45980770723929e-25
"Alad","GO:0006778","porphyrin-containing compound metabolic process",1.45980770723929e-25
"Uros","GO:0006778","porphyrin-containing compound metabolic process",1.45980770723929e-25
"Ppox","GO:0006778","porphyrin-containing compound metabolic process",1.45980770723929e-25
"Urod","GO:0006778","porphyrin-containing compound metabolic process",1.45980770723929e-25
"Fxn","GO:0033013","tetrapyrrole metabolic process",1.45980770723929e-25
"Cox10","GO:0033013","tetrapyrrole metabolic process",1.45980770723929e-25
"Mmab","GO:0033013","tetrapyrrole metabolic process",1.45980770723929e-25
"Blvrb","GO:0033013","tetrapyrrole metabolic process",1.45980770723929e-25
"Alas2","GO:0033013","tetrapyrrole metabolic process",1.45980770723929e-25
"Hmox2","GO:0033013","tetrapyrrole metabolic process",1.45980770723929e-25
"Fech","GO:0033013","tetrapyrrole metabolic process",1.45980770723929e-25
"Cox15","GO:0033013","tetrapyrrole metabolic process",1.45980770723929e-25
"Cyp1a1","GO:0033013","tetrapyrrole metabolic process",1.45980770723929e-25
"Alas1","GO:0033013","tetrapyrrole metabolic process",1.45980770723929e-25
"Hmox1","GO:0033013","tetrapyrrole metabolic process",1.45980770723929e-25
"Cyp1a2","GO:0033013","tetrapyrrole metabolic process",1.45980770723929e-25
"Cpox","GO:0033013","tetrapyrrole metabolic process",1.45980770723929e-25
"Blvra","GO:0033013","tetrapyrrole metabolic process",1.45980770723929e-25
"Hmbs","GO:0033013","tetrapyrrole metabolic process",1.45980770723929e-25
"Ugt1a1","GO:0033013","tetrapyrrole metabolic process",1.45980770723929e-25
"Alad","GO:0033013","tetrapyrrole metabolic process",1.45980770723929e-25
"Uros","GO:0033013","tetrapyrrole metabolic process",1.45980770723929e-25
"Ppox","GO:0033013","tetrapyrrole metabolic process",1.45980770723929e-25
"Urod","GO:0033013","tetrapyrrole metabolic process",1.45980770723929e-25
"Sult2a8","GO:0006068","ethanol catabolic process",1.31341816522794e-24
"Aldh3b1","GO:0006068","ethanol catabolic process",1.31341816522794e-24
"Aldh3b2","GO:0006068","ethanol catabolic process",1.31341816522794e-24
"Sult2a7","GO:0006068","ethanol catabolic process",1.31341816522794e-24
"Aldh2","GO:0006068","ethanol catabolic process",1.31341816522794e-24
"Adh5","GO:0006068","ethanol catabolic process",1.31341816522794e-24
"Adh7","GO:0006068","ethanol catabolic process",1.31341816522794e-24
"Sult2a6","GO:0006068","ethanol catabolic process",1.31341816522794e-24
"Sult2a4","GO:0006068","ethanol catabolic process",1.31341816522794e-24
"Aldh1b1","GO:0006068","ethanol catabolic process",1.31341816522794e-24
"Sult2a1","GO:0006068","ethanol catabolic process",1.31341816522794e-24
"Adh1","GO:0006068","ethanol catabolic process",1.31341816522794e-24
"Sult2a5","GO:0006068","ethanol catabolic process",1.31341816522794e-24
"Sult2a3","GO:0006068","ethanol catabolic process",1.31341816522794e-24
"Sult2a8","GO:0034310","primary alcohol catabolic process",4.82260985497612e-24
"Aldh3b1","GO:0034310","primary alcohol catabolic process",4.82260985497612e-24
"Aldh3b2","GO:0034310","primary alcohol catabolic process",4.82260985497612e-24
"Sult2a7","GO:0034310","primary alcohol catabolic process",4.82260985497612e-24
"Aldh2","GO:0034310","primary alcohol catabolic process",4.82260985497612e-24
"Adh5","GO:0034310","primary alcohol catabolic process",4.82260985497612e-24
"Adh7","GO:0034310","primary alcohol catabolic process",4.82260985497612e-24
"Sult2a6","GO:0034310","primary alcohol catabolic process",4.82260985497612e-24
"Sult2a4","GO:0034310","primary alcohol catabolic process",4.82260985497612e-24
"Aldh1b1","GO:0034310","primary alcohol catabolic process",4.82260985497612e-24
"Sult2a1","GO:0034310","primary alcohol catabolic process",4.82260985497612e-24
"Adh1","GO:0034310","primary alcohol catabolic process",4.82260985497612e-24
"Sult2a5","GO:0034310","primary alcohol catabolic process",4.82260985497612e-24
"Sult2a3","GO:0034310","primary alcohol catabolic process",4.82260985497612e-24
"Sult2a8","GO:0044282","small molecule catabolic process",9.16780093455013e-24
"Aldh3b1","GO:0044282","small molecule catabolic process",9.16780093455013e-24
"Cbr3","GO:0044282","small molecule catabolic process",9.16780093455013e-24
"Aldh3b2","GO:0044282","small molecule catabolic process",9.16780093455013e-24
"Upp1","GO:0044282","small molecule catabolic process",9.16780093455013e-24
"Sult2a7","GO:0044282","small molecule catabolic process",9.16780093455013e-24
"Hsd17b14","GO:0044282","small molecule catabolic process",9.16780093455013e-24
"Cbr1","GO:0044282","small molecule catabolic process",9.16780093455013e-24
"Sord","GO:0044282","small molecule catabolic process",9.16780093455013e-24
"Cyp1a1","GO:0044282","small molecule catabolic process",9.16780093455013e-24
"Aldh2","GO:0044282","small molecule catabolic process",9.16780093455013e-24
"Cryl1","GO:0044282","small molecule catabolic process",9.16780093455013e-24
"Miox","GO:0044282","small molecule catabolic process",9.16780093455013e-24
"Upb1","GO:0044282","small molecule catabolic process",9.16780093455013e-24
"Adh5","GO:0044282","small molecule catabolic process",9.16780093455013e-24
"Adh7","GO:0044282","small molecule catabolic process",9.16780093455013e-24
"Ces1f","GO:0044282","small molecule catabolic process",9.16780093455013e-24
"Dhdh","GO:0044282","small molecule catabolic process",9.16780093455013e-24
"Adh4","GO:0044282","small molecule catabolic process",9.16780093455013e-24
"Dcxr","GO:0044282","small molecule catabolic process",9.16780093455013e-24
"Sult2a6","GO:0044282","small molecule catabolic process",9.16780093455013e-24
"Dpyd","GO:0044282","small molecule catabolic process",9.16780093455013e-24
"Sult2a4","GO:0044282","small molecule catabolic process",9.16780093455013e-24
"Aldh1b1","GO:0044282","small molecule catabolic process",9.16780093455013e-24
"Aldh7a1","GO:0044282","small molecule catabolic process",9.16780093455013e-24
"Xylb","GO:0044282","small molecule catabolic process",9.16780093455013e-24
"Xdh","GO:0044282","small molecule catabolic process",9.16780093455013e-24
"Sult2a1","GO:0044282","small molecule catabolic process",9.16780093455013e-24
"Upp2","GO:0044282","small molecule catabolic process",9.16780093455013e-24
"Adh1","GO:0044282","small molecule catabolic process",9.16780093455013e-24
"Ces1d","GO:0044282","small molecule catabolic process",9.16780093455013e-24
"Sult2a5","GO:0044282","small molecule catabolic process",9.16780093455013e-24
"Sult2a3","GO:0044282","small molecule catabolic process",9.16780093455013e-24
"Akr1a1","GO:0044282","small molecule catabolic process",9.16780093455013e-24
"Fxn","GO:0042168","heme metabolic process",2.07757975658634e-23
"Cox10","GO:0042168","heme metabolic process",2.07757975658634e-23
"Blvrb","GO:0042168","heme metabolic process",2.07757975658634e-23
"Alas2","GO:0042168","heme metabolic process",2.07757975658634e-23
"Hmox2","GO:0042168","heme metabolic process",2.07757975658634e-23
"Fech","GO:0042168","heme metabolic process",2.07757975658634e-23
"Cox15","GO:0042168","heme metabolic process",2.07757975658634e-23
"Alas1","GO:0042168","heme metabolic process",2.07757975658634e-23
"Hmox1","GO:0042168","heme metabolic process",2.07757975658634e-23
"Cpox","GO:0042168","heme metabolic process",2.07757975658634e-23
"Blvra","GO:0042168","heme metabolic process",2.07757975658634e-23
"Hmbs","GO:0042168","heme metabolic process",2.07757975658634e-23
"Ugt1a1","GO:0042168","heme metabolic process",2.07757975658634e-23
"Alad","GO:0042168","heme metabolic process",2.07757975658634e-23
"Uros","GO:0042168","heme metabolic process",2.07757975658634e-23
"Ppox","GO:0042168","heme metabolic process",2.07757975658634e-23
"Urod","GO:0042168","heme metabolic process",2.07757975658634e-23
"Cyp2c67","GO:0042573","retinoic acid metabolic process",3.2972613538834e-23
"Cyp3a44","GO:0042573","retinoic acid metabolic process",3.2972613538834e-23
"Cyp3a41a","GO:0042573","retinoic acid metabolic process",3.2972613538834e-23
"Cyp1a1","GO:0042573","retinoic acid metabolic process",3.2972613538834e-23
"Adh7","GO:0042573","retinoic acid metabolic process",3.2972613538834e-23
"Cyp3a16","GO:0042573","retinoic acid metabolic process",3.2972613538834e-23
"Cyp2c54","GO:0042573","retinoic acid metabolic process",3.2972613538834e-23
"Cyp3a41b","GO:0042573","retinoic acid metabolic process",3.2972613538834e-23
"Cyp2c68","GO:0042573","retinoic acid metabolic process",3.2972613538834e-23
"Cyp2c40","GO:0042573","retinoic acid metabolic process",3.2972613538834e-23
"Cyp2c66","GO:0042573","retinoic acid metabolic process",3.2972613538834e-23
"Cyp2c65","GO:0042573","retinoic acid metabolic process",3.2972613538834e-23
"Cyp2c69","GO:0042573","retinoic acid metabolic process",3.2972613538834e-23
"Cyp2s1","GO:0042573","retinoic acid metabolic process",3.2972613538834e-23
"Adh1","GO:0042573","retinoic acid metabolic process",3.2972613538834e-23
"Cyp2c55","GO:0042573","retinoic acid metabolic process",3.2972613538834e-23
"Cyp3a11","GO:0042573","retinoic acid metabolic process",3.2972613538834e-23
"Sult2a8","GO:0046164","alcohol catabolic process",3.2972613538834e-23
"Aldh3b1","GO:0046164","alcohol catabolic process",3.2972613538834e-23
"Aldh3b2","GO:0046164","alcohol catabolic process",3.2972613538834e-23
"Sult2a7","GO:0046164","alcohol catabolic process",3.2972613538834e-23
"Sord","GO:0046164","alcohol catabolic process",3.2972613538834e-23
"Aldh2","GO:0046164","alcohol catabolic process",3.2972613538834e-23
"Miox","GO:0046164","alcohol catabolic process",3.2972613538834e-23
"Adh5","GO:0046164","alcohol catabolic process",3.2972613538834e-23
"Adh7","GO:0046164","alcohol catabolic process",3.2972613538834e-23
"Adh4","GO:0046164","alcohol catabolic process",3.2972613538834e-23
"Sult2a6","GO:0046164","alcohol catabolic process",3.2972613538834e-23
"Sult2a4","GO:0046164","alcohol catabolic process",3.2972613538834e-23
"Aldh1b1","GO:0046164","alcohol catabolic process",3.2972613538834e-23
"Sult2a1","GO:0046164","alcohol catabolic process",3.2972613538834e-23
"Adh1","GO:0046164","alcohol catabolic process",3.2972613538834e-23
"Sult2a5","GO:0046164","alcohol catabolic process",3.2972613538834e-23
"Sult2a3","GO:0046164","alcohol catabolic process",3.2972613538834e-23
"Nme2","GO:0009129","pyrimidine nucleoside monophosphate metabolic process",4.47111895510261e-23
"Umps","GO:0009129","pyrimidine nucleoside monophosphate metabolic process",4.47111895510261e-23
"Tymp","GO:0009129","pyrimidine nucleoside monophosphate metabolic process",4.47111895510261e-23
"Upp1","GO:0009129","pyrimidine nucleoside monophosphate metabolic process",4.47111895510261e-23
"Dpys","GO:0009129","pyrimidine nucleoside monophosphate metabolic process",4.47111895510261e-23
"Nme3","GO:0009129","pyrimidine nucleoside monophosphate metabolic process",4.47111895510261e-23
"Upb1","GO:0009129","pyrimidine nucleoside monophosphate metabolic process",4.47111895510261e-23
"Nme1","GO:0009129","pyrimidine nucleoside monophosphate metabolic process",4.47111895510261e-23
"Dpyd","GO:0009129","pyrimidine nucleoside monophosphate metabolic process",4.47111895510261e-23
"Cda","GO:0009129","pyrimidine nucleoside monophosphate metabolic process",4.47111895510261e-23
"Dut","GO:0009129","pyrimidine nucleoside monophosphate metabolic process",4.47111895510261e-23
"Uck2","GO:0009129","pyrimidine nucleoside monophosphate metabolic process",4.47111895510261e-23
"Uck1","GO:0009129","pyrimidine nucleoside monophosphate metabolic process",4.47111895510261e-23
"Uckl1","GO:0009129","pyrimidine nucleoside monophosphate metabolic process",4.47111895510261e-23
"Upp2","GO:0009129","pyrimidine nucleoside monophosphate metabolic process",4.47111895510261e-23
"Cyp1b1","GO:0009636","response to toxic substance",2.25438908132607e-22
"Gsto1","GO:0009636","response to toxic substance",2.25438908132607e-22
"Gstk1","GO:0009636","response to toxic substance",2.25438908132607e-22
"Cp","GO:0009636","response to toxic substance",2.25438908132607e-22
"Mpo","GO:0009636","response to toxic substance",2.25438908132607e-22
"Fech","GO:0009636","response to toxic substance",2.25438908132607e-22
"Gstm5","GO:0009636","response to toxic substance",2.25438908132607e-22
"Cyp1a1","GO:0009636","response to toxic substance",2.25438908132607e-22
"Aldh2","GO:0009636","response to toxic substance",2.25438908132607e-22
"Adh5","GO:0009636","response to toxic substance",2.25438908132607e-22
"Adh4","GO:0009636","response to toxic substance",2.25438908132607e-22
"Alas1","GO:0009636","response to toxic substance",2.25438908132607e-22
"Ephx1","GO:0009636","response to toxic substance",2.25438908132607e-22
"Cpox","GO:0009636","response to toxic substance",2.25438908132607e-22
"Gstm7","GO:0009636","response to toxic substance",2.25438908132607e-22
"Gsta3","GO:0009636","response to toxic substance",2.25438908132607e-22
"Ptgs2","GO:0009636","response to toxic substance",2.25438908132607e-22
"Ugt1a1","GO:0009636","response to toxic substance",2.25438908132607e-22
"Gstp1","GO:0009636","response to toxic substance",2.25438908132607e-22
"Mgst2","GO:0009636","response to toxic substance",2.25438908132607e-22
"Mgst3","GO:0009636","response to toxic substance",2.25438908132607e-22
"Cyp2f2","GO:0009636","response to toxic substance",2.25438908132607e-22
"Alad","GO:0009636","response to toxic substance",2.25438908132607e-22
"Gstt1","GO:0009636","response to toxic substance",2.25438908132607e-22
"Gsto2","GO:0009636","response to toxic substance",2.25438908132607e-22
"Gsta1","GO:0009636","response to toxic substance",2.25438908132607e-22
"Ces1d","GO:0009636","response to toxic substance",2.25438908132607e-22
"Akr1a1","GO:0009636","response to toxic substance",2.25438908132607e-22
"Cmpk1","GO:0009220","pyrimidine ribonucleotide biosynthetic process",2.77222188196118e-22
"Nme2","GO:0009220","pyrimidine ribonucleotide biosynthetic process",2.77222188196118e-22
"Umps","GO:0009220","pyrimidine ribonucleotide biosynthetic process",2.77222188196118e-22
"Upp1","GO:0009220","pyrimidine ribonucleotide biosynthetic process",2.77222188196118e-22
"Nme3","GO:0009220","pyrimidine ribonucleotide biosynthetic process",2.77222188196118e-22
"Nme7","GO:0009220","pyrimidine ribonucleotide biosynthetic process",2.77222188196118e-22
"Nme6","GO:0009220","pyrimidine ribonucleotide biosynthetic process",2.77222188196118e-22
"Nme1","GO:0009220","pyrimidine ribonucleotide biosynthetic process",2.77222188196118e-22
"Cda","GO:0009220","pyrimidine ribonucleotide biosynthetic process",2.77222188196118e-22
"Uck2","GO:0009220","pyrimidine ribonucleotide biosynthetic process",2.77222188196118e-22
"Uck1","GO:0009220","pyrimidine ribonucleotide biosynthetic process",2.77222188196118e-22
"Uckl1","GO:0009220","pyrimidine ribonucleotide biosynthetic process",2.77222188196118e-22
"Upp2","GO:0009220","pyrimidine ribonucleotide biosynthetic process",2.77222188196118e-22
"Nme4","GO:0009220","pyrimidine ribonucleotide biosynthetic process",2.77222188196118e-22
"Cmpk1","GO:0009262","deoxyribonucleotide metabolic process",7.30572777859477e-22
"Rrm1","GO:0009262","deoxyribonucleotide metabolic process",7.30572777859477e-22
"Nme2","GO:0009262","deoxyribonucleotide metabolic process",7.30572777859477e-22
"Tymp","GO:0009262","deoxyribonucleotide metabolic process",7.30572777859477e-22
"Upp1","GO:0009262","deoxyribonucleotide metabolic process",7.30572777859477e-22
"Dpys","GO:0009262","deoxyribonucleotide metabolic process",7.30572777859477e-22
"Nme3","GO:0009262","deoxyribonucleotide metabolic process",7.30572777859477e-22
"Upb1","GO:0009262","deoxyribonucleotide metabolic process",7.30572777859477e-22
"Rrm2","GO:0009262","deoxyribonucleotide metabolic process",7.30572777859477e-22
"Tk2","GO:0009262","deoxyribonucleotide metabolic process",7.30572777859477e-22
"Rrm2b","GO:0009262","deoxyribonucleotide metabolic process",7.30572777859477e-22
"Nme1","GO:0009262","deoxyribonucleotide metabolic process",7.30572777859477e-22
"Dpyd","GO:0009262","deoxyribonucleotide metabolic process",7.30572777859477e-22
"Cda","GO:0009262","deoxyribonucleotide metabolic process",7.30572777859477e-22
"Dut","GO:0009262","deoxyribonucleotide metabolic process",7.30572777859477e-22
"Xdh","GO:0009262","deoxyribonucleotide metabolic process",7.30572777859477e-22
"Upp2","GO:0009262","deoxyribonucleotide metabolic process",7.30572777859477e-22
"Nme2","GO:0009124","nucleoside monophosphate biosynthetic process",1.60204974619467e-21
"Umps","GO:0009124","nucleoside monophosphate biosynthetic process",1.60204974619467e-21
"Upp1","GO:0009124","nucleoside monophosphate biosynthetic process",1.60204974619467e-21
"Hprt1","GO:0009124","nucleoside monophosphate biosynthetic process",1.60204974619467e-21
"Nme3","GO:0009124","nucleoside monophosphate biosynthetic process",1.60204974619467e-21
"Tk1","GO:0009124","nucleoside monophosphate biosynthetic process",1.60204974619467e-21
"Tk2","GO:0009124","nucleoside monophosphate biosynthetic process",1.60204974619467e-21
"Impdh1","GO:0009124","nucleoside monophosphate biosynthetic process",1.60204974619467e-21
"Nme1","GO:0009124","nucleoside monophosphate biosynthetic process",1.60204974619467e-21
"Impdh2","GO:0009124","nucleoside monophosphate biosynthetic process",1.60204974619467e-21
"Cda","GO:0009124","nucleoside monophosphate biosynthetic process",1.60204974619467e-21
"Dut","GO:0009124","nucleoside monophosphate biosynthetic process",1.60204974619467e-21
"Uck2","GO:0009124","nucleoside monophosphate biosynthetic process",1.60204974619467e-21
"Uck1","GO:0009124","nucleoside monophosphate biosynthetic process",1.60204974619467e-21
"Uckl1","GO:0009124","nucleoside monophosphate biosynthetic process",1.60204974619467e-21
"Upp2","GO:0009124","nucleoside monophosphate biosynthetic process",1.60204974619467e-21
"Gmps","GO:0009124","nucleoside monophosphate biosynthetic process",1.60204974619467e-21
"Cmpk1","GO:0006221","pyrimidine nucleotide biosynthetic process",2.28689945926513e-21
"Nme2","GO:0006221","pyrimidine nucleotide biosynthetic process",2.28689945926513e-21
"Umps","GO:0006221","pyrimidine nucleotide biosynthetic process",2.28689945926513e-21
"Upp1","GO:0006221","pyrimidine nucleotide biosynthetic process",2.28689945926513e-21
"Nme3","GO:0006221","pyrimidine nucleotide biosynthetic process",2.28689945926513e-21
"Nme7","GO:0006221","pyrimidine nucleotide biosynthetic process",2.28689945926513e-21
"Nme6","GO:0006221","pyrimidine nucleotide biosynthetic process",2.28689945926513e-21
"Nme1","GO:0006221","pyrimidine nucleotide biosynthetic process",2.28689945926513e-21
"Cda","GO:0006221","pyrimidine nucleotide biosynthetic process",2.28689945926513e-21
"Dut","GO:0006221","pyrimidine nucleotide biosynthetic process",2.28689945926513e-21
"Uck2","GO:0006221","pyrimidine nucleotide biosynthetic process",2.28689945926513e-21
"Uck1","GO:0006221","pyrimidine nucleotide biosynthetic process",2.28689945926513e-21
"Uckl1","GO:0006221","pyrimidine nucleotide biosynthetic process",2.28689945926513e-21
"Upp2","GO:0006221","pyrimidine nucleotide biosynthetic process",2.28689945926513e-21
"Nme4","GO:0006221","pyrimidine nucleotide biosynthetic process",2.28689945926513e-21
"Cmpk1","GO:0072528","pyrimidine-containing compound biosynthetic process",3.95506563169082e-21
"Nme2","GO:0072528","pyrimidine-containing compound biosynthetic process",3.95506563169082e-21
"Umps","GO:0072528","pyrimidine-containing compound biosynthetic process",3.95506563169082e-21
"Upp1","GO:0072528","pyrimidine-containing compound biosynthetic process",3.95506563169082e-21
"Nme3","GO:0072528","pyrimidine-containing compound biosynthetic process",3.95506563169082e-21
"Nme7","GO:0072528","pyrimidine-containing compound biosynthetic process",3.95506563169082e-21
"Tk1","GO:0072528","pyrimidine-containing compound biosynthetic process",3.95506563169082e-21
"Nme6","GO:0072528","pyrimidine-containing compound biosynthetic process",3.95506563169082e-21
"Nme1","GO:0072528","pyrimidine-containing compound biosynthetic process",3.95506563169082e-21
"Cda","GO:0072528","pyrimidine-containing compound biosynthetic process",3.95506563169082e-21
"Dut","GO:0072528","pyrimidine-containing compound biosynthetic process",3.95506563169082e-21
"Uck2","GO:0072528","pyrimidine-containing compound biosynthetic process",3.95506563169082e-21
"Uck1","GO:0072528","pyrimidine-containing compound biosynthetic process",3.95506563169082e-21
"Uckl1","GO:0072528","pyrimidine-containing compound biosynthetic process",3.95506563169082e-21
"Upp2","GO:0072528","pyrimidine-containing compound biosynthetic process",3.95506563169082e-21
"Nme4","GO:0072528","pyrimidine-containing compound biosynthetic process",3.95506563169082e-21
"Cmpk1","GO:0009394","2'-deoxyribonucleotide metabolic process",2.13639450115052e-20
"Rrm1","GO:0009394","2'-deoxyribonucleotide metabolic process",2.13639450115052e-20
"Nme2","GO:0009394","2'-deoxyribonucleotide metabolic process",2.13639450115052e-20
"Tymp","GO:0009394","2'-deoxyribonucleotide metabolic process",2.13639450115052e-20
"Upp1","GO:0009394","2'-deoxyribonucleotide metabolic process",2.13639450115052e-20
"Dpys","GO:0009394","2'-deoxyribonucleotide metabolic process",2.13639450115052e-20
"Nme3","GO:0009394","2'-deoxyribonucleotide metabolic process",2.13639450115052e-20
"Upb1","GO:0009394","2'-deoxyribonucleotide metabolic process",2.13639450115052e-20
"Rrm2","GO:0009394","2'-deoxyribonucleotide metabolic process",2.13639450115052e-20
"Rrm2b","GO:0009394","2'-deoxyribonucleotide metabolic process",2.13639450115052e-20
"Nme1","GO:0009394","2'-deoxyribonucleotide metabolic process",2.13639450115052e-20
"Dpyd","GO:0009394","2'-deoxyribonucleotide metabolic process",2.13639450115052e-20
"Cda","GO:0009394","2'-deoxyribonucleotide metabolic process",2.13639450115052e-20
"Dut","GO:0009394","2'-deoxyribonucleotide metabolic process",2.13639450115052e-20
"Xdh","GO:0009394","2'-deoxyribonucleotide metabolic process",2.13639450115052e-20
"Upp2","GO:0009394","2'-deoxyribonucleotide metabolic process",2.13639450115052e-20
"Cox10","GO:0006784","heme A biosynthetic process",9.92484445376415e-20
"Fech","GO:0006784","heme A biosynthetic process",9.92484445376415e-20
"Cox15","GO:0006784","heme A biosynthetic process",9.92484445376415e-20
"Alas1","GO:0006784","heme A biosynthetic process",9.92484445376415e-20
"Cpox","GO:0006784","heme A biosynthetic process",9.92484445376415e-20
"Hmbs","GO:0006784","heme A biosynthetic process",9.92484445376415e-20
"Alad","GO:0006784","heme A biosynthetic process",9.92484445376415e-20
"Uros","GO:0006784","heme A biosynthetic process",9.92484445376415e-20
"Ppox","GO:0006784","heme A biosynthetic process",9.92484445376415e-20
"Urod","GO:0006784","heme A biosynthetic process",9.92484445376415e-20
"Cox10","GO:0046160","heme a metabolic process",9.92484445376415e-20
"Fech","GO:0046160","heme a metabolic process",9.92484445376415e-20
"Cox15","GO:0046160","heme a metabolic process",9.92484445376415e-20
"Alas1","GO:0046160","heme a metabolic process",9.92484445376415e-20
"Cpox","GO:0046160","heme a metabolic process",9.92484445376415e-20
"Hmbs","GO:0046160","heme a metabolic process",9.92484445376415e-20
"Alad","GO:0046160","heme a metabolic process",9.92484445376415e-20
"Uros","GO:0046160","heme a metabolic process",9.92484445376415e-20
"Ppox","GO:0046160","heme a metabolic process",9.92484445376415e-20
"Urod","GO:0046160","heme a metabolic process",9.92484445376415e-20
"Akr1c21","GO:0006692","prostanoid metabolic process",3.83570339014625e-19
"Akr1b1","GO:0006692","prostanoid metabolic process",3.83570339014625e-19
"Gstm1","GO:0006692","prostanoid metabolic process",3.83570339014625e-19
"Akr1b7","GO:0006692","prostanoid metabolic process",3.83570339014625e-19
"Ces2h","GO:0006692","prostanoid metabolic process",3.83570339014625e-19
"Ces2g","GO:0006692","prostanoid metabolic process",3.83570339014625e-19
"Gstp2","GO:0006692","prostanoid metabolic process",3.83570339014625e-19
"Gstp3","GO:0006692","prostanoid metabolic process",3.83570339014625e-19
"Hpgds","GO:0006692","prostanoid metabolic process",3.83570339014625e-19
"Ptgs2","GO:0006692","prostanoid metabolic process",3.83570339014625e-19
"Ces2c","GO:0006692","prostanoid metabolic process",3.83570339014625e-19
"Ces2b","GO:0006692","prostanoid metabolic process",3.83570339014625e-19
"Gstp1","GO:0006692","prostanoid metabolic process",3.83570339014625e-19
"Mgst3","GO:0006692","prostanoid metabolic process",3.83570339014625e-19
"Cyp2s1","GO:0006692","prostanoid metabolic process",3.83570339014625e-19
"Gsta1","GO:0006692","prostanoid metabolic process",3.83570339014625e-19
"Ces2e","GO:0006692","prostanoid metabolic process",3.83570339014625e-19
"Fxn","GO:0042440","pigment metabolic process",1.8432848082596e-18
"Cox10","GO:0042440","pigment metabolic process",1.8432848082596e-18
"Blvrb","GO:0042440","pigment metabolic process",1.8432848082596e-18
"Alas2","GO:0042440","pigment metabolic process",1.8432848082596e-18
"Hmox2","GO:0042440","pigment metabolic process",1.8432848082596e-18
"Fech","GO:0042440","pigment metabolic process",1.8432848082596e-18
"Cox15","GO:0042440","pigment metabolic process",1.8432848082596e-18
"Alas1","GO:0042440","pigment metabolic process",1.8432848082596e-18
"Hmox1","GO:0042440","pigment metabolic process",1.8432848082596e-18
"Cpox","GO:0042440","pigment metabolic process",1.8432848082596e-18
"Blvra","GO:0042440","pigment metabolic process",1.8432848082596e-18
"Hmbs","GO:0042440","pigment metabolic process",1.8432848082596e-18
"Ugt1a1","GO:0042440","pigment metabolic process",1.8432848082596e-18
"Alad","GO:0042440","pigment metabolic process",1.8432848082596e-18
"Uros","GO:0042440","pigment metabolic process",1.8432848082596e-18
"Ppox","GO:0042440","pigment metabolic process",1.8432848082596e-18
"Urod","GO:0042440","pigment metabolic process",1.8432848082596e-18
"Sult2a8","GO:0009259","ribonucleotide metabolic process",2.29542747868526e-18
"Cmpk1","GO:0009259","ribonucleotide metabolic process",2.29542747868526e-18
"Nme2","GO:0009259","ribonucleotide metabolic process",2.29542747868526e-18
"Umps","GO:0009259","ribonucleotide metabolic process",2.29542747868526e-18
"Upp1","GO:0009259","ribonucleotide metabolic process",2.29542747868526e-18
"Sult2a7","GO:0009259","ribonucleotide metabolic process",2.29542747868526e-18
"Hprt1","GO:0009259","ribonucleotide metabolic process",2.29542747868526e-18
"Dpys","GO:0009259","ribonucleotide metabolic process",2.29542747868526e-18
"Nme3","GO:0009259","ribonucleotide metabolic process",2.29542747868526e-18
"Nme7","GO:0009259","ribonucleotide metabolic process",2.29542747868526e-18
"Upb1","GO:0009259","ribonucleotide metabolic process",2.29542747868526e-18
"Nme6","GO:0009259","ribonucleotide metabolic process",2.29542747868526e-18
"Impdh1","GO:0009259","ribonucleotide metabolic process",2.29542747868526e-18
"Nme1","GO:0009259","ribonucleotide metabolic process",2.29542747868526e-18
"Sult2a6","GO:0009259","ribonucleotide metabolic process",2.29542747868526e-18
"Impdh2","GO:0009259","ribonucleotide metabolic process",2.29542747868526e-18
"Dpyd","GO:0009259","ribonucleotide metabolic process",2.29542747868526e-18
"Sult2a4","GO:0009259","ribonucleotide metabolic process",2.29542747868526e-18
"Cda","GO:0009259","ribonucleotide metabolic process",2.29542747868526e-18
"Uck2","GO:0009259","ribonucleotide metabolic process",2.29542747868526e-18
"Uck1","GO:0009259","ribonucleotide metabolic process",2.29542747868526e-18
"Uckl1","GO:0009259","ribonucleotide metabolic process",2.29542747868526e-18
"Itpa","GO:0009259","ribonucleotide metabolic process",2.29542747868526e-18
"Xdh","GO:0009259","ribonucleotide metabolic process",2.29542747868526e-18
"Sult2a1","GO:0009259","ribonucleotide metabolic process",2.29542747868526e-18
"Upp2","GO:0009259","ribonucleotide metabolic process",2.29542747868526e-18
"Nme4","GO:0009259","ribonucleotide metabolic process",2.29542747868526e-18
"Sult2a5","GO:0009259","ribonucleotide metabolic process",2.29542747868526e-18
"Sult2a3","GO:0009259","ribonucleotide metabolic process",2.29542747868526e-18
"Gmps","GO:0009259","ribonucleotide metabolic process",2.29542747868526e-18
"Sult2a8","GO:0019693","ribose phosphate metabolic process",4.1991971281185e-18
"Cmpk1","GO:0019693","ribose phosphate metabolic process",4.1991971281185e-18
"Nme2","GO:0019693","ribose phosphate metabolic process",4.1991971281185e-18
"Umps","GO:0019693","ribose phosphate metabolic process",4.1991971281185e-18
"Upp1","GO:0019693","ribose phosphate metabolic process",4.1991971281185e-18
"Sult2a7","GO:0019693","ribose phosphate metabolic process",4.1991971281185e-18
"Hprt1","GO:0019693","ribose phosphate metabolic process",4.1991971281185e-18
"Dpys","GO:0019693","ribose phosphate metabolic process",4.1991971281185e-18
"Nme3","GO:0019693","ribose phosphate metabolic process",4.1991971281185e-18
"Nme7","GO:0019693","ribose phosphate metabolic process",4.1991971281185e-18
"Upb1","GO:0019693","ribose phosphate metabolic process",4.1991971281185e-18
"Nme6","GO:0019693","ribose phosphate metabolic process",4.1991971281185e-18
"Impdh1","GO:0019693","ribose phosphate metabolic process",4.1991971281185e-18
"Nme1","GO:0019693","ribose phosphate metabolic process",4.1991971281185e-18
"Sult2a6","GO:0019693","ribose phosphate metabolic process",4.1991971281185e-18
"Impdh2","GO:0019693","ribose phosphate metabolic process",4.1991971281185e-18
"Dpyd","GO:0019693","ribose phosphate metabolic process",4.1991971281185e-18
"Sult2a4","GO:0019693","ribose phosphate metabolic process",4.1991971281185e-18
"Cda","GO:0019693","ribose phosphate metabolic process",4.1991971281185e-18
"Uck2","GO:0019693","ribose phosphate metabolic process",4.1991971281185e-18
"Uck1","GO:0019693","ribose phosphate metabolic process",4.1991971281185e-18
"Uckl1","GO:0019693","ribose phosphate metabolic process",4.1991971281185e-18
"Itpa","GO:0019693","ribose phosphate metabolic process",4.1991971281185e-18
"Xdh","GO:0019693","ribose phosphate metabolic process",4.1991971281185e-18
"Sult2a1","GO:0019693","ribose phosphate metabolic process",4.1991971281185e-18
"Upp2","GO:0019693","ribose phosphate metabolic process",4.1991971281185e-18
"Nme4","GO:0019693","ribose phosphate metabolic process",4.1991971281185e-18
"Sult2a5","GO:0019693","ribose phosphate metabolic process",4.1991971281185e-18
"Sult2a3","GO:0019693","ribose phosphate metabolic process",4.1991971281185e-18
"Gmps","GO:0019693","ribose phosphate metabolic process",4.1991971281185e-18
"Akr1c21","GO:0006693","prostaglandin metabolic process",1.21714551196261e-17
"Akr1b1","GO:0006693","prostaglandin metabolic process",1.21714551196261e-17
"Gstm1","GO:0006693","prostaglandin metabolic process",1.21714551196261e-17
"Akr1b7","GO:0006693","prostaglandin metabolic process",1.21714551196261e-17
"Ces2h","GO:0006693","prostaglandin metabolic process",1.21714551196261e-17
"Ces2g","GO:0006693","prostaglandin metabolic process",1.21714551196261e-17
"Gstp2","GO:0006693","prostaglandin metabolic process",1.21714551196261e-17
"Gstp3","GO:0006693","prostaglandin metabolic process",1.21714551196261e-17
"Hpgds","GO:0006693","prostaglandin metabolic process",1.21714551196261e-17
"Ptgs2","GO:0006693","prostaglandin metabolic process",1.21714551196261e-17
"Ces2c","GO:0006693","prostaglandin metabolic process",1.21714551196261e-17
"Ces2b","GO:0006693","prostaglandin metabolic process",1.21714551196261e-17
"Gstp1","GO:0006693","prostaglandin metabolic process",1.21714551196261e-17
"Cyp2s1","GO:0006693","prostaglandin metabolic process",1.21714551196261e-17
"Gsta1","GO:0006693","prostaglandin metabolic process",1.21714551196261e-17
"Ces2e","GO:0006693","prostaglandin metabolic process",1.21714551196261e-17
"Cmpk1","GO:0009219","pyrimidine deoxyribonucleotide metabolic process",1.2509708965312e-17
"Nme2","GO:0009219","pyrimidine deoxyribonucleotide metabolic process",1.2509708965312e-17
"Tymp","GO:0009219","pyrimidine deoxyribonucleotide metabolic process",1.2509708965312e-17
"Upp1","GO:0009219","pyrimidine deoxyribonucleotide metabolic process",1.2509708965312e-17
"Dpys","GO:0009219","pyrimidine deoxyribonucleotide metabolic process",1.2509708965312e-17
"Nme3","GO:0009219","pyrimidine deoxyribonucleotide metabolic process",1.2509708965312e-17
"Upb1","GO:0009219","pyrimidine deoxyribonucleotide metabolic process",1.2509708965312e-17
"Nme1","GO:0009219","pyrimidine deoxyribonucleotide metabolic process",1.2509708965312e-17
"Dpyd","GO:0009219","pyrimidine deoxyribonucleotide metabolic process",1.2509708965312e-17
"Cda","GO:0009219","pyrimidine deoxyribonucleotide metabolic process",1.2509708965312e-17
"Dut","GO:0009219","pyrimidine deoxyribonucleotide metabolic process",1.2509708965312e-17
"Upp2","GO:0009219","pyrimidine deoxyribonucleotide metabolic process",1.2509708965312e-17
"Nme2","GO:0009176","pyrimidine deoxyribonucleoside monophosphate metabolic process",4.70797357317066e-17
"Tymp","GO:0009176","pyrimidine deoxyribonucleoside monophosphate metabolic process",4.70797357317066e-17
"Upp1","GO:0009176","pyrimidine deoxyribonucleoside monophosphate metabolic process",4.70797357317066e-17
"Dpys","GO:0009176","pyrimidine deoxyribonucleoside monophosphate metabolic process",4.70797357317066e-17
"Nme3","GO:0009176","pyrimidine deoxyribonucleoside monophosphate metabolic process",4.70797357317066e-17
"Upb1","GO:0009176","pyrimidine deoxyribonucleoside monophosphate metabolic process",4.70797357317066e-17
"Nme1","GO:0009176","pyrimidine deoxyribonucleoside monophosphate metabolic process",4.70797357317066e-17
"Dpyd","GO:0009176","pyrimidine deoxyribonucleoside monophosphate metabolic process",4.70797357317066e-17
"Cda","GO:0009176","pyrimidine deoxyribonucleoside monophosphate metabolic process",4.70797357317066e-17
"Dut","GO:0009176","pyrimidine deoxyribonucleoside monophosphate metabolic process",4.70797357317066e-17
"Upp2","GO:0009176","pyrimidine deoxyribonucleoside monophosphate metabolic process",4.70797357317066e-17
"Fxn","GO:0006783","heme biosynthetic process",7.60983971723456e-17
"Cox10","GO:0006783","heme biosynthetic process",7.60983971723456e-17
"Alas2","GO:0006783","heme biosynthetic process",7.60983971723456e-17
"Fech","GO:0006783","heme biosynthetic process",7.60983971723456e-17
"Cox15","GO:0006783","heme biosynthetic process",7.60983971723456e-17
"Alas1","GO:0006783","heme biosynthetic process",7.60983971723456e-17
"Cpox","GO:0006783","heme biosynthetic process",7.60983971723456e-17
"Hmbs","GO:0006783","heme biosynthetic process",7.60983971723456e-17
"Alad","GO:0006783","heme biosynthetic process",7.60983971723456e-17
"Uros","GO:0006783","heme biosynthetic process",7.60983971723456e-17
"Ppox","GO:0006783","heme biosynthetic process",7.60983971723456e-17
"Urod","GO:0006783","heme biosynthetic process",7.60983971723456e-17
"Cyp2c67","GO:0030258","lipid modification",8.43838180996586e-17
"Cyp3a44","GO:0030258","lipid modification",8.43838180996586e-17
"Cp","GO:0030258","lipid modification",8.43838180996586e-17
"Fmo4","GO:0030258","lipid modification",8.43838180996586e-17
"Cyp3a41a","GO:0030258","lipid modification",8.43838180996586e-17
"Cyp1a1","GO:0030258","lipid modification",8.43838180996586e-17
"Adh5","GO:0030258","lipid modification",8.43838180996586e-17
"Adh7","GO:0030258","lipid modification",8.43838180996586e-17
"Cyp3a16","GO:0030258","lipid modification",8.43838180996586e-17
"Adh4","GO:0030258","lipid modification",8.43838180996586e-17
"Cyp2c54","GO:0030258","lipid modification",8.43838180996586e-17
"Cyp3a41b","GO:0030258","lipid modification",8.43838180996586e-17
"Cyp2c68","GO:0030258","lipid modification",8.43838180996586e-17
"Cyp2e1","GO:0030258","lipid modification",8.43838180996586e-17
"Cyp2c40","GO:0030258","lipid modification",8.43838180996586e-17
"Blvra","GO:0030258","lipid modification",8.43838180996586e-17
"Fmo2","GO:0030258","lipid modification",8.43838180996586e-17
"Fmo1","GO:0030258","lipid modification",8.43838180996586e-17
"Cyp2c66","GO:0030258","lipid modification",8.43838180996586e-17
"Cyp2c65","GO:0030258","lipid modification",8.43838180996586e-17
"Cyp2c69","GO:0030258","lipid modification",8.43838180996586e-17
"Cyp3a11","GO:0030258","lipid modification",8.43838180996586e-17
"Nme2","GO:0009130","pyrimidine nucleoside monophosphate biosynthetic process",9.87920976568646e-17
"Umps","GO:0009130","pyrimidine nucleoside monophosphate biosynthetic process",9.87920976568646e-17
"Upp1","GO:0009130","pyrimidine nucleoside monophosphate biosynthetic process",9.87920976568646e-17
"Nme3","GO:0009130","pyrimidine nucleoside monophosphate biosynthetic process",9.87920976568646e-17
"Nme1","GO:0009130","pyrimidine nucleoside monophosphate biosynthetic process",9.87920976568646e-17
"Cda","GO:0009130","pyrimidine nucleoside monophosphate biosynthetic process",9.87920976568646e-17
"Dut","GO:0009130","pyrimidine nucleoside monophosphate biosynthetic process",9.87920976568646e-17
"Uck2","GO:0009130","pyrimidine nucleoside monophosphate biosynthetic process",9.87920976568646e-17
"Uck1","GO:0009130","pyrimidine nucleoside monophosphate biosynthetic process",9.87920976568646e-17
"Uckl1","GO:0009130","pyrimidine nucleoside monophosphate biosynthetic process",9.87920976568646e-17
"Upp2","GO:0009130","pyrimidine nucleoside monophosphate biosynthetic process",9.87920976568646e-17
"Alas2","GO:0006785","heme B biosynthetic process",1.0525267247599e-16
"Fech","GO:0006785","heme B biosynthetic process",1.0525267247599e-16
"Alas1","GO:0006785","heme B biosynthetic process",1.0525267247599e-16
"Cpox","GO:0006785","heme B biosynthetic process",1.0525267247599e-16
"Hmbs","GO:0006785","heme B biosynthetic process",1.0525267247599e-16
"Alad","GO:0006785","heme B biosynthetic process",1.0525267247599e-16
"Uros","GO:0006785","heme B biosynthetic process",1.0525267247599e-16
"Ppox","GO:0006785","heme B biosynthetic process",1.0525267247599e-16
"Urod","GO:0006785","heme B biosynthetic process",1.0525267247599e-16
"Alas2","GO:0046492","heme B metabolic process",1.0525267247599e-16
"Fech","GO:0046492","heme B metabolic process",1.0525267247599e-16
"Alas1","GO:0046492","heme B metabolic process",1.0525267247599e-16
"Cpox","GO:0046492","heme B metabolic process",1.0525267247599e-16
"Hmbs","GO:0046492","heme B metabolic process",1.0525267247599e-16
"Alad","GO:0046492","heme B metabolic process",1.0525267247599e-16
"Uros","GO:0046492","heme B metabolic process",1.0525267247599e-16
"Ppox","GO:0046492","heme B metabolic process",1.0525267247599e-16
"Urod","GO:0046492","heme B metabolic process",1.0525267247599e-16
"Cmpk1","GO:1901293","nucleoside phosphate biosynthetic process",1.51805511423551e-16
"Rrm1","GO:1901293","nucleoside phosphate biosynthetic process",1.51805511423551e-16
"Nme2","GO:1901293","nucleoside phosphate biosynthetic process",1.51805511423551e-16
"Umps","GO:1901293","nucleoside phosphate biosynthetic process",1.51805511423551e-16
"Upp1","GO:1901293","nucleoside phosphate biosynthetic process",1.51805511423551e-16
"Hprt1","GO:1901293","nucleoside phosphate biosynthetic process",1.51805511423551e-16
"Nme3","GO:1901293","nucleoside phosphate biosynthetic process",1.51805511423551e-16
"Nme7","GO:1901293","nucleoside phosphate biosynthetic process",1.51805511423551e-16
"Rrm2","GO:1901293","nucleoside phosphate biosynthetic process",1.51805511423551e-16
"Tk1","GO:1901293","nucleoside phosphate biosynthetic process",1.51805511423551e-16
"Tk2","GO:1901293","nucleoside phosphate biosynthetic process",1.51805511423551e-16
"Nme6","GO:1901293","nucleoside phosphate biosynthetic process",1.51805511423551e-16
"Impdh1","GO:1901293","nucleoside phosphate biosynthetic process",1.51805511423551e-16
"Ugp2","GO:1901293","nucleoside phosphate biosynthetic process",1.51805511423551e-16
"Rrm2b","GO:1901293","nucleoside phosphate biosynthetic process",1.51805511423551e-16
"Nme1","GO:1901293","nucleoside phosphate biosynthetic process",1.51805511423551e-16
"Impdh2","GO:1901293","nucleoside phosphate biosynthetic process",1.51805511423551e-16
"Cda","GO:1901293","nucleoside phosphate biosynthetic process",1.51805511423551e-16
"Dut","GO:1901293","nucleoside phosphate biosynthetic process",1.51805511423551e-16
"Uck2","GO:1901293","nucleoside phosphate biosynthetic process",1.51805511423551e-16
"Uck1","GO:1901293","nucleoside phosphate biosynthetic process",1.51805511423551e-16
"Uckl1","GO:1901293","nucleoside phosphate biosynthetic process",1.51805511423551e-16
"Upp2","GO:1901293","nucleoside phosphate biosynthetic process",1.51805511423551e-16
"Nme4","GO:1901293","nucleoside phosphate biosynthetic process",1.51805511423551e-16
"Ugdh","GO:1901293","nucleoside phosphate biosynthetic process",1.51805511423551e-16
"Gmps","GO:1901293","nucleoside phosphate biosynthetic process",1.51805511423551e-16
"Umps","GO:0046049","UMP metabolic process",2.2594113894917e-16
"Upp1","GO:0046049","UMP metabolic process",2.2594113894917e-16
"Dpys","GO:0046049","UMP metabolic process",2.2594113894917e-16
"Upb1","GO:0046049","UMP metabolic process",2.2594113894917e-16
"Dpyd","GO:0046049","UMP metabolic process",2.2594113894917e-16
"Cda","GO:0046049","UMP metabolic process",2.2594113894917e-16
"Uck2","GO:0046049","UMP metabolic process",2.2594113894917e-16
"Uck1","GO:0046049","UMP metabolic process",2.2594113894917e-16
"Uckl1","GO:0046049","UMP metabolic process",2.2594113894917e-16
"Upp2","GO:0046049","UMP metabolic process",2.2594113894917e-16
"Upp1","GO:0046035","CMP metabolic process",5.48806308637842e-16
"Dpys","GO:0046035","CMP metabolic process",5.48806308637842e-16
"Upb1","GO:0046035","CMP metabolic process",5.48806308637842e-16
"Dpyd","GO:0046035","CMP metabolic process",5.48806308637842e-16
"Cda","GO:0046035","CMP metabolic process",5.48806308637842e-16
"Uck2","GO:0046035","CMP metabolic process",5.48806308637842e-16
"Uck1","GO:0046035","CMP metabolic process",5.48806308637842e-16
"Uckl1","GO:0046035","CMP metabolic process",5.48806308637842e-16
"Upp2","GO:0046035","CMP metabolic process",5.48806308637842e-16
"Umps","GO:0009173","pyrimidine ribonucleoside monophosphate metabolic process",5.74831815550383e-16
"Upp1","GO:0009173","pyrimidine ribonucleoside monophosphate metabolic process",5.74831815550383e-16
"Dpys","GO:0009173","pyrimidine ribonucleoside monophosphate metabolic process",5.74831815550383e-16
"Upb1","GO:0009173","pyrimidine ribonucleoside monophosphate metabolic process",5.74831815550383e-16
"Dpyd","GO:0009173","pyrimidine ribonucleoside monophosphate metabolic process",5.74831815550383e-16
"Cda","GO:0009173","pyrimidine ribonucleoside monophosphate metabolic process",5.74831815550383e-16
"Uck2","GO:0009173","pyrimidine ribonucleoside monophosphate metabolic process",5.74831815550383e-16
"Uck1","GO:0009173","pyrimidine ribonucleoside monophosphate metabolic process",5.74831815550383e-16
"Uckl1","GO:0009173","pyrimidine ribonucleoside monophosphate metabolic process",5.74831815550383e-16
"Upp2","GO:0009173","pyrimidine ribonucleoside monophosphate metabolic process",5.74831815550383e-16
"Cyp1b1","GO:0042572","retinol metabolic process",5.74831815550383e-16
"Akr1b1","GO:0042572","retinol metabolic process",5.74831815550383e-16
"Ces1e","GO:0042572","retinol metabolic process",5.74831815550383e-16
"Cyp1a1","GO:0042572","retinol metabolic process",5.74831815550383e-16
"Akr1b10","GO:0042572","retinol metabolic process",5.74831815550383e-16
"Adh7","GO:0042572","retinol metabolic process",5.74831815550383e-16
"Ces1f","GO:0042572","retinol metabolic process",5.74831815550383e-16
"Adh4","GO:0042572","retinol metabolic process",5.74831815550383e-16
"Cyp1a2","GO:0042572","retinol metabolic process",5.74831815550383e-16
"Ces2c","GO:0042572","retinol metabolic process",5.74831815550383e-16
"Akr1b8","GO:0042572","retinol metabolic process",5.74831815550383e-16
"Adh1","GO:0042572","retinol metabolic process",5.74831815550383e-16
"Ces1d","GO:0042572","retinol metabolic process",5.74831815550383e-16
"Ces2e","GO:0042572","retinol metabolic process",5.74831815550383e-16
"Fxn","GO:0006779","porphyrin-containing compound biosynthetic process",8.04782934276324e-16
"Cox10","GO:0006779","porphyrin-containing compound biosynthetic process",8.04782934276324e-16
"Alas2","GO:0006779","porphyrin-containing compound biosynthetic process",8.04782934276324e-16
"Fech","GO:0006779","porphyrin-containing compound biosynthetic process",8.04782934276324e-16
"Cox15","GO:0006779","porphyrin-containing compound biosynthetic process",8.04782934276324e-16
"Alas1","GO:0006779","porphyrin-containing compound biosynthetic process",8.04782934276324e-16
"Cpox","GO:0006779","porphyrin-containing compound biosynthetic process",8.04782934276324e-16
"Hmbs","GO:0006779","porphyrin-containing compound biosynthetic process",8.04782934276324e-16
"Alad","GO:0006779","porphyrin-containing compound biosynthetic process",8.04782934276324e-16
"Uros","GO:0006779","porphyrin-containing compound biosynthetic process",8.04782934276324e-16
"Ppox","GO:0006779","porphyrin-containing compound biosynthetic process",8.04782934276324e-16
"Urod","GO:0006779","porphyrin-containing compound biosynthetic process",8.04782934276324e-16
"Fxn","GO:0033014","tetrapyrrole biosynthetic process",8.04782934276324e-16
"Cox10","GO:0033014","tetrapyrrole biosynthetic process",8.04782934276324e-16
"Alas2","GO:0033014","tetrapyrrole biosynthetic process",8.04782934276324e-16
"Fech","GO:0033014","tetrapyrrole biosynthetic process",8.04782934276324e-16
"Cox15","GO:0033014","tetrapyrrole biosynthetic process",8.04782934276324e-16
"Alas1","GO:0033014","tetrapyrrole biosynthetic process",8.04782934276324e-16
"Cpox","GO:0033014","tetrapyrrole biosynthetic process",8.04782934276324e-16
"Hmbs","GO:0033014","tetrapyrrole biosynthetic process",8.04782934276324e-16
"Alad","GO:0033014","tetrapyrrole biosynthetic process",8.04782934276324e-16
"Uros","GO:0033014","tetrapyrrole biosynthetic process",8.04782934276324e-16
"Ppox","GO:0033014","tetrapyrrole biosynthetic process",8.04782934276324e-16
"Urod","GO:0033014","tetrapyrrole biosynthetic process",8.04782934276324e-16
"Alas2","GO:0046501","protoporphyrinogen IX metabolic process",2.02670918109605e-15
"Fech","GO:0046501","protoporphyrinogen IX metabolic process",2.02670918109605e-15
"Alas1","GO:0046501","protoporphyrinogen IX metabolic process",2.02670918109605e-15
"Cpox","GO:0046501","protoporphyrinogen IX metabolic process",2.02670918109605e-15
"Hmbs","GO:0046501","protoporphyrinogen IX metabolic process",2.02670918109605e-15
"Alad","GO:0046501","protoporphyrinogen IX metabolic process",2.02670918109605e-15
"Uros","GO:0046501","protoporphyrinogen IX metabolic process",2.02670918109605e-15
"Ppox","GO:0046501","protoporphyrinogen IX metabolic process",2.02670918109605e-15
"Urod","GO:0046501","protoporphyrinogen IX metabolic process",2.02670918109605e-15
"Cmpk1","GO:0009165","nucleotide biosynthetic process",3.48778610277702e-15
"Rrm1","GO:0009165","nucleotide biosynthetic process",3.48778610277702e-15
"Nme2","GO:0009165","nucleotide biosynthetic process",3.48778610277702e-15
"Umps","GO:0009165","nucleotide biosynthetic process",3.48778610277702e-15
"Upp1","GO:0009165","nucleotide biosynthetic process",3.48778610277702e-15
"Hprt1","GO:0009165","nucleotide biosynthetic process",3.48778610277702e-15
"Nme3","GO:0009165","nucleotide biosynthetic process",3.48778610277702e-15
"Nme7","GO:0009165","nucleotide biosynthetic process",3.48778610277702e-15
"Rrm2","GO:0009165","nucleotide biosynthetic process",3.48778610277702e-15
"Nme6","GO:0009165","nucleotide biosynthetic process",3.48778610277702e-15
"Impdh1","GO:0009165","nucleotide biosynthetic process",3.48778610277702e-15
"Rrm2b","GO:0009165","nucleotide biosynthetic process",3.48778610277702e-15
"Nme1","GO:0009165","nucleotide biosynthetic process",3.48778610277702e-15
"Impdh2","GO:0009165","nucleotide biosynthetic process",3.48778610277702e-15
"Cda","GO:0009165","nucleotide biosynthetic process",3.48778610277702e-15
"Dut","GO:0009165","nucleotide biosynthetic process",3.48778610277702e-15
"Uck2","GO:0009165","nucleotide biosynthetic process",3.48778610277702e-15
"Uck1","GO:0009165","nucleotide biosynthetic process",3.48778610277702e-15
"Uckl1","GO:0009165","nucleotide biosynthetic process",3.48778610277702e-15
"Upp2","GO:0009165","nucleotide biosynthetic process",3.48778610277702e-15
"Nme4","GO:0009165","nucleotide biosynthetic process",3.48778610277702e-15
"Gmps","GO:0009165","nucleotide biosynthetic process",3.48778610277702e-15
"Cyp1b1","GO:0006081","aldehyde metabolic process",1.78183587092139e-14
"Aldh3a2","GO:0006081","aldehyde metabolic process",1.78183587092139e-14
"Aldh9a1","GO:0006081","aldehyde metabolic process",1.78183587092139e-14
"Aldh3b1","GO:0006081","aldehyde metabolic process",1.78183587092139e-14
"Aldh3b2","GO:0006081","aldehyde metabolic process",1.78183587092139e-14
"Rpe","GO:0006081","aldehyde metabolic process",1.78183587092139e-14
"Aldh2","GO:0006081","aldehyde metabolic process",1.78183587092139e-14
"Akr1b10","GO:0006081","aldehyde metabolic process",1.78183587092139e-14
"Aldh3b3","GO:0006081","aldehyde metabolic process",1.78183587092139e-14
"Adh5","GO:0006081","aldehyde metabolic process",1.78183587092139e-14
"Adh4","GO:0006081","aldehyde metabolic process",1.78183587092139e-14
"Aldh3a1","GO:0006081","aldehyde metabolic process",1.78183587092139e-14
"Aldh1b1","GO:0006081","aldehyde metabolic process",1.78183587092139e-14
"Akr1b8","GO:0006081","aldehyde metabolic process",1.78183587092139e-14
"Akr1a1","GO:0006081","aldehyde metabolic process",1.78183587092139e-14
"Cyp1b1","GO:0097237","cellular response to toxic substance",2.43732481956086e-14
"Gsto1","GO:0097237","cellular response to toxic substance",2.43732481956086e-14
"Gstk1","GO:0097237","cellular response to toxic substance",2.43732481956086e-14
"Cp","GO:0097237","cellular response to toxic substance",2.43732481956086e-14
"Mpo","GO:0097237","cellular response to toxic substance",2.43732481956086e-14
"Gstm5","GO:0097237","cellular response to toxic substance",2.43732481956086e-14
"Aldh2","GO:0097237","cellular response to toxic substance",2.43732481956086e-14
"Adh5","GO:0097237","cellular response to toxic substance",2.43732481956086e-14
"Adh4","GO:0097237","cellular response to toxic substance",2.43732481956086e-14
"Gstm7","GO:0097237","cellular response to toxic substance",2.43732481956086e-14
"Ptgs2","GO:0097237","cellular response to toxic substance",2.43732481956086e-14
"Mgst2","GO:0097237","cellular response to toxic substance",2.43732481956086e-14
"Mgst3","GO:0097237","cellular response to toxic substance",2.43732481956086e-14
"Gstt1","GO:0097237","cellular response to toxic substance",2.43732481956086e-14
"Gsto2","GO:0097237","cellular response to toxic substance",2.43732481956086e-14
"Gsta1","GO:0097237","cellular response to toxic substance",2.43732481956086e-14
"Akr1a1","GO:0097237","cellular response to toxic substance",2.43732481956086e-14
"Gsto1","GO:0098754","detoxification",4.65549339395986e-14
"Gstk1","GO:0098754","detoxification",4.65549339395986e-14
"Cp","GO:0098754","detoxification",4.65549339395986e-14
"Mpo","GO:0098754","detoxification",4.65549339395986e-14
"Gstm5","GO:0098754","detoxification",4.65549339395986e-14
"Aldh2","GO:0098754","detoxification",4.65549339395986e-14
"Adh5","GO:0098754","detoxification",4.65549339395986e-14
"Adh4","GO:0098754","detoxification",4.65549339395986e-14
"Gstm7","GO:0098754","detoxification",4.65549339395986e-14
"Gsta3","GO:0098754","detoxification",4.65549339395986e-14
"Ptgs2","GO:0098754","detoxification",4.65549339395986e-14
"Mgst2","GO:0098754","detoxification",4.65549339395986e-14
"Mgst3","GO:0098754","detoxification",4.65549339395986e-14
"Gstt1","GO:0098754","detoxification",4.65549339395986e-14
"Gsto2","GO:0098754","detoxification",4.65549339395986e-14
"Gsta1","GO:0098754","detoxification",4.65549339395986e-14
"Akr1a1","GO:0098754","detoxification",4.65549339395986e-14
"Gsto1","GO:1990748","cellular detoxification",5.564660467305e-14
"Gstk1","GO:1990748","cellular detoxification",5.564660467305e-14
"Cp","GO:1990748","cellular detoxification",5.564660467305e-14
"Mpo","GO:1990748","cellular detoxification",5.564660467305e-14
"Gstm5","GO:1990748","cellular detoxification",5.564660467305e-14
"Aldh2","GO:1990748","cellular detoxification",5.564660467305e-14
"Adh5","GO:1990748","cellular detoxification",5.564660467305e-14
"Adh4","GO:1990748","cellular detoxification",5.564660467305e-14
"Gstm7","GO:1990748","cellular detoxification",5.564660467305e-14
"Ptgs2","GO:1990748","cellular detoxification",5.564660467305e-14
"Mgst2","GO:1990748","cellular detoxification",5.564660467305e-14
"Mgst3","GO:1990748","cellular detoxification",5.564660467305e-14
"Gstt1","GO:1990748","cellular detoxification",5.564660467305e-14
"Gsto2","GO:1990748","cellular detoxification",5.564660467305e-14
"Gsta1","GO:1990748","cellular detoxification",5.564660467305e-14
"Akr1a1","GO:1990748","cellular detoxification",5.564660467305e-14
"Nme2","GO:0046073","dTMP metabolic process",9.45519462747265e-14
"Tymp","GO:0046073","dTMP metabolic process",9.45519462747265e-14
"Upp1","GO:0046073","dTMP metabolic process",9.45519462747265e-14
"Dpys","GO:0046073","dTMP metabolic process",9.45519462747265e-14
"Nme3","GO:0046073","dTMP metabolic process",9.45519462747265e-14
"Upb1","GO:0046073","dTMP metabolic process",9.45519462747265e-14
"Nme1","GO:0046073","dTMP metabolic process",9.45519462747265e-14
"Dpyd","GO:0046073","dTMP metabolic process",9.45519462747265e-14
"Dut","GO:0046073","dTMP metabolic process",9.45519462747265e-14
"Upp1","GO:0043173","nucleotide salvage",1.19482923334986e-13
"Hprt1","GO:0043173","nucleotide salvage",1.19482923334986e-13
"Nme6","GO:0043173","nucleotide salvage",1.19482923334986e-13
"Impdh1","GO:0043173","nucleotide salvage",1.19482923334986e-13
"Impdh2","GO:0043173","nucleotide salvage",1.19482923334986e-13
"Cda","GO:0043173","nucleotide salvage",1.19482923334986e-13
"Uck2","GO:0043173","nucleotide salvage",1.19482923334986e-13
"Uck1","GO:0043173","nucleotide salvage",1.19482923334986e-13
"Uckl1","GO:0043173","nucleotide salvage",1.19482923334986e-13
"Upp2","GO:0043173","nucleotide salvage",1.19482923334986e-13
"Gmps","GO:0043173","nucleotide salvage",1.19482923334986e-13
"Nme2","GO:0006183","GTP biosynthetic process",1.79307424955904e-13
"Nme3","GO:0006183","GTP biosynthetic process",1.79307424955904e-13
"Nme7","GO:0006183","GTP biosynthetic process",1.79307424955904e-13
"Nme6","GO:0006183","GTP biosynthetic process",1.79307424955904e-13
"Impdh1","GO:0006183","GTP biosynthetic process",1.79307424955904e-13
"Nme1","GO:0006183","GTP biosynthetic process",1.79307424955904e-13
"Impdh2","GO:0006183","GTP biosynthetic process",1.79307424955904e-13
"Nme4","GO:0006183","GTP biosynthetic process",1.79307424955904e-13
"Umps","GO:0009156","ribonucleoside monophosphate biosynthetic process",4.7664034185487e-13
"Upp1","GO:0009156","ribonucleoside monophosphate biosynthetic process",4.7664034185487e-13
"Hprt1","GO:0009156","ribonucleoside monophosphate biosynthetic process",4.7664034185487e-13
"Impdh1","GO:0009156","ribonucleoside monophosphate biosynthetic process",4.7664034185487e-13
"Impdh2","GO:0009156","ribonucleoside monophosphate biosynthetic process",4.7664034185487e-13
"Cda","GO:0009156","ribonucleoside monophosphate biosynthetic process",4.7664034185487e-13
"Uck2","GO:0009156","ribonucleoside monophosphate biosynthetic process",4.7664034185487e-13
"Uck1","GO:0009156","ribonucleoside monophosphate biosynthetic process",4.7664034185487e-13
"Uckl1","GO:0009156","ribonucleoside monophosphate biosynthetic process",4.7664034185487e-13
"Upp2","GO:0009156","ribonucleoside monophosphate biosynthetic process",4.7664034185487e-13
"Gmps","GO:0009156","ribonucleoside monophosphate biosynthetic process",4.7664034185487e-13
"Nme2","GO:0006241","CTP biosynthetic process",5.14732524522361e-13
"Nme3","GO:0006241","CTP biosynthetic process",5.14732524522361e-13
"Nme7","GO:0006241","CTP biosynthetic process",5.14732524522361e-13
"Nme6","GO:0006241","CTP biosynthetic process",5.14732524522361e-13
"Nme1","GO:0006241","CTP biosynthetic process",5.14732524522361e-13
"Uck2","GO:0006241","CTP biosynthetic process",5.14732524522361e-13
"Uck1","GO:0006241","CTP biosynthetic process",5.14732524522361e-13
"Nme4","GO:0006241","CTP biosynthetic process",5.14732524522361e-13
"Tymp","GO:0009223","pyrimidine deoxyribonucleotide catabolic process",5.14732524522361e-13
"Upp1","GO:0009223","pyrimidine deoxyribonucleotide catabolic process",5.14732524522361e-13
"Dpys","GO:0009223","pyrimidine deoxyribonucleotide catabolic process",5.14732524522361e-13
"Upb1","GO:0009223","pyrimidine deoxyribonucleotide catabolic process",5.14732524522361e-13
"Dpyd","GO:0009223","pyrimidine deoxyribonucleotide catabolic process",5.14732524522361e-13
"Cda","GO:0009223","pyrimidine deoxyribonucleotide catabolic process",5.14732524522361e-13
"Dut","GO:0009223","pyrimidine deoxyribonucleotide catabolic process",5.14732524522361e-13
"Upp2","GO:0009223","pyrimidine deoxyribonucleotide catabolic process",5.14732524522361e-13
"Cmpk1","GO:0009260","ribonucleotide biosynthetic process",8.23869750007679e-13
"Nme2","GO:0009260","ribonucleotide biosynthetic process",8.23869750007679e-13
"Umps","GO:0009260","ribonucleotide biosynthetic process",8.23869750007679e-13
"Upp1","GO:0009260","ribonucleotide biosynthetic process",8.23869750007679e-13
"Hprt1","GO:0009260","ribonucleotide biosynthetic process",8.23869750007679e-13
"Nme3","GO:0009260","ribonucleotide biosynthetic process",8.23869750007679e-13
"Nme7","GO:0009260","ribonucleotide biosynthetic process",8.23869750007679e-13
"Nme6","GO:0009260","ribonucleotide biosynthetic process",8.23869750007679e-13
"Impdh1","GO:0009260","ribonucleotide biosynthetic process",8.23869750007679e-13
"Nme1","GO:0009260","ribonucleotide biosynthetic process",8.23869750007679e-13
"Impdh2","GO:0009260","ribonucleotide biosynthetic process",8.23869750007679e-13
"Cda","GO:0009260","ribonucleotide biosynthetic process",8.23869750007679e-13
"Uck2","GO:0009260","ribonucleotide biosynthetic process",8.23869750007679e-13
"Uck1","GO:0009260","ribonucleotide biosynthetic process",8.23869750007679e-13
"Uckl1","GO:0009260","ribonucleotide biosynthetic process",8.23869750007679e-13
"Upp2","GO:0009260","ribonucleotide biosynthetic process",8.23869750007679e-13
"Nme4","GO:0009260","ribonucleotide biosynthetic process",8.23869750007679e-13
"Gmps","GO:0009260","ribonucleotide biosynthetic process",8.23869750007679e-13
"Fxn","GO:0046148","pigment biosynthetic process",8.75046661430286e-13
"Cox10","GO:0046148","pigment biosynthetic process",8.75046661430286e-13
"Alas2","GO:0046148","pigment biosynthetic process",8.75046661430286e-13
"Fech","GO:0046148","pigment biosynthetic process",8.75046661430286e-13
"Cox15","GO:0046148","pigment biosynthetic process",8.75046661430286e-13
"Alas1","GO:0046148","pigment biosynthetic process",8.75046661430286e-13
"Cpox","GO:0046148","pigment biosynthetic process",8.75046661430286e-13
"Hmbs","GO:0046148","pigment biosynthetic process",8.75046661430286e-13
"Alad","GO:0046148","pigment biosynthetic process",8.75046661430286e-13
"Uros","GO:0046148","pigment biosynthetic process",8.75046661430286e-13
"Ppox","GO:0046148","pigment biosynthetic process",8.75046661430286e-13
"Urod","GO:0046148","pigment biosynthetic process",8.75046661430286e-13
"Nme2","GO:0009209","pyrimidine ribonucleoside triphosphate biosynthetic process",1.28232727322042e-12
"Nme3","GO:0009209","pyrimidine ribonucleoside triphosphate biosynthetic process",1.28232727322042e-12
"Nme7","GO:0009209","pyrimidine ribonucleoside triphosphate biosynthetic process",1.28232727322042e-12
"Nme6","GO:0009209","pyrimidine ribonucleoside triphosphate biosynthetic process",1.28232727322042e-12
"Nme1","GO:0009209","pyrimidine ribonucleoside triphosphate biosynthetic process",1.28232727322042e-12
"Uck2","GO:0009209","pyrimidine ribonucleoside triphosphate biosynthetic process",1.28232727322042e-12
"Uck1","GO:0009209","pyrimidine ribonucleoside triphosphate biosynthetic process",1.28232727322042e-12
"Nme4","GO:0009209","pyrimidine ribonucleoside triphosphate biosynthetic process",1.28232727322042e-12
"Cmpk1","GO:0046390","ribose phosphate biosynthetic process",1.66486790671625e-12
"Nme2","GO:0046390","ribose phosphate biosynthetic process",1.66486790671625e-12
"Umps","GO:0046390","ribose phosphate biosynthetic process",1.66486790671625e-12
"Upp1","GO:0046390","ribose phosphate biosynthetic process",1.66486790671625e-12
"Hprt1","GO:0046390","ribose phosphate biosynthetic process",1.66486790671625e-12
"Nme3","GO:0046390","ribose phosphate biosynthetic process",1.66486790671625e-12
"Nme7","GO:0046390","ribose phosphate biosynthetic process",1.66486790671625e-12
"Nme6","GO:0046390","ribose phosphate biosynthetic process",1.66486790671625e-12
"Impdh1","GO:0046390","ribose phosphate biosynthetic process",1.66486790671625e-12
"Nme1","GO:0046390","ribose phosphate biosynthetic process",1.66486790671625e-12
"Impdh2","GO:0046390","ribose phosphate biosynthetic process",1.66486790671625e-12
"Cda","GO:0046390","ribose phosphate biosynthetic process",1.66486790671625e-12
"Uck2","GO:0046390","ribose phosphate biosynthetic process",1.66486790671625e-12
"Uck1","GO:0046390","ribose phosphate biosynthetic process",1.66486790671625e-12
"Uckl1","GO:0046390","ribose phosphate biosynthetic process",1.66486790671625e-12
"Upp2","GO:0046390","ribose phosphate biosynthetic process",1.66486790671625e-12
"Nme4","GO:0046390","ribose phosphate biosynthetic process",1.66486790671625e-12
"Gmps","GO:0046390","ribose phosphate biosynthetic process",1.66486790671625e-12
"Nme2","GO:0046036","CTP metabolic process",2.90351772294852e-12
"Nme3","GO:0046036","CTP metabolic process",2.90351772294852e-12
"Nme7","GO:0046036","CTP metabolic process",2.90351772294852e-12
"Nme6","GO:0046036","CTP metabolic process",2.90351772294852e-12
"Nme1","GO:0046036","CTP metabolic process",2.90351772294852e-12
"Uck2","GO:0046036","CTP metabolic process",2.90351772294852e-12
"Uck1","GO:0046036","CTP metabolic process",2.90351772294852e-12
"Nme4","GO:0046036","CTP metabolic process",2.90351772294852e-12
"Nme2","GO:0009147","pyrimidine nucleoside triphosphate metabolic process",3.45255773583658e-12
"Nme3","GO:0009147","pyrimidine nucleoside triphosphate metabolic process",3.45255773583658e-12
"Nme7","GO:0009147","pyrimidine nucleoside triphosphate metabolic process",3.45255773583658e-12
"Nme6","GO:0009147","pyrimidine nucleoside triphosphate metabolic process",3.45255773583658e-12
"Nme1","GO:0009147","pyrimidine nucleoside triphosphate metabolic process",3.45255773583658e-12
"Dut","GO:0009147","pyrimidine nucleoside triphosphate metabolic process",3.45255773583658e-12
"Uck2","GO:0009147","pyrimidine nucleoside triphosphate metabolic process",3.45255773583658e-12
"Uck1","GO:0009147","pyrimidine nucleoside triphosphate metabolic process",3.45255773583658e-12
"Nme4","GO:0009147","pyrimidine nucleoside triphosphate metabolic process",3.45255773583658e-12
"Tymp","GO:0006244","pyrimidine nucleotide catabolic process",6.04082480441936e-12
"Upp1","GO:0006244","pyrimidine nucleotide catabolic process",6.04082480441936e-12
"Dpys","GO:0006244","pyrimidine nucleotide catabolic process",6.04082480441936e-12
"Upb1","GO:0006244","pyrimidine nucleotide catabolic process",6.04082480441936e-12
"Dpyd","GO:0006244","pyrimidine nucleotide catabolic process",6.04082480441936e-12
"Cda","GO:0006244","pyrimidine nucleotide catabolic process",6.04082480441936e-12
"Dut","GO:0006244","pyrimidine nucleotide catabolic process",6.04082480441936e-12
"Upp2","GO:0006244","pyrimidine nucleotide catabolic process",6.04082480441936e-12
"Cyp2c67","GO:0046456","icosanoid biosynthetic process",8.88808897484339e-12
"Cyp2c54","GO:0046456","icosanoid biosynthetic process",8.88808897484339e-12
"Cyp2c68","GO:0046456","icosanoid biosynthetic process",8.88808897484339e-12
"Cyp2c23","GO:0046456","icosanoid biosynthetic process",8.88808897484339e-12
"Cyp2c40","GO:0046456","icosanoid biosynthetic process",8.88808897484339e-12
"Hpgds","GO:0046456","icosanoid biosynthetic process",8.88808897484339e-12
"Ptgs2","GO:0046456","icosanoid biosynthetic process",8.88808897484339e-12
"Cyp2c66","GO:0046456","icosanoid biosynthetic process",8.88808897484339e-12
"Mgst2","GO:0046456","icosanoid biosynthetic process",8.88808897484339e-12
"Cyp2c65","GO:0046456","icosanoid biosynthetic process",8.88808897484339e-12
"Mgst3","GO:0046456","icosanoid biosynthetic process",8.88808897484339e-12
"Cyp2c69","GO:0046456","icosanoid biosynthetic process",8.88808897484339e-12
"Nme2","GO:0009208","pyrimidine ribonucleoside triphosphate metabolic process",1.17361133552032e-11
"Nme3","GO:0009208","pyrimidine ribonucleoside triphosphate metabolic process",1.17361133552032e-11
"Nme7","GO:0009208","pyrimidine ribonucleoside triphosphate metabolic process",1.17361133552032e-11
"Nme6","GO:0009208","pyrimidine ribonucleoside triphosphate metabolic process",1.17361133552032e-11
"Nme1","GO:0009208","pyrimidine ribonucleoside triphosphate metabolic process",1.17361133552032e-11
"Uck2","GO:0009208","pyrimidine ribonucleoside triphosphate metabolic process",1.17361133552032e-11
"Uck1","GO:0009208","pyrimidine ribonucleoside triphosphate metabolic process",1.17361133552032e-11
"Nme4","GO:0009208","pyrimidine ribonucleoside triphosphate metabolic process",1.17361133552032e-11
"Umps","GO:0006222","UMP biosynthetic process",1.43134702180467e-11
"Upp1","GO:0006222","UMP biosynthetic process",1.43134702180467e-11
"Cda","GO:0006222","UMP biosynthetic process",1.43134702180467e-11
"Uck2","GO:0006222","UMP biosynthetic process",1.43134702180467e-11
"Uck1","GO:0006222","UMP biosynthetic process",1.43134702180467e-11
"Uckl1","GO:0006222","UMP biosynthetic process",1.43134702180467e-11
"Upp2","GO:0006222","UMP biosynthetic process",1.43134702180467e-11
"Tymp","GO:0009131","pyrimidine nucleoside monophosphate catabolic process",1.43134702180467e-11
"Upp1","GO:0009131","pyrimidine nucleoside monophosphate catabolic process",1.43134702180467e-11
"Dpys","GO:0009131","pyrimidine nucleoside monophosphate catabolic process",1.43134702180467e-11
"Upb1","GO:0009131","pyrimidine nucleoside monophosphate catabolic process",1.43134702180467e-11
"Dpyd","GO:0009131","pyrimidine nucleoside monophosphate catabolic process",1.43134702180467e-11
"Cda","GO:0009131","pyrimidine nucleoside monophosphate catabolic process",1.43134702180467e-11
"Upp2","GO:0009131","pyrimidine nucleoside monophosphate catabolic process",1.43134702180467e-11
"Tymp","GO:0009178","pyrimidine deoxyribonucleoside monophosphate catabolic process",1.43134702180467e-11
"Upp1","GO:0009178","pyrimidine deoxyribonucleoside monophosphate catabolic process",1.43134702180467e-11
"Dpys","GO:0009178","pyrimidine deoxyribonucleoside monophosphate catabolic process",1.43134702180467e-11
"Upb1","GO:0009178","pyrimidine deoxyribonucleoside monophosphate catabolic process",1.43134702180467e-11
"Dpyd","GO:0009178","pyrimidine deoxyribonucleoside monophosphate catabolic process",1.43134702180467e-11
"Cda","GO:0009178","pyrimidine deoxyribonucleoside monophosphate catabolic process",1.43134702180467e-11
"Upp2","GO:0009178","pyrimidine deoxyribonucleoside monophosphate catabolic process",1.43134702180467e-11
"Sult2a8","GO:0018958","phenol-containing compound metabolic process",1.84923628843659e-11
"Maob","GO:0018958","phenol-containing compound metabolic process",1.84923628843659e-11
"Sult2a7","GO:0018958","phenol-containing compound metabolic process",1.84923628843659e-11
"Hprt1","GO:0018958","phenol-containing compound metabolic process",1.84923628843659e-11
"Cyp1a1","GO:0018958","phenol-containing compound metabolic process",1.84923628843659e-11
"Aldh2","GO:0018958","phenol-containing compound metabolic process",1.84923628843659e-11
"Kl","GO:0018958","phenol-containing compound metabolic process",1.84923628843659e-11
"Cyp2e1","GO:0018958","phenol-containing compound metabolic process",1.84923628843659e-11
"Maoa","GO:0018958","phenol-containing compound metabolic process",1.84923628843659e-11
"Sult2a6","GO:0018958","phenol-containing compound metabolic process",1.84923628843659e-11
"Sult2a4","GO:0018958","phenol-containing compound metabolic process",1.84923628843659e-11
"Sult2a1","GO:0018958","phenol-containing compound metabolic process",1.84923628843659e-11
"Sult2a5","GO:0018958","phenol-containing compound metabolic process",1.84923628843659e-11
"Sult2a3","GO:0018958","phenol-containing compound metabolic process",1.84923628843659e-11
"Sult1a1","GO:0018958","phenol-containing compound metabolic process",1.84923628843659e-11
"Nme2","GO:0009148","pyrimidine nucleoside triphosphate biosynthetic process",2.06561777312971e-11
"Nme3","GO:0009148","pyrimidine nucleoside triphosphate biosynthetic process",2.06561777312971e-11
"Nme7","GO:0009148","pyrimidine nucleoside triphosphate biosynthetic process",2.06561777312971e-11
"Nme6","GO:0009148","pyrimidine nucleoside triphosphate biosynthetic process",2.06561777312971e-11
"Nme1","GO:0009148","pyrimidine nucleoside triphosphate biosynthetic process",2.06561777312971e-11
"Uck2","GO:0009148","pyrimidine nucleoside triphosphate biosynthetic process",2.06561777312971e-11
"Uck1","GO:0009148","pyrimidine nucleoside triphosphate biosynthetic process",2.06561777312971e-11
"Nme4","GO:0009148","pyrimidine nucleoside triphosphate biosynthetic process",2.06561777312971e-11
"Tymp","GO:0072529","pyrimidine-containing compound catabolic process",2.06561777312971e-11
"Upp1","GO:0072529","pyrimidine-containing compound catabolic process",2.06561777312971e-11
"Dpys","GO:0072529","pyrimidine-containing compound catabolic process",2.06561777312971e-11
"Upb1","GO:0072529","pyrimidine-containing compound catabolic process",2.06561777312971e-11
"Dpyd","GO:0072529","pyrimidine-containing compound catabolic process",2.06561777312971e-11
"Cda","GO:0072529","pyrimidine-containing compound catabolic process",2.06561777312971e-11
"Dut","GO:0072529","pyrimidine-containing compound catabolic process",2.06561777312971e-11
"Upp2","GO:0072529","pyrimidine-containing compound catabolic process",2.06561777312971e-11
"Upp1","GO:0043094","metabolic compound salvage",2.22237460188364e-11
"Hprt1","GO:0043094","metabolic compound salvage",2.22237460188364e-11
"Nme6","GO:0043094","metabolic compound salvage",2.22237460188364e-11
"Impdh1","GO:0043094","metabolic compound salvage",2.22237460188364e-11
"Impdh2","GO:0043094","metabolic compound salvage",2.22237460188364e-11
"Cda","GO:0043094","metabolic compound salvage",2.22237460188364e-11
"Uck2","GO:0043094","metabolic compound salvage",2.22237460188364e-11
"Uck1","GO:0043094","metabolic compound salvage",2.22237460188364e-11
"Uckl1","GO:0043094","metabolic compound salvage",2.22237460188364e-11
"Upp2","GO:0043094","metabolic compound salvage",2.22237460188364e-11
"Gmps","GO:0043094","metabolic compound salvage",2.22237460188364e-11
"Tymp","GO:0009264","deoxyribonucleotide catabolic process",2.76642985214289e-11
"Upp1","GO:0009264","deoxyribonucleotide catabolic process",2.76642985214289e-11
"Dpys","GO:0009264","deoxyribonucleotide catabolic process",2.76642985214289e-11
"Upb1","GO:0009264","deoxyribonucleotide catabolic process",2.76642985214289e-11
"Dpyd","GO:0009264","deoxyribonucleotide catabolic process",2.76642985214289e-11
"Cda","GO:0009264","deoxyribonucleotide catabolic process",2.76642985214289e-11
"Dut","GO:0009264","deoxyribonucleotide catabolic process",2.76642985214289e-11
"Xdh","GO:0009264","deoxyribonucleotide catabolic process",2.76642985214289e-11
"Upp2","GO:0009264","deoxyribonucleotide catabolic process",2.76642985214289e-11
"Tymp","GO:0046386","deoxyribose phosphate catabolic process",2.76642985214289e-11
"Upp1","GO:0046386","deoxyribose phosphate catabolic process",2.76642985214289e-11
"Dpys","GO:0046386","deoxyribose phosphate catabolic process",2.76642985214289e-11
"Upb1","GO:0046386","deoxyribose phosphate catabolic process",2.76642985214289e-11
"Dpyd","GO:0046386","deoxyribose phosphate catabolic process",2.76642985214289e-11
"Cda","GO:0046386","deoxyribose phosphate catabolic process",2.76642985214289e-11
"Dut","GO:0046386","deoxyribose phosphate catabolic process",2.76642985214289e-11
"Xdh","GO:0046386","deoxyribose phosphate catabolic process",2.76642985214289e-11
"Upp2","GO:0046386","deoxyribose phosphate catabolic process",2.76642985214289e-11
"Tymp","GO:0006213","pyrimidine nucleoside metabolic process",3.60317921555385e-11
"Upp1","GO:0006213","pyrimidine nucleoside metabolic process",3.60317921555385e-11
"Upb1","GO:0006213","pyrimidine nucleoside metabolic process",3.60317921555385e-11
"Tk1","GO:0006213","pyrimidine nucleoside metabolic process",3.60317921555385e-11
"Tk2","GO:0006213","pyrimidine nucleoside metabolic process",3.60317921555385e-11
"Dpyd","GO:0006213","pyrimidine nucleoside metabolic process",3.60317921555385e-11
"Upp2","GO:0006213","pyrimidine nucleoside metabolic process",3.60317921555385e-11
"Umps","GO:0009174","pyrimidine ribonucleoside monophosphate biosynthetic process",3.60317921555385e-11
"Upp1","GO:0009174","pyrimidine ribonucleoside monophosphate biosynthetic process",3.60317921555385e-11
"Cda","GO:0009174","pyrimidine ribonucleoside monophosphate biosynthetic process",3.60317921555385e-11
"Uck2","GO:0009174","pyrimidine ribonucleoside monophosphate biosynthetic process",3.60317921555385e-11
"Uck1","GO:0009174","pyrimidine ribonucleoside monophosphate biosynthetic process",3.60317921555385e-11
"Uckl1","GO:0009174","pyrimidine ribonucleoside monophosphate biosynthetic process",3.60317921555385e-11
"Upp2","GO:0009174","pyrimidine ribonucleoside monophosphate biosynthetic process",3.60317921555385e-11
"Tymp","GO:0009125","nucleoside monophosphate catabolic process",3.93111088141784e-11
"Upp1","GO:0009125","nucleoside monophosphate catabolic process",3.93111088141784e-11
"Hprt1","GO:0009125","nucleoside monophosphate catabolic process",3.93111088141784e-11
"Dpys","GO:0009125","nucleoside monophosphate catabolic process",3.93111088141784e-11
"Upb1","GO:0009125","nucleoside monophosphate catabolic process",3.93111088141784e-11
"Dpyd","GO:0009125","nucleoside monophosphate catabolic process",3.93111088141784e-11
"Cda","GO:0009125","nucleoside monophosphate catabolic process",3.93111088141784e-11
"Xdh","GO:0009125","nucleoside monophosphate catabolic process",3.93111088141784e-11
"Upp2","GO:0009125","nucleoside monophosphate catabolic process",3.93111088141784e-11
"Sult2a8","GO:0006163","purine nucleotide metabolic process",4.24788266785146e-11
"Nme2","GO:0006163","purine nucleotide metabolic process",4.24788266785146e-11
"Sult2a7","GO:0006163","purine nucleotide metabolic process",4.24788266785146e-11
"Rpe","GO:0006163","purine nucleotide metabolic process",4.24788266785146e-11
"Hprt1","GO:0006163","purine nucleotide metabolic process",4.24788266785146e-11
"Nme3","GO:0006163","purine nucleotide metabolic process",4.24788266785146e-11
"Nme7","GO:0006163","purine nucleotide metabolic process",4.24788266785146e-11
"Nme6","GO:0006163","purine nucleotide metabolic process",4.24788266785146e-11
"Impdh1","GO:0006163","purine nucleotide metabolic process",4.24788266785146e-11
"Aox1","GO:0006163","purine nucleotide metabolic process",4.24788266785146e-11
"Nme1","GO:0006163","purine nucleotide metabolic process",4.24788266785146e-11
"Dcxr","GO:0006163","purine nucleotide metabolic process",4.24788266785146e-11
"Sult2a6","GO:0006163","purine nucleotide metabolic process",4.24788266785146e-11
"Impdh2","GO:0006163","purine nucleotide metabolic process",4.24788266785146e-11
"Sult2a4","GO:0006163","purine nucleotide metabolic process",4.24788266785146e-11
"Fmo2","GO:0006163","purine nucleotide metabolic process",4.24788266785146e-11
"Itpa","GO:0006163","purine nucleotide metabolic process",4.24788266785146e-11
"Xdh","GO:0006163","purine nucleotide metabolic process",4.24788266785146e-11
"Sult2a1","GO:0006163","purine nucleotide metabolic process",4.24788266785146e-11
"Nme4","GO:0006163","purine nucleotide metabolic process",4.24788266785146e-11
"Sult2a5","GO:0006163","purine nucleotide metabolic process",4.24788266785146e-11
"Sult2a3","GO:0006163","purine nucleotide metabolic process",4.24788266785146e-11
"Gmps","GO:0006163","purine nucleotide metabolic process",4.24788266785146e-11
"Hsd11b1","GO:0006163","purine nucleotide metabolic process",4.24788266785146e-11
"Akr1c21","GO:1901657","glycosyl compound metabolic process",6.39758937635208e-11
"Akr1b1","GO:1901657","glycosyl compound metabolic process",6.39758937635208e-11
"Tymp","GO:1901657","glycosyl compound metabolic process",6.39758937635208e-11
"Upp1","GO:1901657","glycosyl compound metabolic process",6.39758937635208e-11
"Hprt1","GO:1901657","glycosyl compound metabolic process",6.39758937635208e-11
"Upb1","GO:1901657","glycosyl compound metabolic process",6.39758937635208e-11
"Tk1","GO:1901657","glycosyl compound metabolic process",6.39758937635208e-11
"Tk2","GO:1901657","glycosyl compound metabolic process",6.39758937635208e-11
"Dpyd","GO:1901657","glycosyl compound metabolic process",6.39758937635208e-11
"Xdh","GO:1901657","glycosyl compound metabolic process",6.39758937635208e-11
"Upp2","GO:1901657","glycosyl compound metabolic process",6.39758937635208e-11
"Akr1a1","GO:1901657","glycosyl compound metabolic process",6.39758937635208e-11
"Cmpk1","GO:0009263","deoxyribonucleotide biosynthetic process",9.41954248996091e-11
"Rrm1","GO:0009263","deoxyribonucleotide biosynthetic process",9.41954248996091e-11
"Nme2","GO:0009263","deoxyribonucleotide biosynthetic process",9.41954248996091e-11
"Nme3","GO:0009263","deoxyribonucleotide biosynthetic process",9.41954248996091e-11
"Rrm2","GO:0009263","deoxyribonucleotide biosynthetic process",9.41954248996091e-11
"Rrm2b","GO:0009263","deoxyribonucleotide biosynthetic process",9.41954248996091e-11
"Nme1","GO:0009263","deoxyribonucleotide biosynthetic process",9.41954248996091e-11
"Dut","GO:0009263","deoxyribonucleotide biosynthetic process",9.41954248996091e-11
"Cmpk1","GO:0009265","2'-deoxyribonucleotide biosynthetic process",9.41954248996091e-11
"Rrm1","GO:0009265","2'-deoxyribonucleotide biosynthetic process",9.41954248996091e-11
"Nme2","GO:0009265","2'-deoxyribonucleotide biosynthetic process",9.41954248996091e-11
"Nme3","GO:0009265","2'-deoxyribonucleotide biosynthetic process",9.41954248996091e-11
"Rrm2","GO:0009265","2'-deoxyribonucleotide biosynthetic process",9.41954248996091e-11
"Rrm2b","GO:0009265","2'-deoxyribonucleotide biosynthetic process",9.41954248996091e-11
"Nme1","GO:0009265","2'-deoxyribonucleotide biosynthetic process",9.41954248996091e-11
"Dut","GO:0009265","2'-deoxyribonucleotide biosynthetic process",9.41954248996091e-11
"Cmpk1","GO:0046385","deoxyribose phosphate biosynthetic process",9.41954248996091e-11
"Rrm1","GO:0046385","deoxyribose phosphate biosynthetic process",9.41954248996091e-11
"Nme2","GO:0046385","deoxyribose phosphate biosynthetic process",9.41954248996091e-11
"Nme3","GO:0046385","deoxyribose phosphate biosynthetic process",9.41954248996091e-11
"Rrm2","GO:0046385","deoxyribose phosphate biosynthetic process",9.41954248996091e-11
"Rrm2b","GO:0046385","deoxyribose phosphate biosynthetic process",9.41954248996091e-11
"Nme1","GO:0046385","deoxyribose phosphate biosynthetic process",9.41954248996091e-11
"Dut","GO:0046385","deoxyribose phosphate biosynthetic process",9.41954248996091e-11
"Tymp","GO:0009159","deoxyribonucleoside monophosphate catabolic process",1.49745304517252e-10
"Upp1","GO:0009159","deoxyribonucleoside monophosphate catabolic process",1.49745304517252e-10
"Dpys","GO:0009159","deoxyribonucleoside monophosphate catabolic process",1.49745304517252e-10
"Upb1","GO:0009159","deoxyribonucleoside monophosphate catabolic process",1.49745304517252e-10
"Dpyd","GO:0009159","deoxyribonucleoside monophosphate catabolic process",1.49745304517252e-10
"Cda","GO:0009159","deoxyribonucleoside monophosphate catabolic process",1.49745304517252e-10
"Xdh","GO:0009159","deoxyribonucleoside monophosphate catabolic process",1.49745304517252e-10
"Upp2","GO:0009159","deoxyribonucleoside monophosphate catabolic process",1.49745304517252e-10
"Akr1c21","GO:0019748","secondary metabolic process",2.14026392182977e-10
"Cyp1b1","GO:0019748","secondary metabolic process",2.14026392182977e-10
"Akr1b1","GO:0019748","secondary metabolic process",2.14026392182977e-10
"Cyp1a1","GO:0019748","secondary metabolic process",2.14026392182977e-10
"Ugt1a8","GO:0019748","secondary metabolic process",2.14026392182977e-10
"Cyp1a2","GO:0019748","secondary metabolic process",2.14026392182977e-10
"Ugt1a7c","GO:0019748","secondary metabolic process",2.14026392182977e-10
"Gsta3","GO:0019748","secondary metabolic process",2.14026392182977e-10
"Fmo2","GO:0019748","secondary metabolic process",2.14026392182977e-10
"Fmo1","GO:0019748","secondary metabolic process",2.14026392182977e-10
"Akr1a1","GO:0019748","secondary metabolic process",2.14026392182977e-10
"Akr1b1","GO:0019852","L-ascorbic acid metabolic process",3.37473230279077e-10
"Gsto1","GO:0019852","L-ascorbic acid metabolic process",3.37473230279077e-10
"Ugt1a6a","GO:0019852","L-ascorbic acid metabolic process",3.37473230279077e-10
"Gulo","GO:0019852","L-ascorbic acid metabolic process",3.37473230279077e-10
"Rgn","GO:0019852","L-ascorbic acid metabolic process",3.37473230279077e-10
"Gsto2","GO:0019852","L-ascorbic acid metabolic process",3.37473230279077e-10
"Akr1a1","GO:0019852","L-ascorbic acid metabolic process",3.37473230279077e-10
"Upp1","GO:0009158","ribonucleoside monophosphate catabolic process",5.16102186523013e-10
"Hprt1","GO:0009158","ribonucleoside monophosphate catabolic process",5.16102186523013e-10
"Dpys","GO:0009158","ribonucleoside monophosphate catabolic process",5.16102186523013e-10
"Upb1","GO:0009158","ribonucleoside monophosphate catabolic process",5.16102186523013e-10
"Dpyd","GO:0009158","ribonucleoside monophosphate catabolic process",5.16102186523013e-10
"Cda","GO:0009158","ribonucleoside monophosphate catabolic process",5.16102186523013e-10
"Xdh","GO:0009158","ribonucleoside monophosphate catabolic process",5.16102186523013e-10
"Upp2","GO:0009158","ribonucleoside monophosphate catabolic process",5.16102186523013e-10
"Sult2a8","GO:0033865","nucleoside bisphosphate metabolic process",5.96292195044348e-10
"Sult2a7","GO:0033865","nucleoside bisphosphate metabolic process",5.96292195044348e-10
"Sult2a6","GO:0033865","nucleoside bisphosphate metabolic process",5.96292195044348e-10
"Sult2a4","GO:0033865","nucleoside bisphosphate metabolic process",5.96292195044348e-10
"Sult2a1","GO:0033865","nucleoside bisphosphate metabolic process",5.96292195044348e-10
"Sult2a5","GO:0033865","nucleoside bisphosphate metabolic process",5.96292195044348e-10
"Sult2a3","GO:0033865","nucleoside bisphosphate metabolic process",5.96292195044348e-10
"Sult2a8","GO:0033875","ribonucleoside bisphosphate metabolic process",5.96292195044348e-10
"Sult2a7","GO:0033875","ribonucleoside bisphosphate metabolic process",5.96292195044348e-10
"Sult2a6","GO:0033875","ribonucleoside bisphosphate metabolic process",5.96292195044348e-10
"Sult2a4","GO:0033875","ribonucleoside bisphosphate metabolic process",5.96292195044348e-10
"Sult2a1","GO:0033875","ribonucleoside bisphosphate metabolic process",5.96292195044348e-10
"Sult2a5","GO:0033875","ribonucleoside bisphosphate metabolic process",5.96292195044348e-10
"Sult2a3","GO:0033875","ribonucleoside bisphosphate metabolic process",5.96292195044348e-10
"Sult2a8","GO:0034032","purine nucleoside bisphosphate metabolic process",5.96292195044348e-10
"Sult2a7","GO:0034032","purine nucleoside bisphosphate metabolic process",5.96292195044348e-10
"Sult2a6","GO:0034032","purine nucleoside bisphosphate metabolic process",5.96292195044348e-10
"Sult2a4","GO:0034032","purine nucleoside bisphosphate metabolic process",5.96292195044348e-10
"Sult2a1","GO:0034032","purine nucleoside bisphosphate metabolic process",5.96292195044348e-10
"Sult2a5","GO:0034032","purine nucleoside bisphosphate metabolic process",5.96292195044348e-10
"Sult2a3","GO:0034032","purine nucleoside bisphosphate metabolic process",5.96292195044348e-10
"Sult2a8","GO:0034035","purine ribonucleoside bisphosphate metabolic process",5.96292195044348e-10
"Sult2a7","GO:0034035","purine ribonucleoside bisphosphate metabolic process",5.96292195044348e-10
"Sult2a6","GO:0034035","purine ribonucleoside bisphosphate metabolic process",5.96292195044348e-10
"Sult2a4","GO:0034035","purine ribonucleoside bisphosphate metabolic process",5.96292195044348e-10
"Sult2a1","GO:0034035","purine ribonucleoside bisphosphate metabolic process",5.96292195044348e-10
"Sult2a5","GO:0034035","purine ribonucleoside bisphosphate metabolic process",5.96292195044348e-10
"Sult2a3","GO:0034035","purine ribonucleoside bisphosphate metabolic process",5.96292195044348e-10
"Sult2a8","GO:0050427","3'-phosphoadenosine 5'-phosphosulfate metabolic process",5.96292195044348e-10
"Sult2a7","GO:0050427","3'-phosphoadenosine 5'-phosphosulfate metabolic process",5.96292195044348e-10
"Sult2a6","GO:0050427","3'-phosphoadenosine 5'-phosphosulfate metabolic process",5.96292195044348e-10
"Sult2a4","GO:0050427","3'-phosphoadenosine 5'-phosphosulfate metabolic process",5.96292195044348e-10
"Sult2a1","GO:0050427","3'-phosphoadenosine 5'-phosphosulfate metabolic process",5.96292195044348e-10
"Sult2a5","GO:0050427","3'-phosphoadenosine 5'-phosphosulfate metabolic process",5.96292195044348e-10
"Sult2a3","GO:0050427","3'-phosphoadenosine 5'-phosphosulfate metabolic process",5.96292195044348e-10
"Nme2","GO:0072330","monocarboxylic acid biosynthetic process",7.28529901820481e-10
"Ces1e","GO:0072330","monocarboxylic acid biosynthetic process",7.28529901820481e-10
"Gstm1","GO:0072330","monocarboxylic acid biosynthetic process",7.28529901820481e-10
"Gstm4","GO:0072330","monocarboxylic acid biosynthetic process",7.28529901820481e-10
"Cyp1a1","GO:0072330","monocarboxylic acid biosynthetic process",7.28529901820481e-10
"Ces1g","GO:0072330","monocarboxylic acid biosynthetic process",7.28529901820481e-10
"Ces1f","GO:0072330","monocarboxylic acid biosynthetic process",7.28529901820481e-10
"Gstp2","GO:0072330","monocarboxylic acid biosynthetic process",7.28529901820481e-10
"Gstp3","GO:0072330","monocarboxylic acid biosynthetic process",7.28529901820481e-10
"Nme1","GO:0072330","monocarboxylic acid biosynthetic process",7.28529901820481e-10
"Gstm7","GO:0072330","monocarboxylic acid biosynthetic process",7.28529901820481e-10
"Hpgds","GO:0072330","monocarboxylic acid biosynthetic process",7.28529901820481e-10
"Ptgs2","GO:0072330","monocarboxylic acid biosynthetic process",7.28529901820481e-10
"Gstm2","GO:0072330","monocarboxylic acid biosynthetic process",7.28529901820481e-10
"Gstp1","GO:0072330","monocarboxylic acid biosynthetic process",7.28529901820481e-10
"Rgn","GO:0072330","monocarboxylic acid biosynthetic process",7.28529901820481e-10
"Ces1a","GO:0072330","monocarboxylic acid biosynthetic process",7.28529901820481e-10
"Gsto1","GO:0046685","response to arsenic-containing substance",7.4994798001519e-10
"Fech","GO:0046685","response to arsenic-containing substance",7.4994798001519e-10
"Cyp1a1","GO:0046685","response to arsenic-containing substance",7.4994798001519e-10
"Hmox1","GO:0046685","response to arsenic-containing substance",7.4994798001519e-10
"Cpox","GO:0046685","response to arsenic-containing substance",7.4994798001519e-10
"Ugt1a1","GO:0046685","response to arsenic-containing substance",7.4994798001519e-10
"Alad","GO:0046685","response to arsenic-containing substance",7.4994798001519e-10
"Uros","GO:0046685","response to arsenic-containing substance",7.4994798001519e-10
"Gsto2","GO:0046685","response to arsenic-containing substance",7.4994798001519e-10
"Sult2a8","GO:0051923","sulfation",1.00940672350192e-09
"Sult2a7","GO:0051923","sulfation",1.00940672350192e-09
"Sult2a6","GO:0051923","sulfation",1.00940672350192e-09
"Sult2a4","GO:0051923","sulfation",1.00940672350192e-09
"Sult2a1","GO:0051923","sulfation",1.00940672350192e-09
"Sult2a5","GO:0051923","sulfation",1.00940672350192e-09
"Sult2a3","GO:0051923","sulfation",1.00940672350192e-09
"Sult1a1","GO:0051923","sulfation",1.00940672350192e-09
"Akr1c21","GO:0042180","ketone metabolic process",1.18229572223306e-09
"Akr1b1","GO:0042180","ketone metabolic process",1.18229572223306e-09
"Nme2","GO:0042180","ketone metabolic process",1.18229572223306e-09
"Ces1e","GO:0042180","ketone metabolic process",1.18229572223306e-09
"Cbr3","GO:0042180","ketone metabolic process",1.18229572223306e-09
"Fmo4","GO:0042180","ketone metabolic process",1.18229572223306e-09
"Cbr1","GO:0042180","ketone metabolic process",1.18229572223306e-09
"Ces1g","GO:0042180","ketone metabolic process",1.18229572223306e-09
"Ces1f","GO:0042180","ketone metabolic process",1.18229572223306e-09
"Adh4","GO:0042180","ketone metabolic process",1.18229572223306e-09
"Nme1","GO:0042180","ketone metabolic process",1.18229572223306e-09
"Ptgs2","GO:0042180","ketone metabolic process",1.18229572223306e-09
"Fmo2","GO:0042180","ketone metabolic process",1.18229572223306e-09
"Fmo1","GO:0042180","ketone metabolic process",1.18229572223306e-09
"Rgn","GO:0042180","ketone metabolic process",1.18229572223306e-09
"Ces1a","GO:0042180","ketone metabolic process",1.18229572223306e-09
"Akr1a1","GO:0042180","ketone metabolic process",1.18229572223306e-09
"Akr1b1","GO:1901334","lactone metabolic process",1.70519877426702e-09
"Gsto1","GO:1901334","lactone metabolic process",1.70519877426702e-09
"Ugt1a6a","GO:1901334","lactone metabolic process",1.70519877426702e-09
"Gulo","GO:1901334","lactone metabolic process",1.70519877426702e-09
"Rgn","GO:1901334","lactone metabolic process",1.70519877426702e-09
"Gsto2","GO:1901334","lactone metabolic process",1.70519877426702e-09
"Akr1a1","GO:1901334","lactone metabolic process",1.70519877426702e-09
"Gsto1","GO:0098869","cellular oxidant detoxification",2.32181753611902e-09
"Gstk1","GO:0098869","cellular oxidant detoxification",2.32181753611902e-09
"Cp","GO:0098869","cellular oxidant detoxification",2.32181753611902e-09
"Mpo","GO:0098869","cellular oxidant detoxification",2.32181753611902e-09
"Gstm7","GO:0098869","cellular oxidant detoxification",2.32181753611902e-09
"Ptgs2","GO:0098869","cellular oxidant detoxification",2.32181753611902e-09
"Mgst2","GO:0098869","cellular oxidant detoxification",2.32181753611902e-09
"Mgst3","GO:0098869","cellular oxidant detoxification",2.32181753611902e-09
"Gstt1","GO:0098869","cellular oxidant detoxification",2.32181753611902e-09
"Gsto2","GO:0098869","cellular oxidant detoxification",2.32181753611902e-09
"Gsta1","GO:0098869","cellular oxidant detoxification",2.32181753611902e-09
"Cyp1b1","GO:0042537","benzene-containing compound metabolic process",2.60860407036334e-09
"Ugt1a6a","GO:0042537","benzene-containing compound metabolic process",2.60860407036334e-09
"Gstm4","GO:0042537","benzene-containing compound metabolic process",2.60860407036334e-09
"Gstm5","GO:0042537","benzene-containing compound metabolic process",2.60860407036334e-09
"Ugt1a6b","GO:0042537","benzene-containing compound metabolic process",2.60860407036334e-09
"Ugt2b1","GO:0042537","benzene-containing compound metabolic process",2.60860407036334e-09
"Gstm7","GO:0042537","benzene-containing compound metabolic process",2.60860407036334e-09
"Ugt1a1","GO:0042537","benzene-containing compound metabolic process",2.60860407036334e-09
"Nme2","GO:0046039","GTP metabolic process",2.60860407036334e-09
"Nme3","GO:0046039","GTP metabolic process",2.60860407036334e-09
"Nme7","GO:0046039","GTP metabolic process",2.60860407036334e-09
"Nme6","GO:0046039","GTP metabolic process",2.60860407036334e-09
"Impdh1","GO:0046039","GTP metabolic process",2.60860407036334e-09
"Nme1","GO:0046039","GTP metabolic process",2.60860407036334e-09
"Impdh2","GO:0046039","GTP metabolic process",2.60860407036334e-09
"Nme4","GO:0046039","GTP metabolic process",2.60860407036334e-09
"Sult2a8","GO:0008203","cholesterol metabolic process",3.19702491033993e-09
"Ces1e","GO:0008203","cholesterol metabolic process",3.19702491033993e-09
"Fech","GO:0008203","cholesterol metabolic process",3.19702491033993e-09
"Sult2a7","GO:0008203","cholesterol metabolic process",3.19702491033993e-09
"Ces1g","GO:0008203","cholesterol metabolic process",3.19702491033993e-09
"Ces1f","GO:0008203","cholesterol metabolic process",3.19702491033993e-09
"Cyp1a2","GO:0008203","cholesterol metabolic process",3.19702491033993e-09
"Sult2a6","GO:0008203","cholesterol metabolic process",3.19702491033993e-09
"Sult2a4","GO:0008203","cholesterol metabolic process",3.19702491033993e-09
"Fmo5","GO:0008203","cholesterol metabolic process",3.19702491033993e-09
"Sult2a1","GO:0008203","cholesterol metabolic process",3.19702491033993e-09
"Ces1a","GO:0008203","cholesterol metabolic process",3.19702491033993e-09
"Sult2a5","GO:0008203","cholesterol metabolic process",3.19702491033993e-09
"Sult2a3","GO:0008203","cholesterol metabolic process",3.19702491033993e-09
"Upp1","GO:0009222","pyrimidine ribonucleotide catabolic process",5.0713596455531e-09
"Dpys","GO:0009222","pyrimidine ribonucleotide catabolic process",5.0713596455531e-09
"Upb1","GO:0009222","pyrimidine ribonucleotide catabolic process",5.0713596455531e-09
"Dpyd","GO:0009222","pyrimidine ribonucleotide catabolic process",5.0713596455531e-09
"Cda","GO:0009222","pyrimidine ribonucleotide catabolic process",5.0713596455531e-09
"Upp2","GO:0009222","pyrimidine ribonucleotide catabolic process",5.0713596455531e-09
"Cyp3a44","GO:0009820","alkaloid metabolic process",5.0713596455531e-09
"Cyp3a41a","GO:0009820","alkaloid metabolic process",5.0713596455531e-09
"Cyp3a16","GO:0009820","alkaloid metabolic process",5.0713596455531e-09
"Cyp3a41b","GO:0009820","alkaloid metabolic process",5.0713596455531e-09
"Cyp1a2","GO:0009820","alkaloid metabolic process",5.0713596455531e-09
"Cyp3a11","GO:0009820","alkaloid metabolic process",5.0713596455531e-09
"Nme2","GO:0046051","UTP metabolic process",5.0713596455531e-09
"Nme3","GO:0046051","UTP metabolic process",5.0713596455531e-09
"Nme7","GO:0046051","UTP metabolic process",5.0713596455531e-09
"Nme6","GO:0046051","UTP metabolic process",5.0713596455531e-09
"Nme1","GO:0046051","UTP metabolic process",5.0713596455531e-09
"Nme4","GO:0046051","UTP metabolic process",5.0713596455531e-09
"Gstm1","GO:0051121","hepoxilin metabolic process",5.0713596455531e-09
"Gstp2","GO:0051121","hepoxilin metabolic process",5.0713596455531e-09
"Gstp3","GO:0051121","hepoxilin metabolic process",5.0713596455531e-09
"Gstm7","GO:0051121","hepoxilin metabolic process",5.0713596455531e-09
"Gstm2","GO:0051121","hepoxilin metabolic process",5.0713596455531e-09
"Gstp1","GO:0051121","hepoxilin metabolic process",5.0713596455531e-09
"Gstm1","GO:0051122","hepoxilin biosynthetic process",5.0713596455531e-09
"Gstp2","GO:0051122","hepoxilin biosynthetic process",5.0713596455531e-09
"Gstp3","GO:0051122","hepoxilin biosynthetic process",5.0713596455531e-09
"Gstm7","GO:0051122","hepoxilin biosynthetic process",5.0713596455531e-09
"Gstm2","GO:0051122","hepoxilin biosynthetic process",5.0713596455531e-09
"Gstp1","GO:0051122","hepoxilin biosynthetic process",5.0713596455531e-09
"Sult2a8","GO:0016125","sterol metabolic process",6.21564021252284e-09
"Ces1e","GO:0016125","sterol metabolic process",6.21564021252284e-09
"Fech","GO:0016125","sterol metabolic process",6.21564021252284e-09
"Sult2a7","GO:0016125","sterol metabolic process",6.21564021252284e-09
"Ces1g","GO:0016125","sterol metabolic process",6.21564021252284e-09
"Ces1f","GO:0016125","sterol metabolic process",6.21564021252284e-09
"Cyp1a2","GO:0016125","sterol metabolic process",6.21564021252284e-09
"Sult2a6","GO:0016125","sterol metabolic process",6.21564021252284e-09
"Sult2a4","GO:0016125","sterol metabolic process",6.21564021252284e-09
"Fmo5","GO:0016125","sterol metabolic process",6.21564021252284e-09
"Sult2a1","GO:0016125","sterol metabolic process",6.21564021252284e-09
"Ces1a","GO:0016125","sterol metabolic process",6.21564021252284e-09
"Sult2a5","GO:0016125","sterol metabolic process",6.21564021252284e-09
"Sult2a3","GO:0016125","sterol metabolic process",6.21564021252284e-09
"Sult2a8","GO:1902652","secondary alcohol metabolic process",8.35127840328143e-09
"Ces1e","GO:1902652","secondary alcohol metabolic process",8.35127840328143e-09
"Fech","GO:1902652","secondary alcohol metabolic process",8.35127840328143e-09
"Sult2a7","GO:1902652","secondary alcohol metabolic process",8.35127840328143e-09
"Ces1g","GO:1902652","secondary alcohol metabolic process",8.35127840328143e-09
"Ces1f","GO:1902652","secondary alcohol metabolic process",8.35127840328143e-09
"Cyp1a2","GO:1902652","secondary alcohol metabolic process",8.35127840328143e-09
"Sult2a6","GO:1902652","secondary alcohol metabolic process",8.35127840328143e-09
"Sult2a4","GO:1902652","secondary alcohol metabolic process",8.35127840328143e-09
"Fmo5","GO:1902652","secondary alcohol metabolic process",8.35127840328143e-09
"Sult2a1","GO:1902652","secondary alcohol metabolic process",8.35127840328143e-09
"Ces1a","GO:1902652","secondary alcohol metabolic process",8.35127840328143e-09
"Sult2a5","GO:1902652","secondary alcohol metabolic process",8.35127840328143e-09
"Sult2a3","GO:1902652","secondary alcohol metabolic process",8.35127840328143e-09
"Akr1b1","GO:0006766","vitamin metabolic process",9.42974875206027e-09
"Gsto1","GO:0006766","vitamin metabolic process",9.42974875206027e-09
"Ugt1a6a","GO:0006766","vitamin metabolic process",9.42974875206027e-09
"Ces1e","GO:0006766","vitamin metabolic process",9.42974875206027e-09
"Cbr3","GO:0006766","vitamin metabolic process",9.42974875206027e-09
"Cbr1","GO:0006766","vitamin metabolic process",9.42974875206027e-09
"Gulo","GO:0006766","vitamin metabolic process",9.42974875206027e-09
"Rgn","GO:0006766","vitamin metabolic process",9.42974875206027e-09
"Akr1a1","GO:0006766","vitamin metabolic process",9.42974875206027e-09
"Sult2a8","GO:0009150","purine ribonucleotide metabolic process",1.31904187328667e-08
"Nme2","GO:0009150","purine ribonucleotide metabolic process",1.31904187328667e-08
"Sult2a7","GO:0009150","purine ribonucleotide metabolic process",1.31904187328667e-08
"Hprt1","GO:0009150","purine ribonucleotide metabolic process",1.31904187328667e-08
"Nme3","GO:0009150","purine ribonucleotide metabolic process",1.31904187328667e-08
"Nme7","GO:0009150","purine ribonucleotide metabolic process",1.31904187328667e-08
"Nme6","GO:0009150","purine ribonucleotide metabolic process",1.31904187328667e-08
"Impdh1","GO:0009150","purine ribonucleotide metabolic process",1.31904187328667e-08
"Nme1","GO:0009150","purine ribonucleotide metabolic process",1.31904187328667e-08
"Sult2a6","GO:0009150","purine ribonucleotide metabolic process",1.31904187328667e-08
"Impdh2","GO:0009150","purine ribonucleotide metabolic process",1.31904187328667e-08
"Sult2a4","GO:0009150","purine ribonucleotide metabolic process",1.31904187328667e-08
"Itpa","GO:0009150","purine ribonucleotide metabolic process",1.31904187328667e-08
"Xdh","GO:0009150","purine ribonucleotide metabolic process",1.31904187328667e-08
"Sult2a1","GO:0009150","purine ribonucleotide metabolic process",1.31904187328667e-08
"Nme4","GO:0009150","purine ribonucleotide metabolic process",1.31904187328667e-08
"Sult2a5","GO:0009150","purine ribonucleotide metabolic process",1.31904187328667e-08
"Sult2a3","GO:0009150","purine ribonucleotide metabolic process",1.31904187328667e-08
"Gmps","GO:0009150","purine ribonucleotide metabolic process",1.31904187328667e-08
"Tymp","GO:0009116","nucleoside metabolic process",1.91889237144823e-08
"Upp1","GO:0009116","nucleoside metabolic process",1.91889237144823e-08
"Hprt1","GO:0009116","nucleoside metabolic process",1.91889237144823e-08
"Upb1","GO:0009116","nucleoside metabolic process",1.91889237144823e-08
"Tk1","GO:0009116","nucleoside metabolic process",1.91889237144823e-08
"Tk2","GO:0009116","nucleoside metabolic process",1.91889237144823e-08
"Dpyd","GO:0009116","nucleoside metabolic process",1.91889237144823e-08
"Xdh","GO:0009116","nucleoside metabolic process",1.91889237144823e-08
"Upp2","GO:0009116","nucleoside metabolic process",1.91889237144823e-08
"Cmpk1","GO:0009112","nucleobase metabolic process",2.02776607452751e-08
"Rrm1","GO:0009112","nucleobase metabolic process",2.02776607452751e-08
"Umps","GO:0009112","nucleobase metabolic process",2.02776607452751e-08
"Tymp","GO:0009112","nucleobase metabolic process",2.02776607452751e-08
"Hprt1","GO:0009112","nucleobase metabolic process",2.02776607452751e-08
"Dpys","GO:0009112","nucleobase metabolic process",2.02776607452751e-08
"Dpyd","GO:0009112","nucleobase metabolic process",2.02776607452751e-08
"Xdh","GO:0009112","nucleobase metabolic process",2.02776607452751e-08
"Nme2","GO:0009157","deoxyribonucleoside monophosphate biosynthetic process",3.04561808897953e-08
"Nme3","GO:0009157","deoxyribonucleoside monophosphate biosynthetic process",3.04561808897953e-08
"Tk1","GO:0009157","deoxyribonucleoside monophosphate biosynthetic process",3.04561808897953e-08
"Tk2","GO:0009157","deoxyribonucleoside monophosphate biosynthetic process",3.04561808897953e-08
"Nme1","GO:0009157","deoxyribonucleoside monophosphate biosynthetic process",3.04561808897953e-08
"Dut","GO:0009157","deoxyribonucleoside monophosphate biosynthetic process",3.04561808897953e-08
"Akr1b1","GO:0042364","water-soluble vitamin biosynthetic process",3.04561808897953e-08
"Gsto1","GO:0042364","water-soluble vitamin biosynthetic process",3.04561808897953e-08
"Ugt1a6a","GO:0042364","water-soluble vitamin biosynthetic process",3.04561808897953e-08
"Gulo","GO:0042364","water-soluble vitamin biosynthetic process",3.04561808897953e-08
"Rgn","GO:0042364","water-soluble vitamin biosynthetic process",3.04561808897953e-08
"Akr1a1","GO:0042364","water-soluble vitamin biosynthetic process",3.04561808897953e-08
"Sult2a8","GO:0042403","thyroid hormone metabolic process",3.11947482841378e-08
"Sult2a7","GO:0042403","thyroid hormone metabolic process",3.11947482841378e-08
"Sult2a6","GO:0042403","thyroid hormone metabolic process",3.11947482841378e-08
"Sult2a4","GO:0042403","thyroid hormone metabolic process",3.11947482841378e-08
"Sult2a1","GO:0042403","thyroid hormone metabolic process",3.11947482841378e-08
"Sult2a5","GO:0042403","thyroid hormone metabolic process",3.11947482841378e-08
"Sult2a3","GO:0042403","thyroid hormone metabolic process",3.11947482841378e-08
"Sult1a1","GO:0042403","thyroid hormone metabolic process",3.11947482841378e-08
"Cmpk1","GO:0006206","pyrimidine nucleobase metabolic process",4.97104334391663e-08
"Rrm1","GO:0006206","pyrimidine nucleobase metabolic process",4.97104334391663e-08
"Umps","GO:0006206","pyrimidine nucleobase metabolic process",4.97104334391663e-08
"Tymp","GO:0006206","pyrimidine nucleobase metabolic process",4.97104334391663e-08
"Dpys","GO:0006206","pyrimidine nucleobase metabolic process",4.97104334391663e-08
"Dpyd","GO:0006206","pyrimidine nucleobase metabolic process",4.97104334391663e-08
"Cyp1b1","GO:0009404","toxin metabolic process",7.8456020503861e-08
"Cyp1a1","GO:0009404","toxin metabolic process",7.8456020503861e-08
"Cyp1a2","GO:0009404","toxin metabolic process",7.8456020503861e-08
"Gsta3","GO:0009404","toxin metabolic process",7.8456020503861e-08
"Fmo2","GO:0009404","toxin metabolic process",7.8456020503861e-08
"Fmo1","GO:0009404","toxin metabolic process",7.8456020503861e-08
"Akr1b1","GO:0009110","vitamin biosynthetic process",8.22630541909193e-08
"Gsto1","GO:0009110","vitamin biosynthetic process",8.22630541909193e-08
"Ugt1a6a","GO:0009110","vitamin biosynthetic process",8.22630541909193e-08
"Ces1e","GO:0009110","vitamin biosynthetic process",8.22630541909193e-08
"Gulo","GO:0009110","vitamin biosynthetic process",8.22630541909193e-08
"Rgn","GO:0009110","vitamin biosynthetic process",8.22630541909193e-08
"Akr1a1","GO:0009110","vitamin biosynthetic process",8.22630541909193e-08
"Cyp1b1","GO:0016042","lipid catabolic process",2.87483923253927e-07
"Sult2a8","GO:0016042","lipid catabolic process",2.87483923253927e-07
"Ces1e","GO:0016042","lipid catabolic process",2.87483923253927e-07
"Cp","GO:0016042","lipid catabolic process",2.87483923253927e-07
"Cbr1","GO:0016042","lipid catabolic process",2.87483923253927e-07
"Cyp1a1","GO:0016042","lipid catabolic process",2.87483923253927e-07
"Ces1g","GO:0016042","lipid catabolic process",2.87483923253927e-07
"Ces1f","GO:0016042","lipid catabolic process",2.87483923253927e-07
"Cyp1a2","GO:0016042","lipid catabolic process",2.87483923253927e-07
"Ugt1a7c","GO:0016042","lipid catabolic process",2.87483923253927e-07
"Ces1b","GO:0016042","lipid catabolic process",2.87483923253927e-07
"Mgst2","GO:0016042","lipid catabolic process",2.87483923253927e-07
"Ces1c","GO:0016042","lipid catabolic process",2.87483923253927e-07
"Ces1h","GO:0016042","lipid catabolic process",2.87483923253927e-07
"Ces1d","GO:0016042","lipid catabolic process",2.87483923253927e-07
"Ces1a","GO:0016042","lipid catabolic process",2.87483923253927e-07
"Hsd11b1","GO:0016042","lipid catabolic process",2.87483923253927e-07
"Cyp2c50","GO:0043651","linoleic acid metabolic process",6.64080797598223e-07
"Cyp2c54","GO:0043651","linoleic acid metabolic process",6.64080797598223e-07
"Gstp2","GO:0043651","linoleic acid metabolic process",6.64080797598223e-07
"Gstp3","GO:0043651","linoleic acid metabolic process",6.64080797598223e-07
"Gstm7","GO:0043651","linoleic acid metabolic process",6.64080797598223e-07
"Gstp1","GO:0043651","linoleic acid metabolic process",6.64080797598223e-07
"Cyp2c55","GO:0043651","linoleic acid metabolic process",6.64080797598223e-07
"Fxn","GO:0006879","intracellular iron ion homeostasis",7.29180451234124e-07
"Ftl1","GO:0006879","intracellular iron ion homeostasis",7.29180451234124e-07
"Cp","GO:0006879","intracellular iron ion homeostasis",7.29180451234124e-07
"Alas2","GO:0006879","intracellular iron ion homeostasis",7.29180451234124e-07
"Hmox2","GO:0006879","intracellular iron ion homeostasis",7.29180451234124e-07
"Ftmt","GO:0006879","intracellular iron ion homeostasis",7.29180451234124e-07
"Hephl1","GO:0006879","intracellular iron ion homeostasis",7.29180451234124e-07
"Hmox1","GO:0006879","intracellular iron ion homeostasis",7.29180451234124e-07
"Fth1","GO:0006879","intracellular iron ion homeostasis",7.29180451234124e-07
"Tymp","GO:1901292","nucleoside phosphate catabolic process",9.86428564676885e-07
"Upp1","GO:1901292","nucleoside phosphate catabolic process",9.86428564676885e-07
"Hprt1","GO:1901292","nucleoside phosphate catabolic process",9.86428564676885e-07
"Dpys","GO:1901292","nucleoside phosphate catabolic process",9.86428564676885e-07
"Upb1","GO:1901292","nucleoside phosphate catabolic process",9.86428564676885e-07
"Aox1","GO:1901292","nucleoside phosphate catabolic process",9.86428564676885e-07
"Nme1","GO:1901292","nucleoside phosphate catabolic process",9.86428564676885e-07
"Dpyd","GO:1901292","nucleoside phosphate catabolic process",9.86428564676885e-07
"Cda","GO:1901292","nucleoside phosphate catabolic process",9.86428564676885e-07
"Dut","GO:1901292","nucleoside phosphate catabolic process",9.86428564676885e-07
"Itpa","GO:1901292","nucleoside phosphate catabolic process",9.86428564676885e-07
"Xdh","GO:1901292","nucleoside phosphate catabolic process",9.86428564676885e-07
"Upp2","GO:1901292","nucleoside phosphate catabolic process",9.86428564676885e-07
"Nme2","GO:0006633","fatty acid biosynthetic process",1.07060148591271e-06
"Gstm1","GO:0006633","fatty acid biosynthetic process",1.07060148591271e-06
"Gstm4","GO:0006633","fatty acid biosynthetic process",1.07060148591271e-06
"Gstp2","GO:0006633","fatty acid biosynthetic process",1.07060148591271e-06
"Gstp3","GO:0006633","fatty acid biosynthetic process",1.07060148591271e-06
"Nme1","GO:0006633","fatty acid biosynthetic process",1.07060148591271e-06
"Gstm7","GO:0006633","fatty acid biosynthetic process",1.07060148591271e-06
"Hpgds","GO:0006633","fatty acid biosynthetic process",1.07060148591271e-06
"Ptgs2","GO:0006633","fatty acid biosynthetic process",1.07060148591271e-06
"Gstm2","GO:0006633","fatty acid biosynthetic process",1.07060148591271e-06
"Gstp1","GO:0006633","fatty acid biosynthetic process",1.07060148591271e-06
"Rgn","GO:0006633","fatty acid biosynthetic process",1.07060148591271e-06
"Gstm1","GO:0042759","long-chain fatty acid biosynthetic process",1.14695222348992e-06
"Gstm4","GO:0042759","long-chain fatty acid biosynthetic process",1.14695222348992e-06
"Gstp2","GO:0042759","long-chain fatty acid biosynthetic process",1.14695222348992e-06
"Gstp3","GO:0042759","long-chain fatty acid biosynthetic process",1.14695222348992e-06
"Gstm7","GO:0042759","long-chain fatty acid biosynthetic process",1.14695222348992e-06
"Gstm2","GO:0042759","long-chain fatty acid biosynthetic process",1.14695222348992e-06
"Gstp1","GO:0042759","long-chain fatty acid biosynthetic process",1.14695222348992e-06
"Cmpk1","GO:0009221","pyrimidine deoxyribonucleotide biosynthetic process",1.56551263830146e-06
"Nme2","GO:0009221","pyrimidine deoxyribonucleotide biosynthetic process",1.56551263830146e-06
"Nme3","GO:0009221","pyrimidine deoxyribonucleotide biosynthetic process",1.56551263830146e-06
"Nme1","GO:0009221","pyrimidine deoxyribonucleotide biosynthetic process",1.56551263830146e-06
"Dut","GO:0009221","pyrimidine deoxyribonucleotide biosynthetic process",1.56551263830146e-06
"Nme2","GO:0009201","ribonucleoside triphosphate biosynthetic process",1.68636566327748e-06
"Nme3","GO:0009201","ribonucleoside triphosphate biosynthetic process",1.68636566327748e-06
"Nme7","GO:0009201","ribonucleoside triphosphate biosynthetic process",1.68636566327748e-06
"Nme6","GO:0009201","ribonucleoside triphosphate biosynthetic process",1.68636566327748e-06
"Impdh1","GO:0009201","ribonucleoside triphosphate biosynthetic process",1.68636566327748e-06
"Nme1","GO:0009201","ribonucleoside triphosphate biosynthetic process",1.68636566327748e-06
"Impdh2","GO:0009201","ribonucleoside triphosphate biosynthetic process",1.68636566327748e-06
"Uck2","GO:0009201","ribonucleoside triphosphate biosynthetic process",1.68636566327748e-06
"Uck1","GO:0009201","ribonucleoside triphosphate biosynthetic process",1.68636566327748e-06
"Nme4","GO:0009201","ribonucleoside triphosphate biosynthetic process",1.68636566327748e-06
"Tymp","GO:0009166","nucleotide catabolic process",2.37791667856534e-06
"Upp1","GO:0009166","nucleotide catabolic process",2.37791667856534e-06
"Hprt1","GO:0009166","nucleotide catabolic process",2.37791667856534e-06
"Dpys","GO:0009166","nucleotide catabolic process",2.37791667856534e-06
"Upb1","GO:0009166","nucleotide catabolic process",2.37791667856534e-06
"Aox1","GO:0009166","nucleotide catabolic process",2.37791667856534e-06
"Dpyd","GO:0009166","nucleotide catabolic process",2.37791667856534e-06
"Cda","GO:0009166","nucleotide catabolic process",2.37791667856534e-06
"Dut","GO:0009166","nucleotide catabolic process",2.37791667856534e-06
"Itpa","GO:0009166","nucleotide catabolic process",2.37791667856534e-06
"Xdh","GO:0009166","nucleotide catabolic process",2.37791667856534e-06
"Upp2","GO:0009166","nucleotide catabolic process",2.37791667856534e-06
"Nme2","GO:0009142","nucleoside triphosphate biosynthetic process",2.87237309783963e-06
"Nme3","GO:0009142","nucleoside triphosphate biosynthetic process",2.87237309783963e-06
"Nme7","GO:0009142","nucleoside triphosphate biosynthetic process",2.87237309783963e-06
"Nme6","GO:0009142","nucleoside triphosphate biosynthetic process",2.87237309783963e-06
"Impdh1","GO:0009142","nucleoside triphosphate biosynthetic process",2.87237309783963e-06
"Nme1","GO:0009142","nucleoside triphosphate biosynthetic process",2.87237309783963e-06
"Impdh2","GO:0009142","nucleoside triphosphate biosynthetic process",2.87237309783963e-06
"Uck2","GO:0009142","nucleoside triphosphate biosynthetic process",2.87237309783963e-06
"Uck1","GO:0009142","nucleoside triphosphate biosynthetic process",2.87237309783963e-06
"Nme4","GO:0009142","nucleoside triphosphate biosynthetic process",2.87237309783963e-06
"Cyp1b1","GO:0006706","steroid catabolic process",3.14391868702424e-06
"Cbr1","GO:0006706","steroid catabolic process",3.14391868702424e-06
"Cyp1a1","GO:0006706","steroid catabolic process",3.14391868702424e-06
"Cyp1a2","GO:0006706","steroid catabolic process",3.14391868702424e-06
"Ugt1a7c","GO:0006706","steroid catabolic process",3.14391868702424e-06
"Hsd11b1","GO:0006706","steroid catabolic process",3.14391868702424e-06
"Nme2","GO:0010565","regulation of ketone metabolic process",3.30730380400333e-06
"Ces1e","GO:0010565","regulation of ketone metabolic process",3.30730380400333e-06
"Fmo4","GO:0010565","regulation of ketone metabolic process",3.30730380400333e-06
"Ces1g","GO:0010565","regulation of ketone metabolic process",3.30730380400333e-06
"Ces1f","GO:0010565","regulation of ketone metabolic process",3.30730380400333e-06
"Nme1","GO:0010565","regulation of ketone metabolic process",3.30730380400333e-06
"Ptgs2","GO:0010565","regulation of ketone metabolic process",3.30730380400333e-06
"Fmo2","GO:0010565","regulation of ketone metabolic process",3.30730380400333e-06
"Fmo1","GO:0010565","regulation of ketone metabolic process",3.30730380400333e-06
"Rgn","GO:0010565","regulation of ketone metabolic process",3.30730380400333e-06
"Ces1a","GO:0010565","regulation of ketone metabolic process",3.30730380400333e-06
"Dhdh","GO:0019321","pentose metabolic process",3.46728844163449e-06
"Dcxr","GO:0019321","pentose metabolic process",3.46728844163449e-06
"Fggy","GO:0019321","pentose metabolic process",3.46728844163449e-06
"Xylb","GO:0019321","pentose metabolic process",3.46728844163449e-06
"Cbr2","GO:0019321","pentose metabolic process",3.46728844163449e-06
"Aldh3b1","GO:0046185","aldehyde catabolic process",4.97895088347536e-06
"Aldh2","GO:0046185","aldehyde catabolic process",4.97895088347536e-06
"Adh5","GO:0046185","aldehyde catabolic process",4.97895088347536e-06
"Adh4","GO:0046185","aldehyde catabolic process",4.97895088347536e-06
"Akr1a1","GO:0046185","aldehyde catabolic process",4.97895088347536e-06
"Gstm1","GO:0044272","sulfur compound biosynthetic process",6.58856034596636e-06
"Fmo6","GO:0044272","sulfur compound biosynthetic process",6.58856034596636e-06
"Fmo3","GO:0044272","sulfur compound biosynthetic process",6.58856034596636e-06
"Gstp2","GO:0044272","sulfur compound biosynthetic process",6.58856034596636e-06
"Gstp3","GO:0044272","sulfur compound biosynthetic process",6.58856034596636e-06
"Fmo1","GO:0044272","sulfur compound biosynthetic process",6.58856034596636e-06
"Gstp1","GO:0044272","sulfur compound biosynthetic process",6.58856034596636e-06
"Mgst2","GO:0044272","sulfur compound biosynthetic process",6.58856034596636e-06
"Gsta1","GO:0044272","sulfur compound biosynthetic process",6.58856034596636e-06
"Upp1","GO:0009164","nucleoside catabolic process",6.9199683556311e-06
"Upb1","GO:0009164","nucleoside catabolic process",6.9199683556311e-06
"Dpyd","GO:0009164","nucleoside catabolic process",6.9199683556311e-06
"Xdh","GO:0009164","nucleoside catabolic process",6.9199683556311e-06
"Upp2","GO:0009164","nucleoside catabolic process",6.9199683556311e-06
"Sult2a8","GO:0008206","bile acid metabolic process",8.09389414343835e-06
"Ces1e","GO:0008206","bile acid metabolic process",8.09389414343835e-06
"Ugt2a2","GO:0008206","bile acid metabolic process",8.09389414343835e-06
"Ugt2a1","GO:0008206","bile acid metabolic process",8.09389414343835e-06
"Ces1g","GO:0008206","bile acid metabolic process",8.09389414343835e-06
"Ces1f","GO:0008206","bile acid metabolic process",8.09389414343835e-06
"Ces1a","GO:0008206","bile acid metabolic process",8.09389414343835e-06
"Akr1b1","GO:0005996","monosaccharide metabolic process",9.57605494068798e-06
"Gsto1","GO:0005996","monosaccharide metabolic process",9.57605494068798e-06
"Ugt1a6a","GO:0005996","monosaccharide metabolic process",9.57605494068798e-06
"Hsd17b14","GO:0005996","monosaccharide metabolic process",9.57605494068798e-06
"Sord","GO:0005996","monosaccharide metabolic process",9.57605494068798e-06
"Gulo","GO:0005996","monosaccharide metabolic process",9.57605494068798e-06
"Dhdh","GO:0005996","monosaccharide metabolic process",9.57605494068798e-06
"Dcxr","GO:0005996","monosaccharide metabolic process",9.57605494068798e-06
"Fggy","GO:0005996","monosaccharide metabolic process",9.57605494068798e-06
"Xylb","GO:0005996","monosaccharide metabolic process",9.57605494068798e-06
"Rgn","GO:0005996","monosaccharide metabolic process",9.57605494068798e-06
"Gsto2","GO:0005996","monosaccharide metabolic process",9.57605494068798e-06
"Cbr2","GO:0005996","monosaccharide metabolic process",9.57605494068798e-06
"Akr1a1","GO:0005996","monosaccharide metabolic process",9.57605494068798e-06
"Tymp","GO:0046434","organophosphate catabolic process",1.77622412758908e-05
"Upp1","GO:0046434","organophosphate catabolic process",1.77622412758908e-05
"Hprt1","GO:0046434","organophosphate catabolic process",1.77622412758908e-05
"Dpys","GO:0046434","organophosphate catabolic process",1.77622412758908e-05
"Upb1","GO:0046434","organophosphate catabolic process",1.77622412758908e-05
"Aox1","GO:0046434","organophosphate catabolic process",1.77622412758908e-05
"Nme1","GO:0046434","organophosphate catabolic process",1.77622412758908e-05
"Dpyd","GO:0046434","organophosphate catabolic process",1.77622412758908e-05
"Cda","GO:0046434","organophosphate catabolic process",1.77622412758908e-05
"Dut","GO:0046434","organophosphate catabolic process",1.77622412758908e-05
"Itpa","GO:0046434","organophosphate catabolic process",1.77622412758908e-05
"Xdh","GO:0046434","organophosphate catabolic process",1.77622412758908e-05
"Upp2","GO:0046434","organophosphate catabolic process",1.77622412758908e-05
"Upp1","GO:0034656","nucleobase-containing small molecule catabolic process",2.16319178528972e-05
"Upb1","GO:0034656","nucleobase-containing small molecule catabolic process",2.16319178528972e-05
"Dpyd","GO:0034656","nucleobase-containing small molecule catabolic process",2.16319178528972e-05
"Xdh","GO:0034656","nucleobase-containing small molecule catabolic process",2.16319178528972e-05
"Upp2","GO:0034656","nucleobase-containing small molecule catabolic process",2.16319178528972e-05
"Hprt1","GO:0032263","GMP salvage",3.04857553937777e-05
"Impdh1","GO:0032263","GMP salvage",3.04857553937777e-05
"Impdh2","GO:0032263","GMP salvage",3.04857553937777e-05
"Gmps","GO:0032263","GMP salvage",3.04857553937777e-05
"Upp1","GO:1901658","glycosyl compound catabolic process",3.48838755207632e-05
"Upb1","GO:1901658","glycosyl compound catabolic process",3.48838755207632e-05
"Dpyd","GO:1901658","glycosyl compound catabolic process",3.48838755207632e-05
"Xdh","GO:1901658","glycosyl compound catabolic process",3.48838755207632e-05
"Upp2","GO:1901658","glycosyl compound catabolic process",3.48838755207632e-05
"Nme2","GO:0009152","purine ribonucleotide biosynthetic process",4.31122957486696e-05
"Hprt1","GO:0009152","purine ribonucleotide biosynthetic process",4.31122957486696e-05
"Nme3","GO:0009152","purine ribonucleotide biosynthetic process",4.31122957486696e-05
"Nme7","GO:0009152","purine ribonucleotide biosynthetic process",4.31122957486696e-05
"Nme6","GO:0009152","purine ribonucleotide biosynthetic process",4.31122957486696e-05
"Impdh1","GO:0009152","purine ribonucleotide biosynthetic process",4.31122957486696e-05
"Nme1","GO:0009152","purine ribonucleotide biosynthetic process",4.31122957486696e-05
"Impdh2","GO:0009152","purine ribonucleotide biosynthetic process",4.31122957486696e-05
"Nme4","GO:0009152","purine ribonucleotide biosynthetic process",4.31122957486696e-05
"Gmps","GO:0009152","purine ribonucleotide biosynthetic process",4.31122957486696e-05
"Nme2","GO:0009141","nucleoside triphosphate metabolic process",4.47594898867057e-05
"Nme3","GO:0009141","nucleoside triphosphate metabolic process",4.47594898867057e-05
"Nme7","GO:0009141","nucleoside triphosphate metabolic process",4.47594898867057e-05
"Nme6","GO:0009141","nucleoside triphosphate metabolic process",4.47594898867057e-05
"Impdh1","GO:0009141","nucleoside triphosphate metabolic process",4.47594898867057e-05
"Rrm2b","GO:0009141","nucleoside triphosphate metabolic process",4.47594898867057e-05
"Nme1","GO:0009141","nucleoside triphosphate metabolic process",4.47594898867057e-05
"Impdh2","GO:0009141","nucleoside triphosphate metabolic process",4.47594898867057e-05
"Dut","GO:0009141","nucleoside triphosphate metabolic process",4.47594898867057e-05
"Uck2","GO:0009141","nucleoside triphosphate metabolic process",4.47594898867057e-05
"Uck1","GO:0009141","nucleoside triphosphate metabolic process",4.47594898867057e-05
"Itpa","GO:0009141","nucleoside triphosphate metabolic process",4.47594898867057e-05
"Nme4","GO:0009141","nucleoside triphosphate metabolic process",4.47594898867057e-05
"Ces1e","GO:0010887","negative regulation of cholesterol storage",6.92797925906508e-05
"Ces1g","GO:0010887","negative regulation of cholesterol storage",6.92797925906508e-05
"Ces1f","GO:0010887","negative regulation of cholesterol storage",6.92797925906508e-05
"Ces1a","GO:0010887","negative regulation of cholesterol storage",6.92797925906508e-05
"Hprt1","GO:0046037","GMP metabolic process",7.96313299761683e-05
"Impdh1","GO:0046037","GMP metabolic process",7.96313299761683e-05
"Impdh2","GO:0046037","GMP metabolic process",7.96313299761683e-05
"Xdh","GO:0046037","GMP metabolic process",7.96313299761683e-05
"Gmps","GO:0046037","GMP metabolic process",7.96313299761683e-05
"Aldh9a1","GO:0051259","protein complex oligomerization",8.26225929588102e-05
"Rrm1","GO:0051259","protein complex oligomerization",8.26225929588102e-05
"Hprt1","GO:0051259","protein complex oligomerization",8.26225929588102e-05
"Nme3","GO:0051259","protein complex oligomerization",8.26225929588102e-05
"Upb1","GO:0051259","protein complex oligomerization",8.26225929588102e-05
"Rrm2","GO:0051259","protein complex oligomerization",8.26225929588102e-05
"Tk1","GO:0051259","protein complex oligomerization",8.26225929588102e-05
"Ugt2b1","GO:0051259","protein complex oligomerization",8.26225929588102e-05
"Nme1","GO:0051259","protein complex oligomerization",8.26225929588102e-05
"Ugt1a1","GO:0051259","protein complex oligomerization",8.26225929588102e-05
"Alad","GO:0051259","protein complex oligomerization",8.26225929588102e-05
"Nme4","GO:0051259","protein complex oligomerization",8.26225929588102e-05
"Ugdh","GO:0051259","protein complex oligomerization",8.26225929588102e-05
"Tymp","GO:1901136","carbohydrate derivative catabolic process",9.33013665957104e-05
"Upp1","GO:1901136","carbohydrate derivative catabolic process",9.33013665957104e-05
"Hprt1","GO:1901136","carbohydrate derivative catabolic process",9.33013665957104e-05
"Dpys","GO:1901136","carbohydrate derivative catabolic process",9.33013665957104e-05
"Upb1","GO:1901136","carbohydrate derivative catabolic process",9.33013665957104e-05
"Dpyd","GO:1901136","carbohydrate derivative catabolic process",9.33013665957104e-05
"Gusb","GO:1901136","carbohydrate derivative catabolic process",9.33013665957104e-05
"Cda","GO:1901136","carbohydrate derivative catabolic process",9.33013665957104e-05
"Dut","GO:1901136","carbohydrate derivative catabolic process",9.33013665957104e-05
"Itpa","GO:1901136","carbohydrate derivative catabolic process",9.33013665957104e-05
"Xdh","GO:1901136","carbohydrate derivative catabolic process",9.33013665957104e-05
"Upp2","GO:1901136","carbohydrate derivative catabolic process",9.33013665957104e-05
"Nme3","GO:0034214","protein hexamerization",9.65753111335902e-05
"Nme1","GO:0034214","protein hexamerization",9.65753111335902e-05
"Nme4","GO:0034214","protein hexamerization",9.65753111335902e-05
"Ugdh","GO:0034214","protein hexamerization",9.65753111335902e-05
"Ces1e","GO:0070857","regulation of bile acid biosynthetic process",9.65753111335902e-05
"Ces1g","GO:0070857","regulation of bile acid biosynthetic process",9.65753111335902e-05
"Ces1f","GO:0070857","regulation of bile acid biosynthetic process",9.65753111335902e-05
"Ces1a","GO:0070857","regulation of bile acid biosynthetic process",9.65753111335902e-05
"Cp","GO:0001889","liver development",0.000112271536073818
"Cyp1a1","GO:0001889","liver development",0.000112271536073818
"Upb1","GO:0001889","liver development",0.000112271536073818
"Hmox1","GO:0001889","liver development",0.000112271536073818
"Ephx1","GO:0001889","liver development",0.000112271536073818
"Ugt1a8","GO:0001889","liver development",0.000112271536073818
"Ugt1a7c","GO:0001889","liver development",0.000112271536073818
"Ugt1a9","GO:0001889","liver development",0.000112271536073818
"Hmbs","GO:0001889","liver development",0.000112271536073818
"Ugt1a1","GO:0001889","liver development",0.000112271536073818
"Cp","GO:0061008","hepaticobiliary system development",0.000128396392977085
"Cyp1a1","GO:0061008","hepaticobiliary system development",0.000128396392977085
"Upb1","GO:0061008","hepaticobiliary system development",0.000128396392977085
"Hmox1","GO:0061008","hepaticobiliary system development",0.000128396392977085
"Ephx1","GO:0061008","hepaticobiliary system development",0.000128396392977085
"Ugt1a8","GO:0061008","hepaticobiliary system development",0.000128396392977085
"Ugt1a7c","GO:0061008","hepaticobiliary system development",0.000128396392977085
"Ugt1a9","GO:0061008","hepaticobiliary system development",0.000128396392977085
"Hmbs","GO:0061008","hepaticobiliary system development",0.000128396392977085
"Ugt1a1","GO:0061008","hepaticobiliary system development",0.000128396392977085
"Hpgds","GO:0010269","response to selenium ion",0.00013090400831392
"Ptgs2","GO:0010269","response to selenium ion",0.00013090400831392
"Alad","GO:0010269","response to selenium ion",0.00013090400831392
"Gstt1","GO:0010269","response to selenium ion",0.00013090400831392
"Ces1e","GO:0032782","bile acid secretion",0.00013090400831392
"Ces1g","GO:0032782","bile acid secretion",0.00013090400831392
"Ces1f","GO:0032782","bile acid secretion",0.00013090400831392
"Ces1a","GO:0032782","bile acid secretion",0.00013090400831392
"Fxn","GO:0010888","negative regulation of lipid storage",0.00013090400831392
"Ces1e","GO:0010888","negative regulation of lipid storage",0.00013090400831392
"Ces1g","GO:0010888","negative regulation of lipid storage",0.00013090400831392
"Ces1f","GO:0010888","negative regulation of lipid storage",0.00013090400831392
"Ces1a","GO:0010888","negative regulation of lipid storage",0.00013090400831392
"Nme2","GO:0009206","purine ribonucleoside triphosphate biosynthetic process",0.000131339352912158
"Nme3","GO:0009206","purine ribonucleoside triphosphate biosynthetic process",0.000131339352912158
"Nme7","GO:0009206","purine ribonucleoside triphosphate biosynthetic process",0.000131339352912158
"Nme6","GO:0009206","purine ribonucleoside triphosphate biosynthetic process",0.000131339352912158
"Impdh1","GO:0009206","purine ribonucleoside triphosphate biosynthetic process",0.000131339352912158
"Nme1","GO:0009206","purine ribonucleoside triphosphate biosynthetic process",0.000131339352912158
"Impdh2","GO:0009206","purine ribonucleoside triphosphate biosynthetic process",0.000131339352912158
"Nme4","GO:0009206","purine ribonucleoside triphosphate biosynthetic process",0.000131339352912158
"Nme2","GO:0009145","purine nucleoside triphosphate biosynthetic process",0.000139429760031119
"Nme3","GO:0009145","purine nucleoside triphosphate biosynthetic process",0.000139429760031119
"Nme7","GO:0009145","purine nucleoside triphosphate biosynthetic process",0.000139429760031119
"Nme6","GO:0009145","purine nucleoside triphosphate biosynthetic process",0.000139429760031119
"Impdh1","GO:0009145","purine nucleoside triphosphate biosynthetic process",0.000139429760031119
"Nme1","GO:0009145","purine nucleoside triphosphate biosynthetic process",0.000139429760031119
"Impdh2","GO:0009145","purine nucleoside triphosphate biosynthetic process",0.000139429760031119
"Nme4","GO:0009145","purine nucleoside triphosphate biosynthetic process",0.000139429760031119
"Aldh2","GO:0110095","cellular detoxification of aldehyde",0.000174041642908561
"Adh5","GO:0110095","cellular detoxification of aldehyde",0.000174041642908561
"Adh4","GO:0110095","cellular detoxification of aldehyde",0.000174041642908561
"Akr1a1","GO:0110095","cellular detoxification of aldehyde",0.000174041642908561
"Nme2","GO:0006164","purine nucleotide biosynthetic process",0.000193347166946225
"Hprt1","GO:0006164","purine nucleotide biosynthetic process",0.000193347166946225
"Nme3","GO:0006164","purine nucleotide biosynthetic process",0.000193347166946225
"Nme7","GO:0006164","purine nucleotide biosynthetic process",0.000193347166946225
"Nme6","GO:0006164","purine nucleotide biosynthetic process",0.000193347166946225
"Impdh1","GO:0006164","purine nucleotide biosynthetic process",0.000193347166946225
"Nme1","GO:0006164","purine nucleotide biosynthetic process",0.000193347166946225
"Impdh2","GO:0006164","purine nucleotide biosynthetic process",0.000193347166946225
"Nme4","GO:0006164","purine nucleotide biosynthetic process",0.000193347166946225
"Gmps","GO:0006164","purine nucleotide biosynthetic process",0.000193347166946225
"Hprt1","GO:0006177","GMP biosynthetic process",0.00022441658454676
"Impdh1","GO:0006177","GMP biosynthetic process",0.00022441658454676
"Impdh2","GO:0006177","GMP biosynthetic process",0.00022441658454676
"Gmps","GO:0006177","GMP biosynthetic process",0.00022441658454676
"Tk1","GO:0009120","deoxyribonucleoside metabolic process",0.00022441658454676
"Tk2","GO:0009120","deoxyribonucleoside metabolic process",0.00022441658454676
"Dpyd","GO:0009120","deoxyribonucleoside metabolic process",0.00022441658454676
"Xdh","GO:0009120","deoxyribonucleoside metabolic process",0.00022441658454676
"Hprt1","GO:0106380","purine ribonucleotide salvage",0.00022441658454676
"Impdh1","GO:0106380","purine ribonucleotide salvage",0.00022441658454676
"Impdh2","GO:0106380","purine ribonucleotide salvage",0.00022441658454676
"Gmps","GO:0106380","purine ribonucleotide salvage",0.00022441658454676
"Ces1e","GO:1904251","regulation of bile acid metabolic process",0.00022441658454676
"Ces1g","GO:1904251","regulation of bile acid metabolic process",0.00022441658454676
"Ces1f","GO:1904251","regulation of bile acid metabolic process",0.00022441658454676
"Ces1a","GO:1904251","regulation of bile acid metabolic process",0.00022441658454676
"Ces1e","GO:0043691","reverse cholesterol transport",0.000290088087397233
"Ces1g","GO:0043691","reverse cholesterol transport",0.000290088087397233
"Ces1f","GO:0043691","reverse cholesterol transport",0.000290088087397233
"Ces1a","GO:0043691","reverse cholesterol transport",0.000290088087397233
"Upp1","GO:0009261","ribonucleotide catabolic process",0.000326899607440754
"Hprt1","GO:0009261","ribonucleotide catabolic process",0.000326899607440754
"Dpys","GO:0009261","ribonucleotide catabolic process",0.000326899607440754
"Upb1","GO:0009261","ribonucleotide catabolic process",0.000326899607440754
"Dpyd","GO:0009261","ribonucleotide catabolic process",0.000326899607440754
"Cda","GO:0009261","ribonucleotide catabolic process",0.000326899607440754
"Itpa","GO:0009261","ribonucleotide catabolic process",0.000326899607440754
"Xdh","GO:0009261","ribonucleotide catabolic process",0.000326899607440754
"Upp2","GO:0009261","ribonucleotide catabolic process",0.000326899607440754
"Cp","GO:0034440","lipid oxidation",0.000329509454911801
"Fmo4","GO:0034440","lipid oxidation",0.000329509454911801
"Adh5","GO:0034440","lipid oxidation",0.000329509454911801
"Adh7","GO:0034440","lipid oxidation",0.000329509454911801
"Adh4","GO:0034440","lipid oxidation",0.000329509454911801
"Blvra","GO:0034440","lipid oxidation",0.000329509454911801
"Fmo2","GO:0034440","lipid oxidation",0.000329509454911801
"Fmo1","GO:0034440","lipid oxidation",0.000329509454911801
"Ces1e","GO:0010885","regulation of cholesterol storage",0.0004544384445696
"Ces1g","GO:0010885","regulation of cholesterol storage",0.0004544384445696
"Ces1f","GO:0010885","regulation of cholesterol storage",0.0004544384445696
"Ces1a","GO:0010885","regulation of cholesterol storage",0.0004544384445696
"Gsto1","GO:0071243","cellular response to arsenic-containing substance",0.0004544384445696
"Hmox1","GO:0071243","cellular response to arsenic-containing substance",0.0004544384445696
"Uros","GO:0071243","cellular response to arsenic-containing substance",0.0004544384445696
"Gsto2","GO:0071243","cellular response to arsenic-containing substance",0.0004544384445696
"Hmox1","GO:0110076","negative regulation of ferroptosis",0.0004544384445696
"Fth1","GO:0110076","negative regulation of ferroptosis",0.0004544384445696
"Aldh7a1","GO:0110076","negative regulation of ferroptosis",0.0004544384445696
"Gstp1","GO:0110076","negative regulation of ferroptosis",0.0004544384445696
"Maob","GO:0006584","catecholamine metabolic process",0.000468550711886234
"Hprt1","GO:0006584","catecholamine metabolic process",0.000468550711886234
"Aldh2","GO:0006584","catecholamine metabolic process",0.000468550711886234
"Kl","GO:0006584","catecholamine metabolic process",0.000468550711886234
"Maoa","GO:0006584","catecholamine metabolic process",0.000468550711886234
"Sult1a1","GO:0006584","catecholamine metabolic process",0.000468550711886234
"Maob","GO:0009712","catechol-containing compound metabolic process",0.000468550711886234
"Hprt1","GO:0009712","catechol-containing compound metabolic process",0.000468550711886234
"Aldh2","GO:0009712","catechol-containing compound metabolic process",0.000468550711886234
"Kl","GO:0009712","catechol-containing compound metabolic process",0.000468550711886234
"Maoa","GO:0009712","catechol-containing compound metabolic process",0.000468550711886234
"Sult1a1","GO:0009712","catechol-containing compound metabolic process",0.000468550711886234
"Sult2a8","GO:0072329","monocarboxylic acid catabolic process",0.000548796577982649
"Sord","GO:0072329","monocarboxylic acid catabolic process",0.000548796577982649
"Cryl1","GO:0072329","monocarboxylic acid catabolic process",0.000548796577982649
"Ces1f","GO:0072329","monocarboxylic acid catabolic process",0.000548796577982649
"Dcxr","GO:0072329","monocarboxylic acid catabolic process",0.000548796577982649
"Xylb","GO:0072329","monocarboxylic acid catabolic process",0.000548796577982649
"Ces1d","GO:0072329","monocarboxylic acid catabolic process",0.000548796577982649
"Akr1a1","GO:0072329","monocarboxylic acid catabolic process",0.000548796577982649
"Maob","GO:0009308","amine metabolic process",0.000689109063960467
"Hprt1","GO:0009308","amine metabolic process",0.000689109063960467
"Cyp1a1","GO:0009308","amine metabolic process",0.000689109063960467
"Aldh2","GO:0009308","amine metabolic process",0.000689109063960467
"Kl","GO:0009308","amine metabolic process",0.000689109063960467
"Maoa","GO:0009308","amine metabolic process",0.000689109063960467
"Sult1a1","GO:0009308","amine metabolic process",0.000689109063960467
"Hprt1","GO:0009167","purine ribonucleoside monophosphate metabolic process",0.000734823374210369
"Impdh1","GO:0009167","purine ribonucleoside monophosphate metabolic process",0.000734823374210369
"Impdh2","GO:0009167","purine ribonucleoside monophosphate metabolic process",0.000734823374210369
"Xdh","GO:0009167","purine ribonucleoside monophosphate metabolic process",0.000734823374210369
"Gmps","GO:0009167","purine ribonucleoside monophosphate metabolic process",0.000734823374210369
"Hprt1","GO:0009168","purine ribonucleoside monophosphate biosynthetic process",0.000982018116522809
"Impdh1","GO:0009168","purine ribonucleoside monophosphate biosynthetic process",0.000982018116522809
"Impdh2","GO:0009168","purine ribonucleoside monophosphate biosynthetic process",0.000982018116522809
"Gmps","GO:0009168","purine ribonucleoside monophosphate biosynthetic process",0.000982018116522809
"Hprt1","GO:0009126","purine nucleoside monophosphate metabolic process",0.00101610002770173
"Impdh1","GO:0009126","purine nucleoside monophosphate metabolic process",0.00101610002770173
"Impdh2","GO:0009126","purine nucleoside monophosphate metabolic process",0.00101610002770173
"Xdh","GO:0009126","purine nucleoside monophosphate metabolic process",0.00101610002770173
"Gmps","GO:0009126","purine nucleoside monophosphate metabolic process",0.00101610002770173
"Nme2","GO:0062012","regulation of small molecule metabolic process",0.0010284429461626
"Ces1e","GO:0062012","regulation of small molecule metabolic process",0.0010284429461626
"Fmo4","GO:0062012","regulation of small molecule metabolic process",0.0010284429461626
"Ces1g","GO:0062012","regulation of small molecule metabolic process",0.0010284429461626
"Ces1f","GO:0062012","regulation of small molecule metabolic process",0.0010284429461626
"Nme1","GO:0062012","regulation of small molecule metabolic process",0.0010284429461626
"Ptgs2","GO:0062012","regulation of small molecule metabolic process",0.0010284429461626
"Fmo5","GO:0062012","regulation of small molecule metabolic process",0.0010284429461626
"Fmo2","GO:0062012","regulation of small molecule metabolic process",0.0010284429461626
"Fmo1","GO:0062012","regulation of small molecule metabolic process",0.0010284429461626
"Rgn","GO:0062012","regulation of small molecule metabolic process",0.0010284429461626
"Ces1a","GO:0062012","regulation of small molecule metabolic process",0.0010284429461626
"Hsd11b1","GO:0062012","regulation of small molecule metabolic process",0.0010284429461626
"Hprt1","GO:0009127","purine nucleoside monophosphate biosynthetic process",0.00135143837883342
"Impdh1","GO:0009127","purine nucleoside monophosphate biosynthetic process",0.00135143837883342
"Impdh2","GO:0009127","purine nucleoside monophosphate biosynthetic process",0.00135143837883342
"Gmps","GO:0009127","purine nucleoside monophosphate biosynthetic process",0.00135143837883342
"Ces1e","GO:0010878","cholesterol storage",0.00135143837883342
"Ces1g","GO:0010878","cholesterol storage",0.00135143837883342
"Ces1f","GO:0010878","cholesterol storage",0.00135143837883342
"Ces1a","GO:0010878","cholesterol storage",0.00135143837883342
"Aldh2","GO:0110096","cellular response to aldehyde",0.00135143837883342
"Adh5","GO:0110096","cellular response to aldehyde",0.00135143837883342
"Adh4","GO:0110096","cellular response to aldehyde",0.00135143837883342
"Akr1a1","GO:0110096","cellular response to aldehyde",0.00135143837883342
"Ugt1a6a","GO:0051384","response to glucocorticoid",0.00149527652346139
"Fech","GO:0051384","response to glucocorticoid",0.00149527652346139
"Ugt1a6b","GO:0051384","response to glucocorticoid",0.00149527652346139
"Ephx1","GO:0051384","response to glucocorticoid",0.00149527652346139
"Aldh3a1","GO:0051384","response to glucocorticoid",0.00149527652346139
"Gstp1","GO:0051384","response to glucocorticoid",0.00149527652346139
"Alad","GO:0051384","response to glucocorticoid",0.00149527652346139
"Sult1a1","GO:0051384","response to glucocorticoid",0.00149527652346139
"Cyp1b1","GO:0006979","response to oxidative stress",0.00154515340877821
"Aldh3a2","GO:0006979","response to oxidative stress",0.00154515340877821
"Fxn","GO:0006979","response to oxidative stress",0.00154515340877821
"Aldh3b1","GO:0006979","response to oxidative stress",0.00154515340877821
"Mpo","GO:0006979","response to oxidative stress",0.00154515340877821
"Hmox2","GO:0006979","response to oxidative stress",0.00154515340877821
"Hmox1","GO:0006979","response to oxidative stress",0.00154515340877821
"Rrm2b","GO:0006979","response to oxidative stress",0.00154515340877821
"Mgst1","GO:0006979","response to oxidative stress",0.00154515340877821
"Ptgs2","GO:0006979","response to oxidative stress",0.00154515340877821
"Blvra","GO:0006979","response to oxidative stress",0.00154515340877821
"Gstp1","GO:0006979","response to oxidative stress",0.00154515340877821
"Alad","GO:0006979","response to oxidative stress",0.00154515340877821
"Cp","GO:0019395","fatty acid oxidation",0.00155055117858362
"Fmo4","GO:0019395","fatty acid oxidation",0.00155055117858362
"Adh5","GO:0019395","fatty acid oxidation",0.00155055117858362
"Adh7","GO:0019395","fatty acid oxidation",0.00155055117858362
"Adh4","GO:0019395","fatty acid oxidation",0.00155055117858362
"Fmo2","GO:0019395","fatty acid oxidation",0.00155055117858362
"Fmo1","GO:0019395","fatty acid oxidation",0.00155055117858362
"Maob","GO:0042417","dopamine metabolic process",0.0016186514846843
"Hprt1","GO:0042417","dopamine metabolic process",0.0016186514846843
"Aldh2","GO:0042417","dopamine metabolic process",0.0016186514846843
"Maoa","GO:0042417","dopamine metabolic process",0.0016186514846843
"Sult1a1","GO:0042417","dopamine metabolic process",0.0016186514846843
"Nme2","GO:0019217","regulation of fatty acid metabolic process",0.0016186514846843
"Fmo4","GO:0019217","regulation of fatty acid metabolic process",0.0016186514846843
"Nme1","GO:0019217","regulation of fatty acid metabolic process",0.0016186514846843
"Ptgs2","GO:0019217","regulation of fatty acid metabolic process",0.0016186514846843
"Fmo2","GO:0019217","regulation of fatty acid metabolic process",0.0016186514846843
"Fmo1","GO:0019217","regulation of fatty acid metabolic process",0.0016186514846843
"Rgn","GO:0019217","regulation of fatty acid metabolic process",0.0016186514846843
"Nme2","GO:0072522","purine-containing compound biosynthetic process",0.0016186514846843
"Hprt1","GO:0072522","purine-containing compound biosynthetic process",0.0016186514846843
"Nme3","GO:0072522","purine-containing compound biosynthetic process",0.0016186514846843
"Nme7","GO:0072522","purine-containing compound biosynthetic process",0.0016186514846843
"Nme6","GO:0072522","purine-containing compound biosynthetic process",0.0016186514846843
"Impdh1","GO:0072522","purine-containing compound biosynthetic process",0.0016186514846843
"Nme1","GO:0072522","purine-containing compound biosynthetic process",0.0016186514846843
"Impdh2","GO:0072522","purine-containing compound biosynthetic process",0.0016186514846843
"Nme4","GO:0072522","purine-containing compound biosynthetic process",0.0016186514846843
"Gmps","GO:0072522","purine-containing compound biosynthetic process",0.0016186514846843
"Fxn","GO:0010038","response to metal ion",0.00175267863956919
"Cp","GO:0010038","response to metal ion",0.00175267863956919
"Fech","GO:0010038","response to metal ion",0.00175267863956919
"Sord","GO:0010038","response to metal ion",0.00175267863956919
"Cyp1a1","GO:0010038","response to metal ion",0.00175267863956919
"Alas1","GO:0010038","response to metal ion",0.00175267863956919
"Hmox1","GO:0010038","response to metal ion",0.00175267863956919
"Cyp1a2","GO:0010038","response to metal ion",0.00175267863956919
"Cpox","GO:0010038","response to metal ion",0.00175267863956919
"Alad","GO:0010038","response to metal ion",0.00175267863956919
"Xdh","GO:0010038","response to metal ion",0.00175267863956919
"Uros","GO:0010038","response to metal ion",0.00175267863956919
"Akr1b1","GO:0046364","monosaccharide biosynthetic process",0.0017716640403157
"Gsto1","GO:0046364","monosaccharide biosynthetic process",0.0017716640403157
"Ugt1a6a","GO:0046364","monosaccharide biosynthetic process",0.0017716640403157
"Sord","GO:0046364","monosaccharide biosynthetic process",0.0017716640403157
"Gulo","GO:0046364","monosaccharide biosynthetic process",0.0017716640403157
"Rgn","GO:0046364","monosaccharide biosynthetic process",0.0017716640403157
"Akr1a1","GO:0046364","monosaccharide biosynthetic process",0.0017716640403157
"Hprt1","GO:0032261","purine nucleotide salvage",0.00177317347151635
"Impdh1","GO:0032261","purine nucleotide salvage",0.00177317347151635
"Impdh2","GO:0032261","purine nucleotide salvage",0.00177317347151635
"Gmps","GO:0032261","purine nucleotide salvage",0.00177317347151635
"Hmox1","GO:0110075","regulation of ferroptosis",0.0020462530548322
"Fth1","GO:0110075","regulation of ferroptosis",0.0020462530548322
"Aldh7a1","GO:0110075","regulation of ferroptosis",0.0020462530548322
"Gstp1","GO:0110075","regulation of ferroptosis",0.0020462530548322
"Fxn","GO:0010883","regulation of lipid storage",0.00207079543699292
"Ces1e","GO:0010883","regulation of lipid storage",0.00207079543699292
"Ces1g","GO:0010883","regulation of lipid storage",0.00207079543699292
"Ces1f","GO:0010883","regulation of lipid storage",0.00207079543699292
"Ces1a","GO:0010883","regulation of lipid storage",0.00207079543699292
"Fech","GO:0017085","response to insecticide",0.00229434399270988
"Cyp1a1","GO:0017085","response to insecticide",0.00229434399270988
"Cpox","GO:0017085","response to insecticide",0.00229434399270988
"Fmo6","GO:0019530","taurine metabolic process",0.00229434399270988
"Fmo3","GO:0019530","taurine metabolic process",0.00229434399270988
"Fmo1","GO:0019530","taurine metabolic process",0.00229434399270988
"Fmo6","GO:0019694","alkanesulfonate metabolic process",0.00229434399270988
"Fmo3","GO:0019694","alkanesulfonate metabolic process",0.00229434399270988
"Fmo1","GO:0019694","alkanesulfonate metabolic process",0.00229434399270988
"Ces1e","GO:0010875","positive regulation of cholesterol efflux",0.00229434399270988
"Ces1g","GO:0010875","positive regulation of cholesterol efflux",0.00229434399270988
"Ces1f","GO:0010875","positive regulation of cholesterol efflux",0.00229434399270988
"Ces1a","GO:0010875","positive regulation of cholesterol efflux",0.00229434399270988
"Hmox1","GO:0097707","ferroptosis",0.00229434399270988
"Fth1","GO:0097707","ferroptosis",0.00229434399270988
"Aldh7a1","GO:0097707","ferroptosis",0.00229434399270988
"Gstp1","GO:0097707","ferroptosis",0.00229434399270988
"Nme2","GO:0019216","regulation of lipid metabolic process",0.0025928098097665
"Ces1e","GO:0019216","regulation of lipid metabolic process",0.0025928098097665
"Fmo4","GO:0019216","regulation of lipid metabolic process",0.0025928098097665
"Ces1g","GO:0019216","regulation of lipid metabolic process",0.0025928098097665
"Ces1f","GO:0019216","regulation of lipid metabolic process",0.0025928098097665
"Nme1","GO:0019216","regulation of lipid metabolic process",0.0025928098097665
"Ptgs2","GO:0019216","regulation of lipid metabolic process",0.0025928098097665
"Fmo5","GO:0019216","regulation of lipid metabolic process",0.0025928098097665
"Fmo2","GO:0019216","regulation of lipid metabolic process",0.0025928098097665
"Fmo1","GO:0019216","regulation of lipid metabolic process",0.0025928098097665
"Rgn","GO:0019216","regulation of lipid metabolic process",0.0025928098097665
"Ces1a","GO:0019216","regulation of lipid metabolic process",0.0025928098097665
"Hprt1","GO:0043101","purine-containing compound salvage",0.00260714172958309
"Impdh1","GO:0043101","purine-containing compound salvage",0.00260714172958309
"Impdh2","GO:0043101","purine-containing compound salvage",0.00260714172958309
"Gmps","GO:0043101","purine-containing compound salvage",0.00260714172958309
"Maob","GO:0006576","biogenic amine metabolic process",0.00286567910964025
"Hprt1","GO:0006576","biogenic amine metabolic process",0.00286567910964025
"Aldh2","GO:0006576","biogenic amine metabolic process",0.00286567910964025
"Kl","GO:0006576","biogenic amine metabolic process",0.00286567910964025
"Maoa","GO:0006576","biogenic amine metabolic process",0.00286567910964025
"Sult1a1","GO:0006576","biogenic amine metabolic process",0.00286567910964025
"Ugt1a6a","GO:0031960","response to corticosteroid",0.00286567910964025
"Fech","GO:0031960","response to corticosteroid",0.00286567910964025
"Ugt1a6b","GO:0031960","response to corticosteroid",0.00286567910964025
"Ephx1","GO:0031960","response to corticosteroid",0.00286567910964025
"Aldh3a1","GO:0031960","response to corticosteroid",0.00286567910964025
"Gstp1","GO:0031960","response to corticosteroid",0.00286567910964025
"Alad","GO:0031960","response to corticosteroid",0.00286567910964025
"Sult1a1","GO:0031960","response to corticosteroid",0.00286567910964025
"Ces1e","GO:0006699","bile acid biosynthetic process",0.0028827854570801
"Ces1g","GO:0006699","bile acid biosynthetic process",0.0028827854570801
"Ces1f","GO:0006699","bile acid biosynthetic process",0.0028827854570801
"Ces1a","GO:0006699","bile acid biosynthetic process",0.0028827854570801
"Upp1","GO:0009119","ribonucleoside metabolic process",0.0028827854570801
"Hprt1","GO:0009119","ribonucleoside metabolic process",0.0028827854570801
"Xdh","GO:0009119","ribonucleoside metabolic process",0.0028827854570801
"Upp2","GO:0009119","ribonucleoside metabolic process",0.0028827854570801
"Akr1c21","GO:0030638","polyketide metabolic process",0.0028827854570801
"Akr1b1","GO:0030638","polyketide metabolic process",0.0028827854570801
"Akr1a1","GO:0030638","polyketide metabolic process",0.0028827854570801
"Upp1","GO:0042454","ribonucleoside catabolic process",0.0028827854570801
"Xdh","GO:0042454","ribonucleoside catabolic process",0.0028827854570801
"Upp2","GO:0042454","ribonucleoside catabolic process",0.0028827854570801
"Akr1c21","GO:0044597","daunorubicin metabolic process",0.0028827854570801
"Akr1b1","GO:0044597","daunorubicin metabolic process",0.0028827854570801
"Akr1a1","GO:0044597","daunorubicin metabolic process",0.0028827854570801
"Akr1c21","GO:0044598","doxorubicin metabolic process",0.0028827854570801
"Akr1b1","GO:0044598","doxorubicin metabolic process",0.0028827854570801
"Akr1a1","GO:0044598","doxorubicin metabolic process",0.0028827854570801
"Ces1e","GO:0090181","regulation of cholesterol metabolic process",0.0032017724691558
"Ces1g","GO:0090181","regulation of cholesterol metabolic process",0.0032017724691558
"Ces1f","GO:0090181","regulation of cholesterol metabolic process",0.0032017724691558
"Fmo5","GO:0090181","regulation of cholesterol metabolic process",0.0032017724691558
"Ces1a","GO:0090181","regulation of cholesterol metabolic process",0.0032017724691558
"Fxn","GO:1905953","negative regulation of lipid localization",0.00402464001373712
"Ces1e","GO:1905953","negative regulation of lipid localization",0.00402464001373712
"Ces1g","GO:1905953","negative regulation of lipid localization",0.00402464001373712
"Ces1f","GO:1905953","negative regulation of lipid localization",0.00402464001373712
"Ces1a","GO:1905953","negative regulation of lipid localization",0.00402464001373712
"Fxn","GO:0010039","response to iron ion",0.00409981575489955
"Cyp1a1","GO:0010039","response to iron ion",0.00409981575489955
"Cpox","GO:0010039","response to iron ion",0.00409981575489955
"Alad","GO:0010039","response to iron ion",0.00409981575489955
"Ugt1a6a","GO:0048545","response to steroid hormone",0.00440360968000748
"Fech","GO:0048545","response to steroid hormone",0.00440360968000748
"Maob","GO:0048545","response to steroid hormone",0.00440360968000748
"Cbr1","GO:0048545","response to steroid hormone",0.00440360968000748
"Ugt1a6b","GO:0048545","response to steroid hormone",0.00440360968000748
"Ephx1","GO:0048545","response to steroid hormone",0.00440360968000748
"Aldh3a1","GO:0048545","response to steroid hormone",0.00440360968000748
"Gstp1","GO:0048545","response to steroid hormone",0.00440360968000748
"Alad","GO:0048545","response to steroid hormone",0.00440360968000748
"Adh1","GO:0048545","response to steroid hormone",0.00440360968000748
"Sult1a1","GO:0048545","response to steroid hormone",0.00440360968000748
"Sult2a8","GO:0016054","organic acid catabolic process",0.0044314726079514
"Sord","GO:0016054","organic acid catabolic process",0.0044314726079514
"Cryl1","GO:0016054","organic acid catabolic process",0.0044314726079514
"Ces1f","GO:0016054","organic acid catabolic process",0.0044314726079514
"Dcxr","GO:0016054","organic acid catabolic process",0.0044314726079514
"Aldh7a1","GO:0016054","organic acid catabolic process",0.0044314726079514
"Xylb","GO:0016054","organic acid catabolic process",0.0044314726079514
"Ces1d","GO:0016054","organic acid catabolic process",0.0044314726079514
"Akr1a1","GO:0016054","organic acid catabolic process",0.0044314726079514
"Sult2a8","GO:0046395","carboxylic acid catabolic process",0.0044314726079514
"Sord","GO:0046395","carboxylic acid catabolic process",0.0044314726079514
"Cryl1","GO:0046395","carboxylic acid catabolic process",0.0044314726079514
"Ces1f","GO:0046395","carboxylic acid catabolic process",0.0044314726079514
"Dcxr","GO:0046395","carboxylic acid catabolic process",0.0044314726079514
"Aldh7a1","GO:0046395","carboxylic acid catabolic process",0.0044314726079514
"Xylb","GO:0046395","carboxylic acid catabolic process",0.0044314726079514
"Ces1d","GO:0046395","carboxylic acid catabolic process",0.0044314726079514
"Akr1a1","GO:0046395","carboxylic acid catabolic process",0.0044314726079514
"Fech","GO:0060586","multicellular organismal-level iron ion homeostasis",0.00450318655529342
"Hephl1","GO:0060586","multicellular organismal-level iron ion homeostasis",0.00450318655529342
"Hmox1","GO:0060586","multicellular organismal-level iron ion homeostasis",0.00450318655529342
"Heph","GO:0060586","multicellular organismal-level iron ion homeostasis",0.00450318655529342
"Ces1e","GO:0090205","positive regulation of cholesterol metabolic process",0.00450318655529342
"Ces1g","GO:0090205","positive regulation of cholesterol metabolic process",0.00450318655529342
"Ces1f","GO:0090205","positive regulation of cholesterol metabolic process",0.00450318655529342
"Ces1a","GO:0090205","positive regulation of cholesterol metabolic process",0.00450318655529342
"Rrm1","GO:0051291","protein heterooligomerization",0.00501365115760847
"Rrm2","GO:0051291","protein heterooligomerization",0.00501365115760847
"Ugt2b1","GO:0051291","protein heterooligomerization",0.00501365115760847
"Ugt1a1","GO:0051291","protein heterooligomerization",0.00501365115760847
"Cyp1a1","GO:0009624","response to nematode",0.00558980214248999
"Hpgds","GO:0009624","response to nematode",0.00558980214248999
"Ptgs2","GO:0009624","response to nematode",0.00558980214248999
"Alas2","GO:0042541","hemoglobin biosynthetic process",0.00558980214248999
"Fech","GO:0042541","hemoglobin biosynthetic process",0.00558980214248999
"Alas1","GO:0042541","hemoglobin biosynthetic process",0.00558980214248999
"Cyp1b1","GO:0072593","reactive oxygen species metabolic process",0.0058139714335641
"Mpo","GO:0072593","reactive oxygen species metabolic process",0.0058139714335641
"Cbr1","GO:0072593","reactive oxygen species metabolic process",0.0058139714335641
"Cyp1a1","GO:0072593","reactive oxygen species metabolic process",0.0058139714335641
"Aldh2","GO:0072593","reactive oxygen species metabolic process",0.0058139714335641
"Cyp1a2","GO:0072593","reactive oxygen species metabolic process",0.0058139714335641
"Dcxr","GO:0072593","reactive oxygen species metabolic process",0.0058139714335641
"Blvra","GO:0072593","reactive oxygen species metabolic process",0.0058139714335641
"Gstp1","GO:0072593","reactive oxygen species metabolic process",0.0058139714335641
"Fxn","GO:0006826","iron ion transport",0.00591099056295295
"Ftl1","GO:0006826","iron ion transport",0.00591099056295295
"Ftmt","GO:0006826","iron ion transport",0.00591099056295295
"Fth1","GO:0006826","iron ion transport",0.00591099056295295
"Heph","GO:0006826","iron ion transport",0.00591099056295295
"Nme7","GO:0006308","DNA catabolic process",0.00602809292590423
"Nme1","GO:0006308","DNA catabolic process",0.00602809292590423
"Blvra","GO:0006308","DNA catabolic process",0.00602809292590423
"Rgn","GO:0006308","DNA catabolic process",0.00602809292590423
"Ces1e","GO:0032373","positive regulation of sterol transport",0.00602809292590423
"Ces1g","GO:0032373","positive regulation of sterol transport",0.00602809292590423
"Ces1f","GO:0032373","positive regulation of sterol transport",0.00602809292590423
"Ces1a","GO:0032373","positive regulation of sterol transport",0.00602809292590423
"Ces1e","GO:0032376","positive regulation of cholesterol transport",0.00602809292590423
"Ces1g","GO:0032376","positive regulation of cholesterol transport",0.00602809292590423
"Ces1f","GO:0032376","positive regulation of cholesterol transport",0.00602809292590423
"Ces1a","GO:0032376","positive regulation of cholesterol transport",0.00602809292590423
"Cyp1b1","GO:0042574","retinal metabolic process",0.00667280042932598
"Akr1b10","GO:0042574","retinal metabolic process",0.00667280042932598
"Akr1b8","GO:0042574","retinal metabolic process",0.00667280042932598
"Ugt1a6a","GO:0071385","cellular response to glucocorticoid stimulus",0.00754455345854949
"Fech","GO:0071385","cellular response to glucocorticoid stimulus",0.00754455345854949
"Ugt1a6b","GO:0071385","cellular response to glucocorticoid stimulus",0.00754455345854949
"Ephx1","GO:0071385","cellular response to glucocorticoid stimulus",0.00754455345854949
"Gstp1","GO:0071385","cellular response to glucocorticoid stimulus",0.00754455345854949
"Rrm1","GO:0006264","mitochondrial DNA replication",0.00789496641389055
"Tk2","GO:0006264","mitochondrial DNA replication",0.00789496641389055
"Rrm2b","GO:0006264","mitochondrial DNA replication",0.00789496641389055
"Maob","GO:0042402","biogenic amine catabolic process",0.00789496641389055
"Maoa","GO:0042402","biogenic amine catabolic process",0.00789496641389055
"Sult1a1","GO:0042402","biogenic amine catabolic process",0.00789496641389055
"Cmpk1","GO:0046112","nucleobase biosynthetic process",0.00789496641389055
"Umps","GO:0046112","nucleobase biosynthetic process",0.00789496641389055
"Hprt1","GO:0046112","nucleobase biosynthetic process",0.00789496641389055
"Fmo4","GO:0046322","negative regulation of fatty acid oxidation",0.00789496641389055
"Fmo2","GO:0046322","negative regulation of fatty acid oxidation",0.00789496641389055
"Fmo1","GO:0046322","negative regulation of fatty acid oxidation",0.00789496641389055
"Fxn","GO:0000041","transition metal ion transport",0.0081012316538838
"Ftl1","GO:0000041","transition metal ion transport",0.0081012316538838
"Ftmt","GO:0000041","transition metal ion transport",0.0081012316538838
"Hephl1","GO:0000041","transition metal ion transport",0.0081012316538838
"Fth1","GO:0000041","transition metal ion transport",0.0081012316538838
"Heph","GO:0000041","transition metal ion transport",0.0081012316538838
"Ces1e","GO:0010874","regulation of cholesterol efflux",0.00863535596059995
"Ces1g","GO:0010874","regulation of cholesterol efflux",0.00863535596059995
"Ces1f","GO:0010874","regulation of cholesterol efflux",0.00863535596059995
"Ces1a","GO:0010874","regulation of cholesterol efflux",0.00863535596059995
"Maob","GO:0009310","amine catabolic process",0.0092709854335065
"Maoa","GO:0009310","amine catabolic process",0.0092709854335065
"Sult1a1","GO:0009310","amine catabolic process",0.0092709854335065
"Akr1c21","GO:0016137","glycoside metabolic process",0.0092709854335065
"Akr1b1","GO:0016137","glycoside metabolic process",0.0092709854335065
"Akr1a1","GO:0016137","glycoside metabolic process",0.0092709854335065
"Nme2","GO:0009205","purine ribonucleoside triphosphate metabolic process",0.0111096610893116
"Nme3","GO:0009205","purine ribonucleoside triphosphate metabolic process",0.0111096610893116
"Nme7","GO:0009205","purine ribonucleoside triphosphate metabolic process",0.0111096610893116
"Nme6","GO:0009205","purine ribonucleoside triphosphate metabolic process",0.0111096610893116
"Impdh1","GO:0009205","purine ribonucleoside triphosphate metabolic process",0.0111096610893116
"Nme1","GO:0009205","purine ribonucleoside triphosphate metabolic process",0.0111096610893116
"Impdh2","GO:0009205","purine ribonucleoside triphosphate metabolic process",0.0111096610893116
"Itpa","GO:0009205","purine ribonucleoside triphosphate metabolic process",0.0111096610893116
"Nme4","GO:0009205","purine ribonucleoside triphosphate metabolic process",0.0111096610893116
"Ugt1a6a","GO:0071384","cellular response to corticosteroid stimulus",0.0117520974070681
"Fech","GO:0071384","cellular response to corticosteroid stimulus",0.0117520974070681
"Ugt1a6b","GO:0071384","cellular response to corticosteroid stimulus",0.0117520974070681
"Ephx1","GO:0071384","cellular response to corticosteroid stimulus",0.0117520974070681
"Gstp1","GO:0071384","cellular response to corticosteroid stimulus",0.0117520974070681
"Aldh9a1","GO:0051262","protein tetramerization",0.0118408794479205
"Rrm1","GO:0051262","protein tetramerization",0.0118408794479205
"Hprt1","GO:0051262","protein tetramerization",0.0118408794479205
"Upb1","GO:0051262","protein tetramerization",0.0118408794479205
"Rrm2","GO:0051262","protein tetramerization",0.0118408794479205
"Tk1","GO:0051262","protein tetramerization",0.0118408794479205
"Ces1e","GO:0097305","response to alcohol",0.0121740162133373
"Fech","GO:0097305","response to alcohol",0.0121740162133373
"Aldh2","GO:0097305","response to alcohol",0.0121740162133373
"Adh7","GO:0097305","response to alcohol",0.0121740162133373
"Ces1f","GO:0097305","response to alcohol",0.0121740162133373
"Alas1","GO:0097305","response to alcohol",0.0121740162133373
"Gstp1","GO:0097305","response to alcohol",0.0121740162133373
"Alad","GO:0097305","response to alcohol",0.0121740162133373
"Adh1","GO:0097305","response to alcohol",0.0121740162133373
"Ces1a","GO:0097305","response to alcohol",0.0121740162133373
"Ces1e","GO:0071397","cellular response to cholesterol",0.0125554393829336
"Ces1f","GO:0071397","cellular response to cholesterol",0.0125554393829336
"Ces1a","GO:0071397","cellular response to cholesterol",0.0125554393829336
"Akr1b1","GO:0016051","carbohydrate biosynthetic process",0.0128768859569709
"Gsto1","GO:0016051","carbohydrate biosynthetic process",0.0128768859569709
"Ugt1a6a","GO:0016051","carbohydrate biosynthetic process",0.0128768859569709
"Sord","GO:0016051","carbohydrate biosynthetic process",0.0128768859569709
"Gulo","GO:0016051","carbohydrate biosynthetic process",0.0128768859569709
"Ugp2","GO:0016051","carbohydrate biosynthetic process",0.0128768859569709
"Rgn","GO:0016051","carbohydrate biosynthetic process",0.0128768859569709
"Akr1a1","GO:0016051","carbohydrate biosynthetic process",0.0128768859569709
"Nme2","GO:0009144","purine nucleoside triphosphate metabolic process",0.0132758258318783
"Nme3","GO:0009144","purine nucleoside triphosphate metabolic process",0.0132758258318783
"Nme7","GO:0009144","purine nucleoside triphosphate metabolic process",0.0132758258318783
"Nme6","GO:0009144","purine nucleoside triphosphate metabolic process",0.0132758258318783
"Impdh1","GO:0009144","purine nucleoside triphosphate metabolic process",0.0132758258318783
"Nme1","GO:0009144","purine nucleoside triphosphate metabolic process",0.0132758258318783
"Impdh2","GO:0009144","purine nucleoside triphosphate metabolic process",0.0132758258318783
"Itpa","GO:0009144","purine nucleoside triphosphate metabolic process",0.0132758258318783
"Nme4","GO:0009144","purine nucleoside triphosphate metabolic process",0.0132758258318783
"Fech","GO:0045471","response to ethanol",0.0133875340084925
"Aldh2","GO:0045471","response to ethanol",0.0133875340084925
"Adh7","GO:0045471","response to ethanol",0.0133875340084925
"Alas1","GO:0045471","response to ethanol",0.0133875340084925
"Gstp1","GO:0045471","response to ethanol",0.0133875340084925
"Alad","GO:0045471","response to ethanol",0.0133875340084925
"Adh1","GO:0045471","response to ethanol",0.0133875340084925
"Alas2","GO:0020027","hemoglobin metabolic process",0.0142879476161779
"Fech","GO:0020027","hemoglobin metabolic process",0.0142879476161779
"Alas1","GO:0020027","hemoglobin metabolic process",0.0142879476161779
"Ces1e","GO:0051791","medium-chain fatty acid metabolic process",0.0142879476161779
"Ces1f","GO:0051791","medium-chain fatty acid metabolic process",0.0142879476161779
"Ces1a","GO:0051791","medium-chain fatty acid metabolic process",0.0142879476161779
"Sord","GO:0046686","response to cadmium ion",0.0148892349054175
"Hmox1","GO:0046686","response to cadmium ion",0.0148892349054175
"Cyp1a2","GO:0046686","response to cadmium ion",0.0148892349054175
"Alad","GO:0046686","response to cadmium ion",0.0148892349054175
"Nme2","GO:0046890","regulation of lipid biosynthetic process",0.015749823682207
"Ces1e","GO:0046890","regulation of lipid biosynthetic process",0.015749823682207
"Ces1g","GO:0046890","regulation of lipid biosynthetic process",0.015749823682207
"Ces1f","GO:0046890","regulation of lipid biosynthetic process",0.015749823682207
"Nme1","GO:0046890","regulation of lipid biosynthetic process",0.015749823682207
"Ptgs2","GO:0046890","regulation of lipid biosynthetic process",0.015749823682207
"Rgn","GO:0046890","regulation of lipid biosynthetic process",0.015749823682207
"Ces1a","GO:0046890","regulation of lipid biosynthetic process",0.015749823682207
"Rpe","GO:0006739","NADP+ metabolic process",0.0172164428967746
"Dcxr","GO:0006739","NADP+ metabolic process",0.0172164428967746
"Fmo2","GO:0006739","NADP+ metabolic process",0.0172164428967746
"Hsd11b1","GO:0006739","NADP+ metabolic process",0.0172164428967746
"Hprt1","GO:0006144","purine nucleobase metabolic process",0.0184564884293724
"Dpyd","GO:0006144","purine nucleobase metabolic process",0.0184564884293724
"Xdh","GO:0006144","purine nucleobase metabolic process",0.0184564884293724
"Maob","GO:0042053","regulation of dopamine metabolic process",0.0184564884293724
"Hprt1","GO:0042053","regulation of dopamine metabolic process",0.0184564884293724
"Aldh2","GO:0042053","regulation of dopamine metabolic process",0.0184564884293724
"Akr1c21","GO:0006694","steroid biosynthetic process",0.0203571764033183
"Ces1e","GO:0006694","steroid biosynthetic process",0.0203571764033183
"Cyp1a1","GO:0006694","steroid biosynthetic process",0.0203571764033183
"Ces1g","GO:0006694","steroid biosynthetic process",0.0203571764033183
"Ces1f","GO:0006694","steroid biosynthetic process",0.0203571764033183
"Ces1a","GO:0006694","steroid biosynthetic process",0.0203571764033183
"Hsd11b1","GO:0006694","steroid biosynthetic process",0.0203571764033183
"Cyp1a1","GO:0033273","response to vitamin",0.0208632870230809
"Kl","GO:0033273","response to vitamin",0.0208632870230809
"Gstp1","GO:0033273","response to vitamin",0.0208632870230809
"Alad","GO:0033273","response to vitamin",0.0208632870230809
"Gstt1","GO:0033273","response to vitamin",0.0208632870230809
"Ces1e","GO:0045940","positive regulation of steroid metabolic process",0.0209964476912816
"Ces1g","GO:0045940","positive regulation of steroid metabolic process",0.0209964476912816
"Ces1f","GO:0045940","positive regulation of steroid metabolic process",0.0209964476912816
"Ces1a","GO:0045940","positive regulation of steroid metabolic process",0.0209964476912816
"Mpo","GO:0071827","plasma lipoprotein particle organization",0.0224219459643528
"Fech","GO:0071827","plasma lipoprotein particle organization",0.0224219459643528
"Ces1g","GO:0071827","plasma lipoprotein particle organization",0.0224219459643528
"Ces1d","GO:0071827","plasma lipoprotein particle organization",0.0224219459643528
"Fech","GO:0010288","response to lead ion",0.0230927873961086
"Cpox","GO:0010288","response to lead ion",0.0230927873961086
"Alad","GO:0010288","response to lead ion",0.0230927873961086
"Maob","GO:0042069","regulation of catecholamine metabolic process",0.0230927873961086
"Hprt1","GO:0042069","regulation of catecholamine metabolic process",0.0230927873961086
"Aldh2","GO:0042069","regulation of catecholamine metabolic process",0.0230927873961086
"Akr1c21","GO:1902644","tertiary alcohol metabolic process",0.0230927873961086
"Akr1b1","GO:1902644","tertiary alcohol metabolic process",0.0230927873961086
"Akr1a1","GO:1902644","tertiary alcohol metabolic process",0.0230927873961086
"Akr1b1","GO:0140962","multicellular organismal-level chemical homeostasis",0.0235533806003662
"Fech","GO:0140962","multicellular organismal-level chemical homeostasis",0.0235533806003662
"Hephl1","GO:0140962","multicellular organismal-level chemical homeostasis",0.0235533806003662
"Hmox1","GO:0140962","multicellular organismal-level chemical homeostasis",0.0235533806003662
"Heph","GO:0140962","multicellular organismal-level chemical homeostasis",0.0235533806003662
"Eprs1","GO:0032890","regulation of organic acid transport",0.0269420322460354
"Ces1e","GO:0032890","regulation of organic acid transport",0.0269420322460354
"Ces1g","GO:0032890","regulation of organic acid transport",0.0269420322460354
"Ces1f","GO:0032890","regulation of organic acid transport",0.0269420322460354
"Ces1a","GO:0032890","regulation of organic acid transport",0.0269420322460354
"Nme2","GO:0042304","regulation of fatty acid biosynthetic process",0.0283122029043111
"Nme1","GO:0042304","regulation of fatty acid biosynthetic process",0.0283122029043111
"Ptgs2","GO:0042304","regulation of fatty acid biosynthetic process",0.0283122029043111
"Rgn","GO:0042304","regulation of fatty acid biosynthetic process",0.0283122029043111
"Ces1e","GO:0046717","acid secretion",0.0283122029043111
"Ces1g","GO:0046717","acid secretion",0.0283122029043111
"Ces1f","GO:0046717","acid secretion",0.0283122029043111
"Ces1a","GO:0046717","acid secretion",0.0283122029043111
"Mpo","GO:0071825","protein-lipid complex organization",0.0283122029043111
"Fech","GO:0071825","protein-lipid complex organization",0.0283122029043111
"Ces1g","GO:0071825","protein-lipid complex organization",0.0283122029043111
"Ces1d","GO:0071825","protein-lipid complex organization",0.0283122029043111
"Rrm1","GO:0032042","mitochondrial DNA metabolic process",0.0283122029043111
"Tk2","GO:0032042","mitochondrial DNA metabolic process",0.0283122029043111
"Rrm2b","GO:0032042","mitochondrial DNA metabolic process",0.0283122029043111
"Ces1e","GO:0036315","cellular response to sterol",0.0283122029043111
"Ces1f","GO:0036315","cellular response to sterol",0.0283122029043111
"Ces1a","GO:0036315","cellular response to sterol",0.0283122029043111
"Fech","GO:0034377","plasma lipoprotein particle assembly",0.0314148886727079
"Ces1g","GO:0034377","plasma lipoprotein particle assembly",0.0314148886727079
"Ces1d","GO:0034377","plasma lipoprotein particle assembly",0.0314148886727079
"Maob","GO:0033238","regulation of amine metabolic process",0.0347144527806241
"Hprt1","GO:0033238","regulation of amine metabolic process",0.0347144527806241
"Aldh2","GO:0033238","regulation of amine metabolic process",0.0347144527806241
"Ces1e","GO:0032371","regulation of sterol transport",0.0354663480951897
"Ces1g","GO:0032371","regulation of sterol transport",0.0354663480951897
"Ces1f","GO:0032371","regulation of sterol transport",0.0354663480951897
"Ces1a","GO:0032371","regulation of sterol transport",0.0354663480951897
"Ces1e","GO:0032374","regulation of cholesterol transport",0.0354663480951897
"Ces1g","GO:0032374","regulation of cholesterol transport",0.0354663480951897
"Ces1f","GO:0032374","regulation of cholesterol transport",0.0354663480951897
"Ces1a","GO:0032374","regulation of cholesterol transport",0.0354663480951897
"Cmpk1","GO:0009132","nucleoside diphosphate metabolic process",0.0372346328552166
"Rrm1","GO:0009132","nucleoside diphosphate metabolic process",0.0372346328552166
"Umps","GO:0009132","nucleoside diphosphate metabolic process",0.0372346328552166
"Rrm2","GO:0009132","nucleoside diphosphate metabolic process",0.0372346328552166
"Rrm2b","GO:0009132","nucleoside diphosphate metabolic process",0.0372346328552166
"Nme1","GO:0009132","nucleoside diphosphate metabolic process",0.0372346328552166
"Ces1e","GO:0070723","response to cholesterol",0.0378188339579873
"Ces1f","GO:0070723","response to cholesterol",0.0378188339579873
"Ces1a","GO:0070723","response to cholesterol",0.0378188339579873
"Fxn","GO:0019915","lipid storage",0.0380174901433032
"Ces1e","GO:0019915","lipid storage",0.0380174901433032
"Ces1g","GO:0019915","lipid storage",0.0380174901433032
"Ces1f","GO:0019915","lipid storage",0.0380174901433032
"Ces1a","GO:0019915","lipid storage",0.0380174901433032
"Ces1e","GO:0033344","cholesterol efflux",0.0415508241911312
"Ces1g","GO:0033344","cholesterol efflux",0.0415508241911312
"Ces1f","GO:0033344","cholesterol efflux",0.0415508241911312
"Ces1a","GO:0033344","cholesterol efflux",0.0415508241911312
"Gstp2","GO:0032682","negative regulation of chemokine production",0.0447422200358934
"Gstp3","GO:0032682","negative regulation of chemokine production",0.0447422200358934
"Gstp1","GO:0032682","negative regulation of chemokine production",0.0447422200358934
"Fech","GO:0065005","protein-lipid complex assembly",0.0447422200358934
"Ces1g","GO:0065005","protein-lipid complex assembly",0.0447422200358934
"Ces1d","GO:0065005","protein-lipid complex assembly",0.0447422200358934
"Gstp2","GO:0071605","monocyte chemotactic protein-1 production",0.0447422200358934
"Gstp3","GO:0071605","monocyte chemotactic protein-1 production",0.0447422200358934
"Gstp1","GO:0071605","monocyte chemotactic protein-1 production",0.0447422200358934
"Gstp2","GO:0071637","regulation of monocyte chemotactic protein-1 production",0.0447422200358934
"Gstp3","GO:0071637","regulation of monocyte chemotactic protein-1 production",0.0447422200358934
"Gstp1","GO:0071637","regulation of monocyte chemotactic protein-1 production",0.0447422200358934
"Fxn","GO:0170062","nutrient storage",0.0454386900791788
"Ces1e","GO:0170062","nutrient storage",0.0454386900791788
"Ces1g","GO:0170062","nutrient storage",0.0454386900791788
"Ces1f","GO:0170062","nutrient storage",0.0454386900791788
"Ces1a","GO:0170062","nutrient storage",0.0454386900791788
"Cyp1b1","GO:0071897","DNA biosynthetic process",0.046323521113044
"Rrm1","GO:0071897","DNA biosynthetic process",0.046323521113044
"Tk1","GO:0071897","DNA biosynthetic process",0.046323521113044
"Tk2","GO:0071897","DNA biosynthetic process",0.046323521113044
"Rrm2b","GO:0071897","DNA biosynthetic process",0.046323521113044
"Rgn","GO:0071897","DNA biosynthetic process",0.046323521113044
"Gstp2","GO:0032691","negative regulation of interleukin-1 beta production",0.0482787318535186
"Gstp3","GO:0032691","negative regulation of interleukin-1 beta production",0.0482787318535186
"Gstp1","GO:0032691","negative regulation of interleukin-1 beta production",0.0482787318535186
"Cp","GO:0046688","response to copper ion",0.0482787318535186
"Sord","GO:0046688","response to copper ion",0.0482787318535186
"Cyp1a1","GO:0046688","response to copper ion",0.0482787318535186
"Sord","GO:0019751","polyol metabolic process",0.0484043240179406
"Miox","GO:0019751","polyol metabolic process",0.0484043240179406
"Akr1b10","GO:0019751","polyol metabolic process",0.0484043240179406
"Ephx1","GO:0019751","polyol metabolic process",0.0484043240179406
"Akr1b8","GO:0019751","polyol metabolic process",0.0484043240179406
