"","logFC","AveExpr","t","P.Value","adj.P.Val","B","deltaBeta","gene","gene_group","chr","pos"
"cg39296354_TC21",-0.289928197169089,0.393552897003054,-11.3658911604762,2.2927697660708e-18,6.0611432258871e-13,24.4201942663726,-0.0492344037145663,NA,NA,"chr2","+"
"cg30043621_BC21",-0.474945149889743,1.73494341727318,-9.37487791335941,1.63070609557169e-14,2.15545916359618e-09,18.1738196215956,-0.0580223838475808,"Q9Z1G4;K3W4T3","tss_body","chr11","-"
"cg32166299_TC21",-0.504682274652561,-2.6136586917437,-6.87543585760731,1.23576520803696e-09,0.000108895218210481,9.75444250682706,-0.0428173152722764,"Q78TU8;A9C450","tss_body","chr14","+"
"cg39296353_BC21",-0.171446335498025,0.125459683909645,-6.52060618527558,5.84390290594291e-09,0.00038622208207804,8.55326370105253,-0.0296088216755374,NA,NA,"chr2","-"
"cg34791132_BC11",-0.594442856768886,-3.51638223956187,-6.01766396024217,5.0829562438502e-08,0.00226393491021895,6.86913991624928,-0.0313482219226298,"Q64378;A0A3B2WBD2;B8JJC2","tss_body","chr17","-"
"cg39400085_TC21",-0.218211133728395,-0.214445026052745,-6.01511325617176,5.13831927844852e-08,0.00226393491021895,6.86067403741449,-0.0375754485493782,"A2AHM4;Q8BYK5","tss_body","chr2","+"
"cg39296471_TC11",-0.290059130019501,2.10481949922302,-5.66810414182153,2.21004327629336e-07,0.0083463547211091,5.7180345899045,-0.0314722972258847,NA,NA,"chr2","+"
"cg40794933_BO11",-0.336728559162614,-0.266828196140834,-5.38774902363681,7.01329943526143e-07,0.0231753603175784,4.81036168652594,-0.0578181005352358,"Q64385","tss_body","chr4","-"
"cg34791127_TC21",-0.272592272971931,-1.05223637750958,-5.27110044249185,1.12603483505699e-06,0.0330398900793245,4.43752154635412,-0.0416303508491795,"Q64378;A0A3B2WBD2;B8JJC2","tss_body;tss_1500","chr17","+"
"cg39296355_BC21",-0.14929921299183,-0.784470855522895,-5.24526160551222,1.24981143366878e-06,0.0330398900793245,4.35535158328698,-0.0238993532107943,NA,NA,"chr2","-"
